BCode,BTSID,Lat,Long
1,26a5430bd567b291cfcf7534153940ee,31.273451,121.681542
2,97ecfd78383fad641c61d4f7284b512a,31.174661,121.52822
3,44afbdebf3d396c98e9df38e81c58c27,31.050708,121.217094
4,8da34095d6277456f4bc4b1f08e076c4,31.108567,121.766873
5,89cac4c28f45f573d71a59337f51c87d,31.108567,121.766873
6,9a1ffd7b69c21186adf423e8f0a37f23,31.116021,121.287621
7,2b0b56fe2a5e965908b355c12d984d36,31.242157,121.568785
8,1c6eeb2930c93e6a13dc06361343d06b,31.231508,121.577691
9,c266be6ef78f116d463648f927cff9fe,31.242948,121.608734
10,ea688b633e92ea48e06cae206375f740,31.134254,121.280533
11,1f44297aaa9a8010dfcf8dd743f47c04,31.100034,121.663489
12,35ea87c67483c8ca6e4c7c4ffb4de77b,31.103853,121.810034
13,8ab78978ce5f326fa90ac243b9b68624,31.187254,121.536259
14,afdcbad21607bcba5d76bce6bba83653,31.298668,121.541944
15,68c9f074eaa0ba61474f7e38048bc8c6,31.209025,121.616514
16,2f4ed142e3419fcd7941df71ac393c32,31.166408,121.569203
17,ba725841ddebc6e74530b4a9f9a6da9b,31.019691,121.249497
18,3f6b4759ee89923c1ad6cc63a8d33e7d,31.112548,121.538798
19,d72a5941d9d2cdd630ce387621d09d03,31.273451,121.681542
20,50f748d200b93ad6a61e7e9a4c047704,31.269868,121.533249
21,0b407eb39b48a0a42ca94128cbb3f399,31.124664,121.323455
22,e8cd71d74b0848a4997e359a70befe0b,31.021462,121.321255
23,fc500020ef20893b266ffb6f4b153814,31.175781,121.643301
24,6405c0ff1fab7ba1bb4868cb75c71ca9,31.038291,121.194794
25,087bd62a377feb26dbe0d98bb1a39285,30.935314,121.733322
26,b00431995da32e9457d09632fbf03591,31.057696,121.207516
27,283fd336275a66c80b1a95ca939c1a94,31.321039,121.453913
28,b1991b5f64ba5802211d75aad17f3aee,31.011886,121.234971
29,c77286229651a2618b735b400458174e,31.215246,121.604329
30,bc36fa834270807686c235ab52bb827a,31.040378,121.255563
31,d080a7d61cdb3de6dfd680b7a78ac186,31.178359,121.279284
32,82be636ba0fef85337bdb0cdbd5f385e,31.019691,121.249497
33,663e0170cfc3c9296dab1528f89c4aa6,31.180753,121.749174
34,bba3ad248cd63e1e0291b5321cd14095,31.300119,121.532041
35,617f42d2f36e9f9f1453f40726e0d95c,31.177646,121.555355
36,98425fbddba6a9e0cf3790723711af05,31.147783,121.366475
37,b81b1b26f4814f5aafd412e9191ff335,31.184888,121.510295
38,bc53781c7d41cc3cf21310e962baf036,30.892415,121.023553
39,883f93807f140111c92d9ea26b1648b8,31.158515,121.1384
40,9e50faabfb752e98bbcf3d217a5fffdc,31.27975,121.497791
41,32a3a07bfa2f4038f07641cc0a230fc0,31.162868,121.448422
42,59a4d5d62e2f2a46b36258177a200c22,31.27975,121.497791
43,38f27afb81863068dde63cb4bc435d8d,31.140384,121.620758
44,354b240ea3137be38197b2246d5ff954,31.250826,121.578689
45,4d4d8b63bfc477796070ac51ab6094af,31.260959,121.562594
46,9c025afa8ab550d632def71596767e23,31.038201,121.216468
47,11fb14b224327e88e340537d9a369e6f,31.232639,121.705254
48,16d8a4fcdf09d7d2795df9ce50ed2070,31.355885,121.375057
49,eb7f2c8f7030376959889a2fae9c3a1d,31.327319,121.462047
50,d68cf3d5e52e31d3033b3eade2c0ef25,31.217074,121.510123
51,ab9047aeefe32a5e5923192954a10e69,31.27795,121.538718
52,4c6f783f0e733e3b8efa0025c4f48d0a,31.221052,121.503967
53,ca0f9f72c8903a609e709190cc52b2b1,31.300084,121.504034
54,c175cd605aa12670b66ef41aa848668f,31.263678,121.468663
55,7a6c6504a82f4c4442663510650daff1,31.069261,121.375484
56,bb44b0a2fa27afc53c4de54e19c9086b,30.935314,121.733322
57,c405ebbee467ce0a45687fad44945d9f,31.100465,121.401931
58,4ac4d82d153504524554d0a7e01ffd6c,31.078561,121.564629
59,3fa23f6fd390a91f8f6a82ae8c225161,31.279012,121.514374
60,fb17e439e553264fb8c81169aa297b54,31.054594,121.339133
61,34ac82071dbbc61a2e2697ef835bf097,31.31394,121.382812
62,5faede8f4a062592ec847c3cebbecb05,31.305522,121.483135
63,0f6306507c48515a0bedee792c8abc45,31.00153,121.235235
64,414879d03cd01beda6896282aed6beec,31.301602,121.487289
65,daeb6601d6ac72572ecbba9c571cc5a4,31.301602,121.487289
66,16149d730358917fc4ab86c6388fde2e,31.252404,121.435035
67,27fd4964e6f60b9b115a098f14d6b0f4,31.042149,121.539262
68,69519302a9a58ee30a88a5f5736f5ce0,31.338059,121.289933
69,378e868daeaef4534303a22954f66f94,31.117005,121.271194
70,b0c5fc8d4a9097ddf6fa2336dea09f7d,31.131416,121.429704
71,cba4bbec39053f7a10f7e918b061a21f,29.526266,119.910488
72,346b2cc048711772c0f088d1faaba64b,30.915722,121.763195
73,2a6cad9f5520882bcf6a1d7c375cbdea,31.19206,121.438501
74,258d5c47bad4e5280cbadced2b17ceb7,31.146522,121.352501
75,f0aec4eb9890dbd30befb85f5a6869c2,30.991472,121.430726
76,a3524a352ae4a504daffc622eee58665,31.219114,121.423499
77,c686f1a276f09d2495f1ed8bb64a75dd,31.159704,121.457647
78,59f71163dbd9aa19788332f1ee7eea77,31.146522,121.352501
79,c714a907822bddccc25e0a9b446901f9,30.824298,121.363989
80,da9bd8f88bc59f05da9a7437d3ae2e53,31.10888,121.390919
81,4a9adaf6d06613c570bd17037e1ee5f0,31.025227,121.44251
82,013eaea900acd07976a0dd3e0e0bb2f2,31.190389,121.457678
83,6f9488062d5c55a039de4be92762b813,31.182198,121.390214
84,784b425282035db64459d56c8c174658,31.242841,121.391309
85,809a6533ee91d8db342f4a470da041db,31.160079,121.37079
86,e1becab95c4c06cf043fe18113bb99a3,31.146311,121.399951
87,4abcaddda743fefbac7c16a2961ff342,31.202912,121.712449
88,0019e53be51fb4fd951e1a817d8c54ee,31.240601,121.442307
89,f00ef387a082f80d3a0d1031afcd41a6,31.203552,121.371544
90,a921080a3e7d1f6a3d427c0c9f8e33b0,31.200783,121.446011
91,54139443c63f2b53d49d96fdf9899b2a,31.221591,121.351862
92,683ba109cd2d2108fc9f2e9d860b468f,31.221591,121.351862
93,88d3345cc765ccd52cb9e5b9bcc03c95,31.266666,121.598298
94,5dbb7c9ba426086981c62a4b0eb2fc1d,31.155403,121.57642
95,6cce12c6c44076f2dcaa5c2e21724da0,30.919334,121.475563
96,58b45a61a74a4dfc48c5101ec60e96da,31.241274,121.36272
97,9a42beb4f1b298ffa4e61fa08519ced2,31.155403,121.57642
98,90197eccb876611cb43ef8e8fd236bd5,31.251584,121.4917
99,641ebaaa2b8b7d9978235477a5bbcf21,41.677262,125.960124
100,c3bfbb926597e8491f386de34b054c59,31.209182,121.752433
101,56584052621e1464e1eacdc901d7810c,31.150662,121.434931
102,107b44c30c837425cac0df41e6c14a49,31.239025,121.551622
103,e3acecc7727f2773d83d8eb5f34f07cc,31.239025,121.551622
104,f11f7639e7a46eda6aa611d0388265a4,31.215664,121.46829
105,d78bfde09c8284c01ae0ab1f8793647a,31.355465,121.412867
106,c0a7d1f6b1f0126fceffc5947d88af88,31.301132,121.177821
107,be0231c87a1cc471ef1d88a67453ef5a,31.183857,121.637321
108,06a33a60446649d03efd0e4a990fabc9,31.03333,121.427385
109,555c369141e524e25ff3c086bd0648a3,31.03333,121.427385
110,3ded421041b41b3dc5d1e0a42eef66c1,31.154923,121.36045
111,95fc8d630d796a4902244d3dd2fec6d0,30.936752,121.470783
112,279dabf2585466b2efd6282dac0b1c94,31.154923,121.36045
113,60c55b9df83fcd58bf710f93cab3ffed,31.062583,121.44986
114,967b3c286df6edb2e9a24510ca3ffe78,31.098558,121.377147
115,c3cd9a31ceb3f018ee645bae3829530c,31.236104,121.375177
116,ec845997a3d9c5eddfc96ede92d12808,31.246106,121.443663
117,112a213eabcc5ba9c6528dd12a0df655,36.406412,102.003965
118,7a94b5ca6e18084dd0f1876f87fa8d9c,31.117005,121.271194
119,121ba6fca3037ca9b0f88abff378bf2f,31.273767,121.222048
120,b1f683a33daa5225896864babf5282ec,31.184888,121.510295
121,dd48448046b78429371ab5c68c3df675,31.264146,121.532591
122,af94ead68537453839a85d827b09c3eb,34.638922,119.467017
123,c347f2460012e7bb74706a17f9f0965c,31.112344,121.480257
124,2d38f2cdda316a97e068a6bee8eeba1d,31.158843,121.127268
125,a5b624c33cb7ff93695b3dedf882dbfc,31.321416,121.215
126,fb7700e3283d77475e911b8b861d921a,31.205839,121.462046
127,d68b565d951b18f3b302cc11c7bbd982,31.120864,121.389141
128,caff4fd5a0078aa71aa505e4d428373f,31.155848,121.383402
129,35e90459185c36f30ceed2686d988a9a,31.162282,121.426688
130,793b0b8f22557a69347a09ab42cec432,31.111396,121.379353
131,7f82dcef07de86d68ad2799e1bc152a8,31.17255,121.363745
132,0ffa369920fdcc114a62f61791e1ca83,31.114038,121.415096
133,7ab7573e2b14415cbc5a5e6556671a28,31.129955,121.336848
134,392006ffb8eafa2ff94669565ac79da9,31.171101,121.507145
135,a98ac3e530a2bbfbe3bf0cc2b08afe5c,31.203978,121.423912
136,a9433a32cacea007e5c9d88e27af6e17,31.031459,121.300841
137,815b5b46f3699f08b73f0c9cd34c9c9f,31.242627,121.730079
138,bee2529eaf3b8d28fd44da85ad96f876,31.184888,121.510295
139,5b9f37b4c9a3c52c9450f2751a92e7e1,30.899117,121.175731
140,667793d42b6cc20052470b6c5bdd7dca,31.094143,121.488864
141,056826db0e7c2a86238987706b43645f,22.522803,114.218796
142,bccd38942e8bfb41e049ee5740442fbf,31.250271,121.406561
143,432d4be4ed35763a4cafb160bfe2a717,31.036429,121.324198
144,c503f1b3f6c3ec9eadf793ef3164f942,31.254912,121.371838
145,5f8c3194e9c324d8deffd5490c1074be,31.339114,121.321261
146,07b2388d0e6429040f513c921260888c,31.247155,121.23112
147,52e914cf92282b7e7a3ea4d1b2e889f5,31.142218,121.413767
148,a04b369fe6fbff2ec96d8f8ff3863da4,31.198093,121.126168
149,fda3302660fc3312589451a525115199,31.198093,121.126168
150,03acb9b44f1246ef231685abe0d62f48,29.263844,115.023159
151,ea3165f08bed03bb8e1f103cccb0ae3c,31.114131,121.394475
152,6fe80cbb5ec2dcf9ab5c54fe4ba92097,31.078791,121.422082
153,a76891aef0c723d89576d3f029fe0772,31.337091,121.543621
154,905b3f94f56c21f4465d96a94cf330a9,31.235929,121.449652
155,9e719b94cb914f4607cc00ec919bc0de,31.282271,121.524511
156,10f91d74831291ec42de621b777b0575,31.381763,121.301878
157,c6406fbb16cd5e84c8baae4d00b4b560,30.948712,121.365593
158,a79a4895f1ca2f0c8f2052236b4f29b5,31.056648,121.404326
159,2d4927c799569eb5fc5298174048ef95,31.370336,121.265507
160,84cdecb5556116cdfcd15ead60a42123,31.230933,121.347295
161,057a15c126484a4c496c72b8ca1c6db8,31.230933,121.347295
162,4d74eeb69287798215c34be0199a5dd3,31.254308,121.459288
163,a6cea3cd9698fa99867740a11552f23e,31.109649,121.402441
164,b4d604a30afa9e6bf233ab51957fdce7,31.382497,121.548578
165,9f994efb54e8b34b14f70ffd0b36236e,31.378285,121.436137
166,ab51e27385fd015afb6093aff08d700f,31.113744,121.341878
167,033d79000ecba1d7a05f8907186bbae1,31.269517,121.498812
168,7b7f9ac1f43b0274ffa1aabe37e28e10,31.066368,121.2082
169,518b438476602d9acf949d4e1e529f65,31.207125,121.299924
170,14b44d0a5f7c93ac8b5c1e82439dd75d,31.19143,121.411411
171,852ae5f24212f2f18e9018df35c6ca6a,31.265321,121.503333
172,e5442186da104e3b4c214934fc64b6bf,31.272151,121.375814
173,d1c39dca3445e3756f40850ea86a8543,31.420016,121.44113
174,634561b5643d1d30986c4fdc2002ef4a,31.210033,121.405714
175,f79a497597d419d82049d752ccdbbd41,31.343106,121.455682
176,38cbe24d8977428e9a00a61042e840cd,30.914669,121.471638
177,0cdd259664f49efb820d087401e4b8ef,31.353347,121.441038
178,7e7518b01183f8b958de2100014c4274,30.920156,121.488943
179,bdb5bbf94fb3b9f71d34c85b1524eaec,31.308964,121.403345
180,317c62fe17136ff990fb3bbb3bfa78ec,30.716044,121.291037
181,f1eea77b0aa9e41c0ade7470b95e0cd5,31.280262,121.364633
182,c7ae838a12b9b7813aef836b4ade2f3a,30.746286,121.344028
183,0f10f89cbebf5321b965a42be110c5f7,30.808567,121.29074
184,7ab88b866a618c2c545d03a4a5ec58dc,31.236856,121.40554
185,8230283378610b0d58230f6759044743,30.751838,121.360056
186,4e02f62fcc464dcecdbc3f975d4a49c2,31.32712,121.254377
187,78fb742df3b9cc3743ecefe3f683db75,30.739797,121.32739
188,3d287d643f5cda7be96918fc1771ddba,30.97935,121.815249
189,337d4c3b582c0c9dc72bd201e8af3318,31.357773,121.508693
190,5abe8e93bd04234af4c0c18875e968d5,31.254534,121.34772
191,8ae6fddef25c6a91eaa173fd06b6cde3,30.731903,121.334173
192,0d79afcd45a15eed0ebe787e5c14e46b,31.285741,121.626244
193,ab98ef60390c62995ae370e149e38b31,31.273019,121.307617
194,853aaff70a28bfd7cad97f57753b440c,31.380093,121.517779
195,4f682ff53e5158fc99fbee1d68fe80f7,31.030308,121.650922
196,600895b7f5ef4290a417f05abc6ff7cf,31.082701,121.448694
197,0534bdb7997a44982ddf7698ee13ec35,31.307268,121.521916
198,fea5771cc3e1bcce2fe406589249aff5,31.285741,121.626244
199,2ee3a2833279a78ab0dbb567ea4e5bcb,30.716187,121.349498
200,e9fb54cba29086db61ab4ce7588dbb2e,31.268642,121.332479
201,50e716b9338a1111d283c32d606beb8d,31.232877,121.48753
202,7a8db7b1a2eb237f2570c32623fedfee,31.319501,121.584673
203,423e80212e576b682d6b119c5c5aa0a4,30.718302,121.314644
204,5980dff63610308b6246603c25880884,30.74139,121.380141
205,0e5c053c70484e07500558a4460cb908,31.247519,121.322265
206,052b6c524b131480b0a4800005cb144e,31.307268,121.521916
207,b0a0ae9bb02990782d43651b7aa9af7d,31.272151,121.375814
208,2f7d74cb9d215e2b7df4e187718759b5,31.202075,121.187355
209,9a1c60b591d76dbff1df5cc607f14807,31.235454,121.172523
210,2bb4312685eef570ac203467df166259,31.150797,121.728702
211,edeb8303358ffd1d9ae74f7eb16e4ad5,31.24822,121.296297
212,0dddb21de6c0058719e95677ebf55fbc,30.943662,121.155665
213,57c0460ea99d310361a5fa07662c5540,31.253601,121.4782
214,f7cf63a018f9da2e2218a72d6ca79898,31.236856,121.40554
215,91a31b6363cbf93b562dc98003c6def6,31.253601,121.4782
216,9faba45baade25cf24bca59d9c0e296d,31.188696,121.181232
217,def1ce1cd7eb1f1a96835e1ecacb6559,31.152177,121.172752
218,21f59b4a980c20da255bdaf11a94dd18,31.342336,121.605688
219,a73b431e6b9f8507e0187cb7ea33ad1e,31.254166,121.224476
220,577c57fc6197338c24c5b9d808e5bd58,31.360292,121.583955
221,b9912eaf7fdf22ef6ace48c3a792cfef,31.228014,121.477667
222,64aefbf40fae656942da28666c38bd79,31.05815,120.970188
223,32067beb92e4a528772adfef1ae04b3d,30.866289,121.103027
224,d5ec8ea29c81ddc4bf363b7e72ffa8a2,31.042021,121.204506
225,0cabed4378fcb849c79fab1dc8ba7c86,31.370654,121.459272
226,4d8d3f5c97f130b20bd91dc243f669c2,31.109666,121.052906
227,5ffe3821c24673d3440e8f58da37508b,31.144812,121.119606
228,b046645481ffbd686b31227500eecbc4,31.312192,121.456456
229,ad3e08558dd87c168bb1a2a3b35992c4,31.119557,121.036331
230,b7819940e64f9e6628ff74fa32a7a8c7,31.414397,121.481621
231,6b1b57d67f6d67b7bee4549449ce7d79,31.349748,121.506246
232,b5a3510406b303f1a1f669bb877868e1,31.319806,121.526248
233,4e9d521372689ddc54bb0d19061a003a,30.898595,121.030128
234,f9b647d44faf6a2c799dc66b4cfe476c,31.387987,121.495216
235,ced45ef4038edd087f334f8ecab6f82b,31.16691,121.115166
236,54a14cb66222d323646649ca2c2a73d9,31.255582,121.363523
237,b03ba4959437798f743d0980cbfec146,31.292661,121.305822
238,565b933233d70b1d0a822258e871a33f,30.889377,121.176142
239,5258458e4f1023b5af1dcd20aedea9bd,31.24822,121.296297
240,5387b313818229a689a69e0bdfe41d0e,31.444014,121.25661
241,adda0ff7c18e22639438c92c2a7ea496,31.355465,121.412867
242,713dc6801d82b0b02c9b26765ba57003,31.357217,121.439635
243,01aa7f990f559cd347302a039a07ef81,31.30092,121.16892
244,02953c2b3429be02bae5afd8ebbbbdd4,31.116103,121.43571
245,54b3f5df68dde6579f945754a9da3a6d,31.127217,121.335543
246,f090ca0472289c73af5449a49f896678,31.318646,121.53899
247,b73ed70329296f0f3c36a99af4ee05f4,31.013227,121.552205
248,002e8ad21a0b3266587ba351187b3106,31.232095,121.20583
249,a3a08367266322331c6c94129e176bf6,31.28711,121.226904
250,8b4727ec66fb17a492f23908dfe98a55,31.33775,121.306733
251,63c4f9711a1182550c0d93dd68213596,31.246059,121.362706
252,52016203db96f2ac471efc17341cf2c1,31.140384,121.620758
253,8c366215ee69a0d0be1a5099bb21d124,31.152157,121.514858
254,7cd462d5215dc0d8f669d2e31fd9087e,31.116103,121.43571
255,4618cf57a3ab2c28fff713dc12991207,31.36124,121.451839
256,d78dd6d6173ced4557fb899ea9f6668a,31.140384,121.620758
257,cfcd2ef2307f2fcc46be04e1534915d5,31.123394,121.278015
258,9bd9e093d808a3be0b84dbe6ca3f8d31,31.456615,121.221022
259,88f833182e60096851f2f2283ea7f0d9,31.17939,121.754087
260,1ae8dfb7afa36df91cb6c00807053749,31.117844,121.402074
261,efd67d0dabe21449277537d73aa9d07b,31.123394,121.278015
262,76c7fda650d3e4d527ab403eb348b8c0,31.357217,121.439635
263,7cf336913be8af0fd1609b97328306fb,30.960682,121.447242
264,9199b99b237542d308865fb7fac75f77,31.140384,121.620758
265,f8079f93857c480cdbbe74d72aa9f09f,31.2077,121.669382
266,d9cdd3c801372c06b2d4a74ba9a34299,30.910136,121.843044
267,5ff39962006af5229bcabbe8965ea5a2,31.163705,121.503747
268,13ad29d985ee6614b35a9d08e6832124,31.274169,121.221302
269,4b86e55647b98a93588db9a9174e3bc1,30.889377,121.176142
270,bdc202e481c99603b723a6da50880a8f,31.254981,121.623923
271,04f3e44e75e82445105b12565e4d57f5,31.263651,121.573401
272,5323eb6df8c08428c802597ab0def41d,30.919796,121.459621
273,7077c69e8736f0a768512d65b49327b3,31.042056,121.720903
274,5d49da2483d0458b05143714dd418b84,31.326648,121.304442
275,7fe0e83c9b188499683dd4a4e9483ff9,30.939177,121.223182
276,1f691aed635bd1cb65ec8882507187e0,31.148848,121.314851
277,720f98de79096e0a90b6753bd2a26263,31.202395,121.6278
278,1c5ec69d061b30dafc8d31e7c876c87d,31.227795,121.254172
279,dd90b8d14f4917852572404ae0cc776a,31.176998,121.423586
280,a792bb0882fdf46fcfa7bea6f8f1e043,31.205759,121.26316
281,452412660e9bc64925c7e174916b22cb,31.273019,121.307617
282,dfb9ee590658e5a85f9b22a5c9e4e965,31.115176,121.36579
283,87141bf532041695e77ea80530a670e5,31.286022,121.497436
284,0149e7df538711fae444093452c66107,31.307268,121.521916
285,56c8093ee89a58d1dcc9ce2aab553d5c,31.069946,121.719641
286,5929c0a32afb57c6b09f935f9ab08632,31.260465,121.461228
287,df2e75463d8477bb473e9f747cddde0b,31.314038,121.509762
288,234be95b00a518ccf785b2ea78eb9e64,31.247519,121.322265
289,1d966671aad8a2736a8220a34b781bd3,31.211485,121.403238
290,d8ff6385af928b96af66956b40ca06c4,31.262756,121.625447
291,3d5d060a964fb6ab2f039acffe9d27b6,31.230109,121.434393
292,74023a75ed6b8a714f9e04e528327ce0,31.045101,121.223676
293,d50c4e2e154c757878b380a3000082d3,31.325382,121.553285
294,454856602b7aee77924f7333f06b54d0,31.031203,121.65009
295,ddc57abbef048bd667c146e1308ca0af,30.88883,121.130607
296,c071e480a9f0c50229979f7970644091,31.134786,121.444969
297,c5b39cefa259983c71d1c7f87008dfed,31.175318,121.181299
298,aba1cd35fea1fc2fb8a77b20768d8a48,31.201251,121.561484
299,fa7fe2689faf27cebd444f929d1fee9a,31.051898,121.769904
300,15dee585744f3cede826be776ad83c29,31.402828,121.48779
301,c3d6c1afd6a8c12e15785c7782be7440,31.143965,121.573343
302,1c9b606a27d86987aed0b68945d9cfab,31.368461,121.372259
303,4c7d5d753a40f763c403aa91fbadb622,30.891482,121.739107
304,d52809e2a30f29661d96e154950da05c,31.355737,121.403678
305,644c3e2a0bbdbeddc311b992842f80e4,31.337218,121.465181
306,0c63038eb3ff9e2f577c166c169d98a2,31.252105,121.56398
307,f8785cdda8b29561e196dfefb29e17b5,30.967774,121.447499
308,72aa794429b8583c40fbca6710953f11,31.215428,121.660427
309,35280501247642cf53220f0a114aff07,31.201259,121.40143
310,d46cfce60c0c928f564909e112276127,31.116103,121.43571
311,164a0615c1bbd961c4ddd4e9637d6c62,31.015724,121.40907
312,a7539062727692d3ecb28157c0be2611,31.276718,121.371696
313,95c5ef2a929dbc59c7fa4c55629833dd,31.273045,121.546148
314,00e0d721f1fde195ef0e8c5eabb9549a,31.324464,121.387532
315,5d3760ef72ffa51747b694cccf99e10a,31.262048,121.458128
316,bffcb1037ea74c7f0ce238dbb1cf8ea3,31.242157,121.568785
317,54c1641bd843963fbf4206e0cb1f32da,31.099642,121.449578
318,dc7ed911e2ead53c3f361bb31e480737,31.270626,121.5908
319,f744a3b2575fd045965191c6b4b5a987,31.159756,121.525433
320,91e25e41dcbe8ed6411f7139a2f540e4,30.934254,121.279662
321,4c953fe45739f2c370fd3df83d6be5ca,31.211598,121.439406
322,f5a03f1b780ef55650a959ed53ddfe14,31.228755,121.523626
323,6ed9dcc084674a0facc21dbb5412b60c,31.030356,121.535809
324,60dcb8865dda384964b38200ead04f54,31.234496,121.521516
325,22711167556fbf9006848de3c61c4107,30.900013,121.049649
326,b18e885f0fb1b78ce7d94c57db485381,31.137509,121.40768
327,4d939208ad21ce1739f9e2ae85222142,30.970389,121.451558
328,71008f2587b1cdd66345742a82b5ad0c,31.260835,121.366953
329,871def99ad5d83f8a76a571f8bd4e77b,31.018176,121.418004
330,660d0b22910bd2f40ba8d7f8689ef6aa,31.359311,121.310645
331,654a522dfd01648c32d2701ffecb51a4,31.414397,121.481621
332,af1ac6b945992a0d5d14d4c45ce1a28c,31.086136,121.507054
333,f4894b6ea75eca41609fa6abc957416c,31.104981,121.360938
334,0b273be05962ae8667fc6ea5f2d34a7c,30.988441,121.87486
335,811ba19ea163038ed1c68f7286c05153,31.252105,121.56398
336,d9108b6d8b59097d7a9a9c66277b8f03,30.723654,121.330778
337,39e73b9169daeea33474aa58e2ca0908,31.260814,121.490337
338,ea0c47076be9f15bcd42421fbc25a264,31.303976,121.474504
339,ff8dc9d5e9d1bd5da4413e55b7b9c816,31.247688,121.528106
340,61f1ea24ac6d3e90da40442045581f48,31.211591,121.499553
341,ef436a1f2c7c98d617c711e407e5e1ea,31.265321,121.503333
342,21b871281269a95b466e8749f967bd95,31.176978,121.499522
343,a686334f31a413e0d308ce57f8844033,31.294508,121.537685
344,6b13731f24d58559d35bcb598f9c293d,31.140384,121.620758
345,60f37ef8e00d18e0d95d3686844c933c,31.423448,121.433415
346,dc0e5b9fa22ed64fcbb5a52466dc1247,31.268894,121.692432
347,c03a6ad231cba8462a2f4c6a9b8546a9,31.188821,121.387044
348,bc72cfbcbaf30885c885fb454d14c571,31.246345,121.45371
349,691f00103dc20f717254006ce7a99817,31.042056,121.720903
350,0df6a1589254fae322564a760b2d5eb8,31.053362,121.431405
351,70a3047fe0c05f1946a68637459bfaa6,31.168853,121.394657
352,4098c57ff3d0a65dfac812d3ce82e902,31.346682,121.49352
353,549b0297e81150ecaf844bf827f82bf9,31.311329,121.495756
354,a9cd44fccbc8db87117d5eebcfe49b0d,34.689694,112.407126
355,a185c5d37a8c6a111ae1094c30885ee5,30.999098,121.447826
356,a574a227c66ac22a37858c3fd8679590,31.16691,121.115166
357,ff4634b135c6fbdab6ffcd3d464d90cf,31.255942,121.38141
358,9784f86a8f0e7a3aeff5ad8c9ffd7d57,31.143774,121.519955
359,b37e616df7793e7eb60c21ff21c6b7fd,31.210891,121.3779
360,ec7c1b27fe54f3e5781c16baf4210a03,31.155848,121.383402
361,36dcb2d4e0cde5b2da85a4ef26999ebd,31.166408,121.569203
362,8293bc711a46bf58b03e6294512d0493,31.125695,121.46401
363,161d160d77bf85c9a62e1f8479eb22c5,31.114131,121.394475
364,0cd6250258c3ea50e85c12ed57f28d06,31.382812,121.242351
365,c4e0ac0fdbd46e4a00731c36a09c8413,31.096325,121.341209
366,50bf0a8e60b1d01eb8f143ddd9aa04c4,31.10888,121.390919
367,291d041ce52f48b0f17fab01d5b9b9a3,26.139329,103.078562
368,544883cd4370ea5633a0ddc597bc51d2,30.889117,121.319998
369,78691b5a36dd3a60a31fe1f4dcd62a1e,31.19706,121.095538
370,2b518ebb88f0d36b9b280ee99e010b4e,31.26484,121.498029
371,16e9d72b5c4dfea6992170737c1e863e,31.273183,121.488391
372,3238ef4da6b150c72cdae18f899fc023,31.233973,121.41641
373,d82231d408b595eb674967f39c87c1d2,31.146522,121.352501
374,c2a90e7593b281490255bfbf1d138001,31.242837,121.455083
375,877a8067c380613119b14c703e3050f0,31.175318,121.181299
376,074c927251806bc29dfabd665b79bad6,29.526266,119.910488
377,146c11ca463eda6733e1d4f89ff65846,31.250332,121.594504
378,396e51343f447456111e1e3e84c57ff1,31.142941,121.443942
379,b737812862267990b9ee5c9a4d8b94ca,31.163459,121.574025
380,793da01251c90ee6445b998e6627aeb6,30.847557,121.226776
381,bc35c7802d9f3d3d90e46d003cc3735d,31.297527,121.376
382,337286984aa47e106b8b0858dc6cc1dc,31.171101,121.507145
383,1668694956e91b0173b0ac47c3cb6828,31.192915,121.682688
384,a4795db9dc938f537f94cee5a45739ef,31.121932,121.33481
385,57df3fc5487924696f84c7ecfcc5180b,31.286632,121.552094
386,5b1f35e3dc398be6718a0556544fb2d3,31.109649,121.402441
387,06ea3775a6bbf3148566ae7c62dc08bc,30.914669,121.471638
388,8f4e281505af8cb156fcf88ddc0769b5,31.141245,121.500503
389,7730019c24cc3bd63a7002a3c0304965,31.216359,121.397227
390,d31afc70f8c329798b6bc50420cd9b5f,31.338059,121.289933
391,f4d6dea2db7b81c5916c74fbd757d895,31.078791,121.422082
392,8524e6d2b4667d818bc3c3908adf5e0e,31.286022,121.497436
393,96f9aa4369da3beb3c676115b1c3b709,31.069676,121.773361
394,bd7a94697dee7cb332f06f2ce0463779,31.06623,121.321933
395,300eecfa5d6b1330b2db0e5ca35c42b4,31.343106,121.455682
396,44ef6fe1ba463b3a00e2f2cc00a20004,31.206194,121.456569
397,2dec3e99e9508128f6ac6badc62f113f,30.887807,121.346419
398,73ffe4daeaa012291fd66f88a6851de3,31.246059,121.362706
399,5e53a821400a65938cc791daf653048d,30.983162,121.054057
400,0126aac37447462c3d48949544888c81,31.201251,121.561484
401,7feffe3293884e90bf615bc2442cc8ea,31.114131,121.394475
402,7a4f71008427b5b51aceb2338fdf550e,31.301602,121.487289
403,fc90a383043ac56b3fc08c09307c0db1,31.414397,121.481621
404,4178a01fbd0906689a867ae2d87b3b08,31.131231,121.398758
405,0230ec1dca2b63f2f0b5031da01839a8,31.247519,121.322265
406,c93e45b47572e8dbe115d6778b0498b7,31.204999,121.471193
407,0b353dbeb3a555e1de552fbd7ec494c3,31.355465,121.412867
408,cf51c304b50a3cfcbbec8c70f7258cb3,31.109649,121.402441
409,13a38d4bece64b809329f0f7fa325c5e,31.218201,121.487151
410,6ec0832eca1dafad9645b1089ef1e11a,30.995864,121.568444
411,169f92e44b3f23d0a00b36ab10bf6796,31.2355,121.417315
412,870de88f3196dafe5c13b0142523ab91,31.111607,121.324796
413,0a887478f0b08d5b60447be192dd1258,31.276178,121.553996
414,ff047df44b83a3da7f42a10f709e561a,31.221591,121.351862
415,02c5c868745f5e2d981502a4bf288e7d,31.182483,121.5762
416,3903fe896bc5bb8a1661d46266679ac8,31.090076,121.406999
417,515db665d000e81c4b264e114842ad6b,31.007327,121.431151
418,c5fac786c2c946b7d5bc487895cc7674,31.254534,121.34772
419,a9e4aa04a5e189a4e41682c26498feb9,31.267266,121.385292
420,551f9a2d40b31e7f311cc0dd320f5652,31.201251,121.561484
421,1b3435edd1c3f5f14baa9abae1a9b04b,31.261563,121.376836
422,5e288f60caf4bd313ca533310ee6fd8b,34.689694,112.407126
423,cdbb2cc2582f02e1993ff412239e013e,31.184319,121.230946
424,2e68f49027a694a0ca36d56bb179557e,31.214683,121.551574
425,a2e0dd6e603ecfccdf67a94651698005,31.318661,121.194317
426,1eb158a512001ed487281a73e45ec198,31.019246,121.250749
427,6fd30582521cdabf3cc251e38dab2e42,31.355737,121.403678
428,bae17e873afc1f88127acd27e6e6a1de,31.000658,121.659325
429,6ae0b8cb2c096d50495f38969f2b956c,31.238593,121.450062
430,e268fb983c4d08b7a1b258ee1a6ffccc,30.932475,121.692651
431,276c76d73a75cf5db9f9cfd28816e414,31.273242,121.499598
432,5559aee55f9f5063396d1abe8ba12e9c,31.235929,121.449652
433,cd2bde4543eda7f006130df0800be7fe,31.176379,121.397706
434,64a8ae61136a9b3aa3e0625a01a7e61a,31.231687,121.32576
435,6143f3cb4d1288d25e3a12545e6f2669,31.13107,121.298444
436,2bb3d3ab603300b028f45fc156ee62e4,31.2676,121.541803
437,ea71c022deb0819e4082b0bfd2beb83d,30.79706,121.431713
438,a983f77d10a87bcdb07ecf488f5a0aa9,31.190389,121.457678
439,d255bb7f85fbb95d3b4bebde7a59699c,31.233761,121.670586
440,2e093ccaafb36cfdf1d9fb128c63cf15,31.214561,121.298904
441,604fe792f942e132d2267468243cade1,31.26604,121.399004
442,0c201f06aa32a0d7ff67e6068fe6f4a3,31.140979,121.586245
443,add6036ad36fbfb5c7f14147af6aca9f,31.286022,121.497436
444,a6d2a04fdd72e9e19bc1ae179fdab3a0,30.739639,121.373695
445,288e235e54a1ea7b20885aae2254ea25,31.194194,121.456589
446,4c76b83ec50de99c5f6a6a84d1259a4e,31.288777,121.390078
447,6717d2b050a46984ea409eeab955f07f,31.405231,121.506638
448,c0bf8c67964728e299a443b3e3f3b85a,31.284148,121.481157
449,c2efa57797fd9c393dbab49a4ed477ee,31.056596,121.721736
450,7d9c810670a698bbe8cb490420b95c90,31.348418,121.427796
451,627b8d2f17dc4d83e1c4e9f5eebc73d7,31.054594,121.339133
452,3edb188df6475a7690dcbc58d7acd5dd,31.31724,121.237444
453,7d4b3a0678226b00f9c7848a9b07d94d,30.900531,121.399787
454,4cf46a69540f17cc6d8184f8269db4fd,31.456258,121.413525
455,83300688ae80574409c3bf6edf13e51a,31.224385,121.143509
456,c5e012ac13459c07b776cbfedd077089,31.133956,121.526289
457,ce95852dd1e706dc3c16d076e2b685af,31.04139,121.741651
458,874b5aa8b035a81f3e27d68d714a5926,31.360292,121.583955
459,247cb80b0479b181ef39eceef8773ed4,34.689694,112.407126
460,54544766c833833016a631ef84f980b3,31.092058,121.38753
461,da514937ca55bafc399f3d3ef5431edc,30.986462,121.409757
462,9995f2d1e2633ba9043aa6c859a88d53,31.018376,121.40507
463,347200aa5be518729828ef9e3073baa2,31.311329,121.495756
464,7b3b4bece6ce3dd7964e8f6a062365d2,31.246527,121.534982
465,4772b91c34e2f50836fef2a833e4568b,31.095884,121.350551
466,b59454f1a76782217e06c21c02c5e352,31.158843,121.127268
467,053102b78a5495e4b1b678edd0a88969,31.105352,121.438535
468,c08ce012501d4cc983c1a7ddc6be52ef,31.230287,121.557116
469,0068fcff3197dac425a06891200ea38b,31.209025,121.616514
470,497cb927839845ff63f833d8e2d006d7,31.209025,121.616514
471,6ba891c5aeb8921ba9cda4e75d1deee7,31.149677,121.729053
472,e3a32ddeb3b0b2debe99646095ef5693,31.174053,121.282683
473,d1951546e0428ea9a724d335ba3fc6b8,31.287814,121.355886
474,4bb7ac52ca30b3095398d48329a006da,31.300084,121.504034
475,93702b091774d2a03288afb19a2f8c5d,31.189335,121.781953
476,72367db450eb43da3e5e8b9b435b583e,31.102445,121.413911
477,9879b342740c4a0734867f92e4476ba8,31.236856,121.40554
478,890d1b0acce66e3f497b1e3f38ccd2fb,31.395915,121.363062
479,11617f34276c23354abd85e865e0a85c,31.314038,121.509762
480,eb0e6a39e5ac3d9a2f9376010c6247a5,31.27431,121.448589
481,2c1e2654fffcebdca9a1753970763660,31.146311,121.399951
482,3a8c7236d0ef0fc37c9d8bb94417d649,31.214209,121.659493
483,26e7f22833e720e326d80ede9c430c62,31.109806,121.242241
484,d6f76f168d5ea5a9176098d42a45a93a,31.146522,121.352501
485,57ec951bde737466587feaed0d806a11,31.286022,121.497436
486,ee753adeb6fd91a47b53019423107e56,31.370388,121.187891
487,9991006cdd55c8cfea709aa6cabfc5d5,31.368461,121.372259
488,7aec79b709dcfd7c385ae5c4bcb65945,31.225266,121.444323
489,cbe0f937bb966cf4a4954488eb74a2d7,31.242514,121.493696
490,ec413cfaff858b751c690dccbcd089c9,31.119806,121.071074
491,71624e09a5216f35eac66c33294de3be,30.910136,121.843044
492,882a0d75ce783f772b2c002f536b57e9,31.134786,121.444969
493,f03125c666c4dbe2b4ede13b5cec8970,31.173856,121.350522
494,6ada94810d77e60ca370596bd3d5d505,31.105352,121.438535
495,40421f9d6aea2906cc126ccf37ee9a92,31.190168,121.467092
496,2291510b13ff5e8b89a1a4d4e900adeb,31.306089,121.474725
497,ac0ad9ba27f473ddb5c01fe5d1ad9965,31.206547,121.306923
498,e79af10dc5a7dc95165da77b73604b7d,31.260555,121.410883
499,857ce47e9c20c380b99428fdfa4fb31b,30.877822,121.548349
500,178dfcd754057b80af401b89987172d7,31.273019,121.307617
501,bf99cafea8dd62350183afaa4204a46a,31.27975,121.497791
502,ad87e35a389142d6fe98e4f03789f94e,31.243013,121.416207
503,668e45952c08b23715bf08ba6ac82a32,31.337262,121.473928
504,93a19ef7f4457c7acb8a74b58eadd870,31.184979,121.31046
505,cf722016d1f2a1169688ce0268340f6f,31.33167,121.440751
506,59d11ce58987089d291cca71ae00804a,30.73407,121.350673
507,a724988845973c5f415773a741d049ec,31.146311,121.399951
508,5b8d359b5434aa0ac6d7d13d2c864e0e,31.395438,121.472743
509,8945f61193ac0b5c02ba1a3cdd52e31c,30.98383,121.235077
510,b8c1d506e6d5edd9e303766e1957dc4b,31.181381,121.688934
511,6893fe763a1e5eb55f0ad686aa94717b,31.355465,121.412867
512,18877075c46fb32dafb6f38b5ed22fcd,30.746286,121.344028
513,93c75110f215c1dd666a6acb9365fbbf,31.255905,121.430231
514,b1290948208c66d546d044a5c464d0a4,31.073061,120.970637
515,db41f75ac4da543ee9a79a8de202d434,31.157536,121.203337
516,cea4712be8d91c9ab5030994f4426608,31.326138,121.48973
517,ad3cf99372a9bd9eed9f5e09b76b37ef,31.319077,121.331853
518,bd2ad443a7aceb677ec0bbafbddd28be,26.139329,103.078562
519,479ed7eb8f345cc2eefa1671cee1d385,30.90387,121.433071
520,95c54990d302fbf26bc4b56d96e074da,31.378631,121.277965
521,027afadca6f281aea64c5b2875abb738,31.206089,121.105074
522,5287998bb3bb7d6e75d4de28695b95be,31.238561,121.455041
523,84ad36bc27fbd8a82a4e90cdd9c44518,31.365408,121.245027
524,29cae3dc172d0fed5084ef3289fc9d4a,31.120602,121.581473
525,dcc51f51cb417e9c3386917750fba672,31.202395,121.6278
526,1995a5f8ff5e6d7a33f35d6f20f67fab,31.209905,121.37472
527,0540dca92a4255b5880c805b2ef19e02,31.236104,121.375177
528,91f1ebf3ed0d4742d2389f3b22f6c0a6,31.260165,121.541462
529,949ed1ddb63a7ffc39b7fdf253f82f42,31.108876,121.345256
530,2af78e37255d1d14fc7f8e400c9583cd,31.229334,121.368291
531,39ce0dad2144026fd9a75486de69cbf1,31.262746,121.517701
532,64fa01777fb90a546de7a9de139e1f2b,31.288777,121.390078
533,716c84358c31442409dd30d5278a4681,31.247519,121.322265
534,c50f5a5de38d3009e207f492d4ad8362,31.189701,121.543143
535,cf69ff70afff7651a6612db4ac6a583e,31.208108,121.41483
536,9720502b9bfacaeea02d9213c7bb0710,31.051898,121.769904
537,e506e510ae75f2585b685b1a08814e4d,31.344291,121.487858
538,30377933d94f43d1c4ada5a2c0b73a29,31.265,121.48958
539,b3e6e1983dd47e79a0eac0376bb76bde,31.355737,121.403678
540,66f8eb85dafd365d6994289220f07b91,31.276718,121.371696
541,8cc9f6c6d24ff7483b123b1393babf85,31.198952,121.70244
542,65df27c7503930ba39653b0d061ab212,31.280339,121.402957
543,a35b6d25c3d906198acac383a08dd603,31.215428,121.660427
544,f2db3eae277a42cd99eaf2cb94676ef0,31.19232,121.142889
545,b0fa765f331c16e38e1816062fad79b3,31.162282,121.426688
546,62f156eb4e5bd14cc0fb59661a777c27,31.197909,121.426542
547,60723ef851eead11bf914c72627de2f0,31.015959,121.227509
548,793f7ed92e1ebaef4cf81b91312fb30a,30.938138,121.327668
549,fda85cf5b1c022ba1a648177b618c3f6,30.716187,121.349498
550,e132802e1aeef8173e9ba8ae3ba57048,31.009423,121.245898
551,490a58c2bbdd067cb6a451d339240d61,31.250332,121.594504
552,c03a005e7594fa90583bd59feb8732d5,31.163432,121.354451
553,353bcebf39ff772f8391083162734666,31.019982,121.244295
554,6a16a78fa57154226f6768106cf2c662,31.207205,121.482691
555,7bc99dbdd59e3659306f2832f6404e91,31.092058,121.38753
556,917d04991c7c2110866c606ee3034568,31.215428,121.660427
557,37319f06a25e1cdfdd16b2a63436548d,31.202395,121.6278
558,49b093cbb931c2b3a4264934077e320e,35.379598,116.072359
559,b0b105171d1a730d904ce73f83c5e772,30.908583,121.656169
560,4ffc77a9853a1d547dc48c6ba8799733,31.268894,121.692432
561,89f9f8ee08ba4cb6f2d25924a2da9b54,31.057069,121.599172
562,8f542b40b7b5991b1968c89884d63f77,31.204614,121.432408
563,2e9b6c43ff57468c88b140a7a5236869,31.164195,121.330502
564,3f8214d9d42138dc4f5219bb36d99779,31.086916,121.387535
565,eb5c4619d90e30c0702898b72c3b1c27,30.908583,121.656169
566,dfe85c526dd5979b7d1b85d31baa6f96,31.217372,121.460724
567,8ec767a80409b6354bb0e848fd7e9bc1,31.311942,121.54204
568,a7b23d984f9ee04cddec0ac65db53daa,31.233201,121.469528
569,4f493c685c1dcfa827060c043cc4603a,31.150662,121.434931
570,a7c6cbaefbddeb1b08aeff1217581df7,31.200882,121.446511
571,bd52fe424c694f62cc53637547983eeb,31.13756,121.339005
572,5e9283e9893de844ab750055f61ef15b,31.277512,121.287969
573,828b3d252f0454a04f8f8fc766ebf22a,31.196266,121.537132
574,70409a6d0a503fe6b502093c726ee453,31.348418,121.427796
575,13d9405adbf2ad34a1e1bf6a6fe353bf,31.276317,121.524794
576,d3498f0e1664a0b477e647b8e92e6f7e,31.182415,121.381272
577,af0bf6287f538bf3318133c9dc0c6b10,31.080824,121.390896
578,ab338b8d8f9a32b637ba68dc2f116070,31.263762,121.481215
579,7bcb71272ae8713e869c7a049e966ab3,31.12408,121.716759
580,fdf7f1db5a97bc2a8482726fe1720548,31.25007,121.546845
581,77ae82d38eb7e59b03092fe5005da740,31.114038,121.415096
582,c56fb07e3408acae96942b25c65106d3,31.269929,121.453419
583,2d39af14c1d9ae073075acbe9c0ec350,31.075231,121.436269
584,4b37a484ceb45fe800d51461ba507195,31.356238,121.568226
585,17eada0bff32eb2f0d5f307b1f90508b,30.87706,121.856429
586,715b094295a09a2e4934d9b7cef30025,31.378285,121.436137
587,1d49dd06a8bae642b9d7b91e70b30b96,31.086916,121.387535
588,dcf39ea838f0d4943444c20085d27752,31.252264,121.38269
589,01eec634cb575897a18f5d92b03eb8c5,31.167947,121.670231
590,558e8f9d4674d46e1df80f1863e6cf34,31.266679,121.539067
591,b10891acd47dcb6986fc3ec77ca63e20,30.844397,121.528845
592,044ef6617c8d4b76a3112d0a9e45d159,31.186465,121.429887
593,4fe6be146f9043753588f671e3f4c7d7,31.396351,121.44222
594,81e2ac9b77fdf60b11dc826688a076f1,31.344675,121.443963
595,c234edc158dbc7f4db0d310afcceb775,31.211107,121.59082
596,aa1bdc19c9337a2dcf878738983d7859,31.164195,121.330502
597,f9b6eeb6fb3a744ea2d10bc915f09ba7,30.998611,121.216212
598,cb6241decc873df0972dd675942f151f,31.270362,121.612773
599,3144c0e237bff4e322358612052866d4,31.163705,121.503747
600,04fdcb85914662049253067aa05958af,31.066368,121.2082
601,3676ce744178b70dcab5b4789df11af8,31.277512,121.287969
602,c83cef9da78dfe381673a2caea81813b,30.874287,121.67603
603,37bf7b75da36238ae6e6fc06455c2fc0,31.371694,121.443832
604,c33bdae8bf11a2590e5f0ad3a91dec18,31.311942,121.54204
605,e7ceb4050104b5d4bd9852052d617a69,31.19107,121.554321
606,b726666e9f531694768405faa1431f36,31.19206,121.438501
607,c637cf3fca41b85cd88d7a9a889b2758,31.25393,121.455087
608,4d893f939db30d6a2379d54286e2836e,31.280339,121.402957
609,79a6ba971a95dcad5c13d38dc1e6487d,30.941447,121.293964
610,44106fe290ed80c9764eb44d8444f293,31.455174,121.413981
611,428bacc69e8ef52cf6c44e6209879679,30.716187,121.349498
612,ea08d90175f0689263c7655f8f4215bd,31.241739,121.537288
613,d9cccd59cee3ea4796f669946b966b94,31.259633,121.594477
614,f8206ab58b9bdb070673f7050242e9ee,31.237872,121.470259
615,6194fc1086dc93eeaba53990ab376ff4,31.127217,121.335543
616,c9d6ea9ac8ab1c83a34d55aa451cdf29,30.903508,121.331287
617,29c2bf030a647f142731633fedb48b0d,31.214059,121.37764
618,b5c12ec715a31bfdb4b18ac7b7e1bbbf,31.125467,121.581832
619,5cf16e82be3c7fcd9566d233ae0c0a9c,31.230933,121.347295
620,91605f95e5c445810d4029a5d56d368d,30.715526,121.351073
621,7928de82e37c72a19a66fa91ce3b54e4,31.025763,121.541983
622,a61cfc3935fe35a87a5522a8efcc19d1,31.058092,121.235964
623,9fc1683002ee24685a33ae9ee923f024,30.73407,121.350673
624,3f306141694a092abbf8e2595e08ed69,31.285698,121.612262
625,a91d9a6636b98d39e50e669d9b3bf442,31.280339,121.402957
626,405ef867199a6fd7f9bb33eef78586a3,31.208346,121.544892
627,3eb4bee0d2df359ee0729fd304ac3d1b,31.040378,121.255563
628,a03a3eb84b1d11a6b6d85ec3786db52a,35.379598,116.072359
629,153f40621244547f672d7951fb1ad380,30.93817,121.865652
630,ac6d6fb9a5a389d73fbfcbefbb2fc568,31.338059,121.289933
631,a0a9cc4993826232f77d1a2d7aef8c7f,31.352538,121.490272
632,30f6fc1b34b46bd01533caa7f459aebe,31.241274,121.36272
633,5040ae1a27f24ca0bf28b9ab4d443bce,31.24448,121.37062
634,8efb1db07de05c4dd6a93981d1d46ebd,31.112548,121.538798
635,472c1be72ac53c5397674096754f545c,31.152157,121.514858
636,3872c239ca4ca2b87d684b9a4a7242a1,31.195139,121.385973
637,f5daf48077c47b7c96fde763215a4b86,31.211598,121.439406
638,d9a9a127b93fcc003ce1c8c457124caa,31.178359,121.279284
639,67f65f153e3641e7fafcc1127b7d5408,31.018176,121.418004
640,0f1225888b1a7dee8d5aa7541e6d9948,31.251239,121.428578
641,fa71f0873cfebbe16d17ec663f7c6bb8,31.382771,121.291756
642,ac068c3dfa03c44fd82e79965b255b6a,31.265326,121.394456
643,093e4eed2b6530fde8867c8c2481421b,31.244102,121.437744
644,9c7378abfb7199c70c2af91a9dabd02d,31.17023,121.337413
645,c70fc4376f49be905377d91a06a67ef0,31.274536,121.097082
646,7f5a773f00ce1d400a0a4e2d5c65d400,31.147783,121.366475
647,627a2432aee296d18695b1f5fbf60b2f,31.143297,121.132883
648,9eb04cb7be5568a827ba7d0a9198254d,31.155384,121.771585
649,76c7315edd7ced7544e041bfab135bbb,31.246097,121.39928
650,9e5275373644fa90858d61764c1decdc,31.154875,121.131226
651,54c45661563caa5a2a6bf096bd236a04,30.867598,121.198612
652,4c73786fcb4622d33c781835cc263bf3,30.915722,121.763195
653,d859b4d0cb8f32ebaeccf0379f49e050,31.298668,121.541944
654,778b46e55d7bda975fa41435d596fd36,31.124664,121.323455
655,99da5065eec07d0fbf66b01ea2557efa,31.158559,121.319801
656,e7de8632bf8b1fa0539978f30d39091f,31.296405,121.392803
657,886efc2d4e6279f20becd27a01549293,31.116903,121.595022
658,ffe48cacfed9354a1187cc6167427f27,31.344675,121.443963
659,977efcf27e1b352726ba0d298630e12e,31.190301,121.566862
660,8cde4549e969a246620544db0296dd81,31.294393,121.497298
661,9f4aa6f46dd4db0ba0e9ace479d499da,30.860668,121.470193
662,6ded7b38ac76a0cb6a77591a74328468,31.058407,121.330724
663,0518d28406932e697f702f87a77e7a8b,31.150483,121.491401
664,8c3a1115acdd9fd8b1f862443ff7ce93,30.860668,121.470193
665,bf9f63c6fd4aaacb4a67693172378504,31.282514,121.343407
666,0bb50652a00caca5a6ba11a0d664025a,30.983141,121.540945
667,1a123eed0b66847d81e264f87dedb1d2,31.163201,121.11139
668,2fa838f05a4561592741564645a55f14,31.233973,121.41641
669,1e0c1134fae828d451be3e01cfea0957,30.900529,121.246804
670,34d0fd61956bd0a03ff357b8af76e749,31.201279,121.709485
671,195f06ce40fc74d4d354cb5c5aeffb9c,31.268663,121.428101
672,7f5d5ac23f77002bba350b43727a35f2,31.151539,121.41109
673,326c08ac7d2a969fbfddfba1a6543f10,31.132785,121.413457
674,901efc942b8e06ff54833f4531a80ede,30.932475,121.692651
675,9bfbf315f06e95cc0353d80c57035f88,31.272162,121.459351
676,4ee26351db49ab0acb6151f8792dd0bd,31.152182,121.564661
677,9edfd9bb6f9b35b9de0574746703bf91,31.179835,121.429502
678,57d0cfcf8d2240a17eb354030111cd6a,31.452354,121.33861
679,0d66a2dd2efbbdef8f52ccb3c0726f20,31.420016,121.44113
680,b96a4818d885453794106bdb9585df40,31.148773,121.387158
681,b376aa080dc343d037ac1cbe33280498,31.29992,121.669771
682,d80f3fd48c3f0e03ec954e6e0509a79e,31.177646,121.555355
683,b299613cd5d3e27465a870c6adf870a9,31.073134,121.317814
684,d66defc6d2af71f41e001353d3e2fbdf,31.134548,121.39095
685,9e378bdd3d2f5809c3b933517dd4976c,26.139329,103.078562
686,6c5b9e83c2c328707710f8c5965b94e0,31.146311,121.399951
687,519d2cc7cc15e78acfe845b7ff4a46ae,31.287814,121.355886
688,f75014075129c667a68cbb67ab702533,31.206194,121.456569
689,22c7e81941d01e1b5ad928da125cae6f,31.213015,121.547755
690,1709f1d6ad0d111ecedc9e64ab11437d,31.252404,121.435035
691,ebcb6455581d676a207f82aa3ddbe603,31.095884,121.350551
692,08f206cb52fe657b247246d066a6cb9c,31.03732,121.18963
693,d7d2149a5cf2ae780dc7663899a04d87,31.312291,121.46631
694,110d788b068716bf9349381a5aa86842,31.319806,121.526248
695,4ef5be59e3feca947b33b573353c3137,31.140384,121.620758
696,31792d920d5c1bc4f0ec597b4dd5b8c1,31.233761,121.670586
697,df588d7699484b05e0f65642d7c845dc,31.223004,121.465956
698,86261223d629017d3a2f3146c92e2021,31.236728,121.42407
699,596dbf2a34059c965ae785557463e3f9,31.220649,121.35994
700,d0db8701e610c39ecd21964fc9ad4bd0,31.124664,121.323455
701,95635d6070a00bebc302b1da79d44ad8,31.294508,121.537685
702,f35a3c1a64c0cfc8b7ed18c87e69d8ea,31.265321,121.503333
703,2085945cb43863d416eec267d9a45acc,31.348418,121.427796
704,249ff6e2754b43df165f7f99b396b052,31.118723,121.248449
705,1daef75c965d6c0c393b02aef6a4c1ed,31.311942,121.54204
706,ac8ed71d8c77e8c83c3f394f52cb514e,31.140384,121.620758
707,3643568a693fc16261753e7cd2d2d959,31.125467,121.581832
708,d34f95322dcffa7382a2041a8b14e4ae,31.207205,121.482691
709,e614e87f1807127d63aa2f4f611a3ea2,31.222233,121.623547
710,141eb2bcabaac4e19ec8ec09c68f25a4,31.184888,121.510295
711,ab84ce4c45fb3816d813c7981a3a24fc,31.273045,121.546148
712,d375a7aef5eeb6dc8f01540f06db40cb,31.045516,121.216817
713,731bb2a9f9159ec0880d7621ecdf11d9,31.258255,121.471554
714,c6a6c700a4aee3126e5c7648e5fc205f,31.236862,121.355595
715,fbfde96bc5c36837ec061f57e82a9080,31.16346,121.405127
716,ca1784fc7b619682f156ece56c29d6ec,31.315825,121.532151
717,e9c99a0b2664fbeb0b845b950b442584,31.29092,121.359453
718,a38d579f525ff517c8a78b918a9f7766,31.042415,121.482986
719,de0a8484d45800a79443996a136a5855,35.379598,116.072359
720,3b0282e14d1517f2cc3284d8bc17d34e,31.220434,121.408625
721,9f009e4c3e0e28251ddfc07776fc1c62,31.131231,121.398758
722,09638f35493ab400d63cd2688a7d0660,31.248587,121.277434
723,12f054b75cad9d9122be8af73c7db857,31.26338,121.433161
724,e56a57f1bb18022e09985cc2a84c0b08,26.139329,103.078562
725,7a5364ccceac796fd9b0575fc60aad40,31.10114,121.181649
726,8d5c70c70c0eb8f05f5d9ea60fc50c0a,31.142865,121.330843
727,56b1537b3f6f6cf890d1932900ae268f,31.175318,121.181299
728,57b7e5570114815a25b4f612c48d9de4,31.196135,121.558528
729,fb4d9770d1bfaeae45df8164e7668599,31.132785,121.413457
730,b6d67ae70252e923888f05ac46ad222c,31.284148,121.481157
731,fac89088f13a5a81c797fd3a1a0364ee,31.323091,121.364299
732,19eeb03f82a2e0ae8cf9abe98b2c81f0,31.307268,121.521916
733,46db2aa2b4a90abdd3afd62e5345b9ca,31.159304,121.358718
734,ca438dc1397c3f6983c80d28ca9e98ec,31.211574,121.366182
735,b6b4c96198a3891485afe931daa8046f,31.223665,121.458791
736,57b9027c6f0b495c2bc0ea91c97767d4,31.371694,121.443832
737,a9a7aed99cf2f13451e6365c86868c1a,30.87366,121.082631
738,ac6aad94586ee41c8f21d59486c4b616,31.108567,121.766873
739,6ecef04712bb30c93e68cc8799bd3752,31.276982,121.460649
740,64571492044211addb8b67ef3036bfb6,31.211485,121.403238
741,14dd83247d8fe9c1f486d7a0f473755c,31.078791,121.422082
742,bc9a9a9134ccf0736ab1d0c307dff1eb,31.311942,121.54204
743,cd46f8087d2d205836427638fbb41601,31.163705,121.503747
744,815efb9fa9e7067c8b97acd41d71e21c,31.370388,121.187891
745,a4b51d8b7820245c0175b7e8e59336c0,31.324905,121.29416
746,c2a26f09736c458196d2d7f84dd8087e,30.79706,121.431713
747,e43ca3f05890ca5942b7b2837ddeb5d7,31.157536,121.203337
748,01abfcd356e9084b6db0a2b4b23ea89c,31.163432,121.354451
749,a356f2566e8d494aeee6c61bca522370,31.155403,121.57642
750,1049331c07b835de50e5e10dad3117f8,31.327488,121.437837
751,cd5aac5520a72d9d8c074bd78d0bf932,31.378285,121.436137
752,9f0139f71ed7b4d7a40a6fdbe522d38d,31.111607,121.324796
753,8ccb29d6ebd6a5a4de4a552af169fd0a,31.276317,121.524794
754,029d4ebe5120b16dab83f4d3d39c47db,31.092058,121.38753
755,be577097dc382c591505a97763f7804f,31.173856,121.350522
756,5fdbcc95112c3f98e7e182c7cf85af48,31.327049,121.443238
757,50515264a460244951d549d9c474222d,31.311763,121.21253
758,adbb9af0299a7a269289d15eac5bd99d,31.197573,121.454035
759,0278219150608c42c742a77563ac649c,31.318661,121.194317
760,5a73843124d66047b89ecb5e1bf0c10a,31.384186,121.484871
761,c5b3f331b04b094c49234f57f70bac91,31.048845,121.231719
762,adf4ffa22a3e058454f4a76e135adc86,38.052584,114.484137
763,e18bef443a81defe4fa15e8e004e7980,30.898595,121.030128
764,6fc221709e9c944e33090746a5bc69a6,31.020065,121.23311
765,7e8510df7b6b57308ca71a4f8207d566,31.117844,121.402074
766,2815a3a47e75056cad8d7b2487144396,31.155384,121.771585
767,566f7da0f9c9c352aa0bccee2a93c139,31.125467,121.581832
768,e924444b74be743613b864cde6cd952d,31.015452,121.154814
769,6233f26b698f85cde965526279ab3f00,31.217372,121.460724
770,31d352c61e71240dddd02015df8ab8df,31.488248,121.349833
771,6391859645ae42ac9fb1caf375236d9a,30.982046,121.207872
772,72f0f99c74aaa9c008c1e2dea563be33,31.042021,121.204506
773,7903680fda659bd45e5e39287faf223e,31.211574,121.366182
774,59b8a16152f1a23a8728d2c1442bc322,31.174661,121.52822
775,556ed10578bccc248c92ea4814ca579b,31.099755,121.009542
776,3051138bd88a2b3c7918bd4cf11ea171,30.705762,121.33512
777,051ae958f3c19ca0f810fd7b91f33d73,31.044065,121.537499
778,fc8691fe239a4c1645ef2641abe6d7d9,31.280262,121.364633
779,4718a326c588b249a22aface26f28e11,31.17605,121.431225
780,62f96ce8f5893e6f74de9fafc8e80c1b,31.387389,121.431922
781,e0084495627a036c928633cf84eb625d,31.108567,121.766873
782,9b9f68af796dcb8ffb61cb5722ebb60f,31.146311,121.399951
783,9f63039eb80589ba1096734418891b1a,31.042056,121.720903
784,d41bdde95d6461592eb1dbefa23b1e5a,31.366638,121.43543
785,e43ea7f42243a3dc51402b5ae6b5217d,31.190185,121.443475
786,9948eef26cfbc1c747de01fcf25615f3,31.230395,121.46599
787,5a6b36312a251184c23d07f15dcd5f2a,31.209025,121.616514
788,2825d0a5e5cf4afbd3891161e62f797e,31.357773,121.508693
789,ae3470c7dfd07255bd9c5645a0471068,31.213659,121.504661
790,01a02425d234ea13b86debb558c70114,31.202075,121.187355
791,6b1f3d81540bff939adc6b53c42b390e,31.155297,121.573504
792,9d8102b4ef51b98072c91c347121a2bb,31.140384,121.620758
793,01ffea2dea978fc3112d8e3b11d8eeb4,31.403259,121.447841
794,c1585e7e2f7c3b8a80dbb5bb67067af5,31.254111,121.408424
795,85be934588b66370a8b633685eebc269,31.148773,121.387158
796,6c4a8295b9b6a8ba5ab1233e29d60162,31.276982,121.460649
797,2f1d3f26664f2ddc20522b25040545a6,31.130862,121.091425
798,55a006ce29e58276d6d1c8e76d6121be,31.382771,121.291756
799,40aaf9214114b104894dfce18308ef06,31.158559,121.319801
800,12b517db5f5e53fb4f23d9012b78361f,31.209644,121.56447
801,e3441fc5bf360be149930664c166eeff,31.292661,121.305822
802,87095593a5e614b367ef0c086b0cfbd6,31.216371,121.601926
803,6dd18b87752d84c3d92dc45781f5d2ac,34.689694,112.407126
804,bc1a45f08272ca6a5f1e45b552d47dd3,31.276982,121.460649
805,f0e3d234d54a5c4c71c3cf882a976637,31.215381,121.439262
806,b4e25b177d1fe87dd398771bc8a67f59,31.05799,121.626154
807,7d45743f1497960f898314dbac5d8c23,31.158202,121.389411
808,d07397c65a09d6163cac2c9d642f3dbf,31.132785,121.413457
809,5fa5728f5ef56867ed4374b88a6f7f04,31.208346,121.544892
810,3587029c86f8cfd9aab2de5cfdcf475d,31.146311,121.399951
811,fc775e8c4dd819f88215893272ab6599,30.996346,121.297687
812,7d25642d9ef948a7e407dae879a2ff77,31.208346,121.544892
813,969d5b5b9c5107b8112fce136f136dd1,31.155344,121.2025
814,204a152783f2d2fbf9fc27c1181a43df,31.155297,121.573504
815,6e59e1810c9a7f47a3a8757b494d3d14,31.260465,121.461228
816,e00a334cf20932d91926a541b4d2752e,31.31394,121.382812
817,2389409b1946a51e538c6e0ac094f856,31.247519,121.322265
818,fb557341563a6e9efdbc78381c5fc389,31.405231,121.506638
819,ec152b379b6db95ef6d372d52f28324b,31.146311,121.399951
820,5f1621257f1701c5f6bbfdcba411b502,35.379598,116.072359
821,5dcce78af3fe48c96ab43c6c6992bedd,31.094914,121.43682
822,106c9c540c0f3b59a61f6b8d861db162,30.999472,121.378674
823,7088aa51959d1da7ea094a4efa62dee5,31.112548,121.538798
824,035258893fb081430c5a7a9c6634cf0e,31.124501,121.32791
825,5e7d106adc4a313357afdf5d29c7539f,31.210843,121.491168
826,4557ca685f3f2e31df8dc9c30c286a8a,31.051898,121.769904
827,1454be52e9f8179d37ed9a7662155c58,31.367578,121.31858
828,df11e558a79937ea52ac9c2c9d0e17d5,31.066368,121.2082
829,b19843d2533573299965a6ba6c392f71,31.177169,121.445517
830,a9165ad05f5bf90d4dd3f348bcad51a9,31.232002,121.359292
831,687e6a6386dcedd0d9338f686f841c00,31.248587,121.277434
832,7e4df1b65845f5a129631873e8aac505,31.344291,121.487858
833,0716bf38f4442ffd1d083df59b42d987,31.168938,121.54333
834,cbcb33caca3fe8fd7e4f83676f0d6cf4,31.045313,121.844791
835,b2c619c09ed251004716240a0a5c5ac0,31.403259,121.447841
836,68aa6eaf9957c0c02e3aaaa04c8b05b4,31.181381,121.688934
837,d916394ee58f51a610fb694e19e6f328,31.151539,121.41109
838,58c1522926f6865a7f02386c0added16,31.217476,121.494788
839,afb8a4d2295b0807ea14e195515fe317,31.262448,121.504717
840,e380ce933dfd5940f9e3881708166231,31.241014,121.48529
841,39d55283307e8b8969cb779f070e659e,31.311631,121.354326
842,9d57c618a7f9a0a4c7c8b9bccf02f540,31.217968,121.41467
843,fb15070957c7a688e3320c7c62fba2e6,31.311329,121.495756
844,da5739babb2b29a803df4129d4ac5130,31.327049,121.443238
845,10b2cb8986fdf149abfe6e5b1ecb3f94,31.117005,121.271194
846,9b680d0054860dbf4ec9c95ce02535c6,31.023902,121.350511
847,992c6e2ca149ce9bb3a1eec1f398d7ea,31.224226,121.43839
848,7f3538457ad7d89229789f57c1cbfe69,31.154923,121.36045
849,a1745a98ed10b865d826f0f3e9218df0,31.242627,121.730079
850,ab155bfafc8653f97a60c134d0a35817,31.222119,121.454078
851,5f7ac91b2185e8ff6303a94d17c02371,31.111821,121.385462
852,380b99eb39227870e6eeafa68060112a,31.188821,121.387044
853,c48c7bbc5df45ad7b746c36e7fcc3acb,31.173856,121.350522
854,096b90d56f2a29b01d2ea71a9dafcdd1,31.430211,121.28239
855,cc3e97b50599d4ae932a2e60748e2e0b,31.117005,121.271194
856,e6893f41ab8262765af32141505665f3,31.265705,121.420959
857,132cbb755048d7a3e430639198d68a9f,31.121363,121.369095
858,fd96d89d67ddda23a38282db0e96a617,31.162868,121.448422
859,421c693ed5535fc796939d574850c7ac,31.06623,121.321933
860,1aa453e0f065db6d516f3e676c7e2342,31.263651,121.573401
861,3a911ca7a033664dec0e19b510b9b158,31.131416,121.429704
862,0fd8a212e649e8fb5c1e8119be066de7,30.829105,121.180127
863,ac8c84a25a00b8c76d150e20c0f91727,31.125764,121.562057
864,9d846d7e5b593ac1a81035b3dd77e290,31.3397,121.298473
865,6cb88eabfd0aadb57f3a2a59dac94c07,30.915722,121.763195
866,b1dd10e3128cc2f52597c1c851c7247a,31.047975,121.785062
867,454d9b6a7c1156086d44f2b72b21a06e,30.799332,121.268825
868,138d14e02fe3ffac18cb09aae69e1e0f,31.277512,121.287969
869,b3bb85f7b0d033bde14ce3e8a52865ac,30.832601,121.445485
870,dc88626f7376bdc3e14a72037c32bf20,31.211591,121.499553
871,afdf57460f03910837af4ed0eb5700cf,31.048845,121.231719
872,29f7f861f372b807098bf266b092d557,31.131231,121.398758
873,c609875ac76d7eeba5840d8a397550f6,31.374842,121.264224
874,02e5ce68e3ce2800b50d5e629f3545a6,31.275929,121.473484
875,d32f5c4ad31ed5dab33ed06de9da79dc,31.246527,121.534982
876,baf0ee19d33367c8e040c94413d8e05e,31.181485,121.520026
877,3ae3f1883d1b0502e7dafa3ca4572d05,31.115176,121.36579
878,2a2380bfe11030c79cfb9816f91a6b60,31.326648,121.304442
879,002ae10b9ee252e76e5f3f5ceee29c0b,30.895699,121.478289
880,d2d1ea4d7a3f3e92da03541d293af340,31.281813,121.354285
881,432faa73fcfa5263f7ccb2f24514038a,31.248587,121.277434
882,888a708dd1b650b2c0346c4ce856ffb3,31.056648,121.404326
883,81e541d39212c29c832cd24140b1ca79,30.919334,121.475563
884,5a8ebce60096b52d0bdb2f1b7b337ce7,31.402222,121.493387
885,91d708987d61ad7dbdad08e5d3d5255b,31.204343,121.407018
886,15ca6de596c340d351143f3147724284,31.153746,121.504388
887,25e3356c1239c34794f6f7f0f4b4097f,31.102,121.462298
888,f0e5deb4a4bf46424dfbb11a62a41624,31.074013,121.407487
889,0893adc50b4ef1aea2ed859f6f89c0d3,30.908583,121.656169
890,90ff4ffb9a44a57f9972db4a51f82152,31.191674,121.699103
891,2ead6b38a114d7d55a94622c211e8dc0,31.11674,121.586334
892,5419e4594a26eb97ed9f22ed30305f9b,31.108567,121.766873
893,6587dc65af3e981b420f685fa808781a,31.01294,121.637001
894,0c07f67b625f7a8995fd11d519a9c777,30.832683,121.481868
895,73cb585b08186a5abcfe057b838e5231,31.137143,121.545715
896,b180a3f3fc51b436d009d5714bac8b3c,30.915722,121.763195
897,3aa847acc572dfd7c0510b86fea02e3f,31.235453,121.653548
898,a565f77f552eb4417d17ae2c92e6b907,30.74139,121.380141
899,99fff3f4b363c84ffdc025f2df2281d2,31.094914,121.43682
900,d04b1b5c5beb5864b6146555006107ca,31.235929,121.449652
901,e93bf4e59fd6f48a071533c4b180683e,31.405231,121.506638
902,77c98e1da38768e369bb43f6d8038cdd,31.318695,121.410448
903,ec117aba1b1b12d4d1dd5e5521631d64,31.124664,121.323455
904,4670e5a8bda03ca4a7c01edbd587c145,31.420016,121.44113
905,8a5bece75aa51d008a60134051ea3fca,31.32899,121.323419
906,0702cc3486848de698c02bf7b55e7006,31.32899,121.323419
907,edaf9eb27dbd9589c8d3ab8e6a932ff2,31.318646,121.53899
908,f12f95209f6dc8d4d4fdf5492dfa12c9,31.034322,121.601024
909,ec1b4d86fd164d46537a50ad4a946836,31.24641,121.548541
910,5403dd49ff45622d928a958912e39692,31.153746,121.504388
911,24255bef815468018e126927e5dd776a,30.895699,121.478289
912,a1b18a5c1faf10512d9ca1caaa750959,31.226966,121.53174
913,391f9e68e947482f3759d24b066e1f4b,31.219133,121.524846
914,7852ee07a0933fcfda536b8c93b871ad,31.276317,121.524794
915,65c80b41313df02cb273e497e0d7b023,31.261563,121.376836
916,146ee125530433c7b81fb54e89b55ccc,31.205759,121.26316
917,815201901e951cdb1e03bfdd09b2618f,30.954604,121.333773
918,21f11afc095215bb20396879c5492093,31.162282,121.426688
919,c019ebea65618a554e71f065f460c922,31.311942,121.54204
920,c674c6c0a19a0c424d727a4ba5221a44,31.159704,121.457647
921,024ba4670a3d9598b31b440a369f68af,30.884387,121.408648
922,9f74d902aebfeab44ed7adafe6687b5f,31.331242,121.225906
923,69ddf04539828b0ea102b7054fd3e33b,31.263762,121.481215
924,e019b59c4ddd93af51c5c50237e06cf9,31.30647,121.492925
925,891fccf0af22df9d5b0292f1e5b831d8,31.051898,121.769904
926,aaa2eb506ae7ff2e5d8cfc7596e646b7,31.128227,121.45441
927,a14a274f4e13517c7cfd6a5a27fc3292,31.203031,121.443586
928,b889509ee1033f1bd5b07e2cb5ab891b,31.176978,121.499522
929,d116fe972b611f126579a6e7f7210284,31.214767,121.444427
930,dd14268766b4f6b2a047c109dcaf1f27,31.121152,121.141999
931,21e8dbbeafb8b9a3d0996d13dbe5f6e8,31.239726,121.139516
932,de69840b045f80bcba22dcd7c23cd1c9,31.294378,121.567937
933,655fc4c61e8fb673cda57608acf27bef,31.292717,121.482235
934,669dca062d22edd21c6669f5a26c9cb7,31.020065,121.23311
935,8a3e134dba1b536cd4ad041944bcf6e9,31.063923,121.353076
936,0facad50bfa72863ad8cf53a01b1bd99,31.045101,121.223676
937,b997af043f06801d6c29bff4f3ed475a,31.111607,121.324796
938,2cfc164c9c80443bac8ad4e0f54e8283,31.082701,121.448694
939,23bf6467037f2bbbc7d914f2f39d264b,31.344675,121.443963
940,c24ce53820a163f1406621add1823f27,31.215246,121.604329
941,30514a18d3cd30994b79db6eceb536cb,30.797557,121.356113
942,7e7d72b212ef02827718e303ba3ff1ff,31.280867,121.656939
943,0779dbe56bb19fc8b0c9c6c3f0e33ca6,31.294155,121.418063
944,da587582b4a49a1b3b23d6d8ebb05855,31.174661,121.52822
945,06eec185addd8eba7ee76f6bcf8279e5,31.245624,121.522839
946,9106310cb5b19315ef575ce5a09af603,31.22121,121.411568
947,e567880467014e4cd7c766fb4068bca8,31.250674,121.47282
948,8c26116d7b3a1ea3bc6c8e3466068e59,31.192915,121.682688
949,5b760a69a06e572a4bb128578a84091f,31.219114,121.423499
950,4ebca7be84b3f65ca6620986eaa058b3,31.300693,121.496182
951,2ff49888938581a2df5d6435477f93a9,31.175318,121.181299
952,8406fa959c90f71b63dc1e773f4456a1,31.054594,121.339133
953,eddebea836ae8113aff638f28e94e215,31.305522,121.483135
954,d4e0f5d8fe3048d071e12d7d8d3b0b60,31.098701,121.582178
955,f5bc452a46b997ba9732e34b71cc38fe,31.268894,121.692432
956,fe90b675418602b0015e52cf70e0aa7e,31.117844,121.402074
957,0ef9bb5928a4c8c2e8c6bdfd679e4dd4,31.209644,121.56447
958,e7cc33b2e9745b5c0f79c31d994cfe88,31.232857,121.475333
959,7ddd15898c583ab545ebb1361e95280e,31.22135,121.391319
960,349b7daf2555fc531dd6911622db30a8,30.739797,121.32739
961,ba78af7518d988d4c44e05b86dc47f97,30.950067,121.449083
962,e4217f5b80c5ece2a1b26bd8e0566f32,31.100465,121.401931
963,42decae99101dfded17647a2e6232e0f,31.355465,121.412867
964,52b3e414514e38a5b57d0cbb404d91ad,31.297527,121.376
965,2e32a3210136f557738f005086331aa1,31.152182,121.564661
966,5aa052bfc337d017f9de9c7f57a17058,31.082614,121.523874
967,a4d664ad0e09b929b7b60a0b2e50afb9,31.058092,121.235964
968,07069149944def2e006cc2812cbe7f15,31.2317,121.546506
969,2372774715a7ce726a06aba496a43809,31.127837,121.380654
970,e7add47c035482d17e9c5b31976328d5,31.220809,121.305363
971,8143acb71a037cbb3415b87d8c21e637,31.175621,121.317835
972,90bc13a8c4c6384484a00fedb29094ac,31.045101,121.223676
973,18903cfc23ef801c194310a3cf02d15d,26.139329,103.078562
974,e6f6111ccc1d746dc99601256c70287e,31.045101,121.223676
975,4177bad77df5914bfdbce6115eea3ed2,31.194792,121.466884
976,7680fae078d4c19fafd3cc7e0971bc14,31.146311,121.399951
977,0d1203a5a03cc66d7e20bcdc5560a051,31.318974,121.412838
978,56987a61b95afb9d7cb04e26e19ad769,31.24143,121.475172
979,0b8a6535cb42a0eb13caa72483ac0b57,31.213015,121.547755
980,c1c276e9f95f9e855dbe67fd49ecda22,31.205839,121.462046
981,bc183f7a85b50d98f87f3e65f53cdcda,31.19107,121.554321
982,b5bc357f0bd9c5cdff4a2f2dcfc31929,31.13264,121.32443
983,87f70a487621f3b62068518a68dd3106,31.299261,121.578516
984,fd60611c34ccf193f2656b7cd1a9de6f,31.247155,121.23112
985,820378875d33efc476228f8b980efa28,31.270626,121.5908
986,e8f703ab385cf9561e637b6e49df33b1,31.31394,121.382812
987,9edb67347ca5e522c59a538321860672,30.932475,121.692651
988,2348e53af45b1245687dad3ee103e2f4,31.24143,121.475172
989,0f79d1b6ed26e626b800643208412f2d,30.715526,121.351073
990,1d0c85731347302a1ae5d678dbb1c960,31.098701,121.582178
991,a4765e754260993c4620d4541a01af79,31.229334,121.368291
992,c294700bedc585d90cb6fe010d407695,31.01613,121.203009
993,7a1f69c3eeabde3bcfac588974bad345,31.292008,121.36941
994,01ac809aeda994a210743b0c041c8fdf,31.311329,121.495756
995,4143fdcba15b9df759a43063c1eb9708,31.19382,121.49524
996,7213e885a7cc0ebd1b273ea3e3bd3ed5,31.337262,121.473928
997,eeb6d04018b8a4c78b6c00dd227ff7e7,31.23301,121.442524
998,62ee76a9ecc1183cbd11f7e7025a56b7,31.28023,121.543164
999,ad1ecf2c427a8464a577badb6d44d225,31.373346,121.135761
1000,91401e241182b24be52adb85123f183a,31.154923,121.36045
1001,891a42c605c3db9d5c321e070f406ec8,31.32719,121.53013
1002,bab79dd52d86dc237b168957c57e4db9,31.140855,121.360032
1003,e44321e653457adb53baad8bd319439b,30.898527,121.22367
1004,934254ff4628617c1813678255cd1337,26.139329,103.078562
1005,19269b05ee10612c0aae40a1d0752a8b,31.205813,121.413544
1006,c65172fc893c2b9cde893bff4791bd3d,31.274564,121.51979
1007,22204e7929b65f1133e5192480bc2563,31.181485,121.520026
1008,943812c24fde771aa562d46b3213d23f,31.131231,121.398758
1009,d9be5dc6bd5a5f03df480ed53da0d196,30.739797,121.32739
1010,2ca6aa2da6cff95923ad0b8ee8ff77ea,31.202883,121.476296
1011,191d9815a8c12b96d07cdb0f7f33c882,31.318369,121.407014
1012,4717e70e2654f1bb4007699bea9c8954,31.157536,121.203337
1013,45f32894342e7e095ae41f227c9de78e,31.220649,121.35994
1014,70721446e2e22d5bc5772a707e266ca0,31.116903,121.595022
1015,49bf9fff21969ef82f40fc73e925479e,31.140855,121.360032
1016,17d938cccb0a76f8f24b3d45ccc007e7,31.171972,121.140685
1017,9d2a2ecad52ed834f23ea1defbc71868,30.866245,121.343018
1018,05df1b02f1c9c878a1a19b921c8ea652,31.146551,121.235394
1019,7cf17398247840a334afc848a59a5311,31.326138,121.48973
1020,7157142256ec64ee07c4b38c451a56d0,31.370388,121.187891
1021,e523a31a67b7d8d0b7ec93957bc1d33a,31.281567,121.557955
1022,fbc7275d9d247a59b36dfa74cb597aa1,31.108876,121.345256
1023,c442d4bbe625c3af1ae93a4cf7941b35,30.814573,121.352883
1024,87a7b4bfe6e1190fa2038a503d09ed82,31.012926,121.423939
1025,7f57b933faec50502c2b532a19e2c424,31.122978,121.704554
1026,b2396133170b4dcc4013d31f563c1daa,31.371366,121.236234
1027,ca2127bb27abe47ecdba57ac1e6b621b,31.260429,121.426787
1028,c681a1ef406caf455f6535779cd80df1,31.236728,121.42407
1029,abf74a23e68cc753db256b93be9c3ace,31.035283,121.246093
1030,cd386b5d7390268638a8bef90c3d3636,31.242157,121.568785
1031,0e2ebc7e3ab1e3445054e839743bd3e7,31.197909,121.426542
1032,a963a1997311d775e2aefde86b60f9f1,31.152157,121.514858
1033,cc8dd1fbbd2da370bc77cf30370b6388,31.201303,121.434409
1034,e3ed83bddd2b96ecf0f59abbe342df27,31.164195,121.330502
1035,f14d68e5cac7b840a568926ed26aab53,31.276178,121.553996
1036,0841d1eeea200d1f289a9f92025d19c5,31.281363,121.459935
1037,56a38caa300791ccd675e4f8937986a9,31.227933,121.45361
1038,e410bb7b2c27e63f5dfcfe1c586c8e92,31.274417,121.257132
1039,b6f11a26170aabb49062f79b03818bf2,31.198048,121.604048
1040,b0c9ec8526d1bf6874076a19c0d46ff1,31.116903,121.595022
1041,da15fdf5375061425d6b2fbba29e184e,31.32719,121.53013
1042,c0e1aa421fdf0c1e46a3471d7aa12414,31.301877,121.353206
1043,101d82fd7799cf60c3c841b0a1b7dda4,31.120822,121.29001
1044,6c0a8ebe9c006a36ff61258ec3e304e7,31.337262,121.473928
1045,07f3e24675da7c644e534759d9f33e84,31.263651,121.573401
1046,d361ebcec3df31143fe2a124926336b6,31.146522,121.352501
1047,b13685fdc52f083e9c5817ae1afde6a7,31.2077,121.669382
1048,7b2f82a476583a00954e99b13aa75e6e,31.349748,121.506246
1049,a7f16a5623bccc9244c7f2b4a513ab03,31.225092,121.38464
1050,9f36c625fb3acfe59a5a58e2c989c113,31.285698,121.612262
1051,595a5e5032ad807ac8b49591ff63f362,31.051247,121.480621
1052,d0a03beaa2e2aa282f08ef47c5a07ab0,30.97935,121.815249
1053,d42581b74db964aeb3e1a0210bec28cd,31.303478,121.55082
1054,a97c237eef1b7a9b74f8fbfb1a658281,31.225207,121.452948
1055,c77f381a65d657532a33b43f7070b6d5,31.181485,121.520026
1056,7e55acbac34d8fb04377d62c618d1126,30.74139,121.380141
1057,55cf9912ea552d625f397ff6b1514085,35.379598,116.072359
1058,83a9ca99c48aecd6888a8d19a6fc69f9,31.265705,121.420959
1059,0a46696b95098a9bc94ea71fc4ddfa70,31.156874,121.348458
1060,5d3fb9769f9794c2817cdc22272c7f3b,31.176379,121.397706
1061,0fb6287d10d630f2702f5e3530283634,31.072213,121.658885
1062,dff5bea55dd7429d9b1b85e3830e998c,31.264146,121.532591
1063,795c07baa44a1258a69b0ce8ee30675f,31.299261,121.578516
1064,0099411fb9dc983fbadb7540d9a24362,31.222233,121.623547
1065,e9f731d0782d0a060cd06609c6bd30ec,31.183857,121.637321
1066,2be62e4b717b7e88000fe1987947ca84,31.211598,121.439406
1067,1cdc4722124af4efee2c9349af030ccb,31.042021,121.204506
1068,adfeb4eda87ac04ff24b2f34c11b97bb,31.072138,121.661831
1069,edbc063dfe7a9af416a16317633edb29,31.282237,121.42091
1070,dae66a3397556710652034ac9a7aa88a,31.225831,121.412695
1071,8a8f03debcbeeb99485bcdf87ac35fb1,31.228755,121.523626
1072,57ec2b32f6bb8d349e194fcd51deced9,31.152157,121.514858
1073,46ff9cc9d0d975e4209d1fe3720133ba,31.239319,121.265377
1074,ff8700509e2732a4f99bc21ef1f1e6d7,30.731903,121.334173
1075,8ae21ac9fdfb4063c229c6986432db28,31.16346,121.405127
1076,247837a3915ce11360d1d10d3e2cad99,30.908583,121.656169
1077,5a0fa5a707fd7941b56802077dbec897,30.914669,121.471638
1078,8ce47298ba083af5173bda321b7fbda6,31.127879,121.452728
1079,6cc5685fd3f354dc5f4cb6c55ac5e3b5,31.278892,121.710661
1080,b6240697efd8d5b4ad686032aa42620f,31.208346,121.544892
1081,9bc1d6eba42c995089e811939f2d8e85,31.260814,121.490337
1082,cb67110ea0a305d40d5f5535e26ed895,30.898527,121.22367
1083,845e7587bdb8d307f5070d8ab5e086f3,31.187254,121.536259
1084,64a05004cd240d8377abdc014fd7df7c,31.230287,121.557116
1085,13e141ab72297c421a7c1fda6621924d,31.207679,121.489691
1086,7165919815915d113f0341039fdc3fef,31.126339,121.573213
1087,fad96c85216325bb48b0d56533963cda,31.240587,121.402322
1088,4a0c6d90907bf09785b7f521410a2dae,30.79706,121.431713
1089,6b8e8ac0bd92248b5564c27e79343606,31.149677,121.729053
1090,7bf7cfdb74a183c31ef3ab07e4f0074d,31.19332,121.430385
1091,51253f4dc0d032ce841c8aa7d4a9be68,31.216526,121.326846
1092,09fa62d6b318b7426bc92bf3f84f7198,31.073134,121.317814
1093,10147724e59f117ef5b9dec6b9e2532b,31.355737,121.403678
1094,16dcd2c012a4a590ef7aeaac7791024c,31.260465,121.461228
1095,6a14d92fea3b16cb48172b04c5dbc6d3,31.228014,121.477667
1096,3334d7fe13deed1b18235c8b74cc4e7b,31.085146,121.589124
1097,7f4852840d0e1002a765cd11b989c351,31.195907,121.410659
1098,f41a91977d57cf808499a48db3a6b9ad,31.174053,121.282683
1099,a9d80ff1e11182e382c133b83d3ccee1,31.266743,121.481644
1100,a2da6c74deccbb0d2e8e85e865936285,31.312291,121.46631
1101,49c278099f949a01b0c6b8a9f71ca4c0,31.124501,121.32791
1102,90958563cc290887f9d0908b6b4815ed,31.17255,121.363745
1103,8a7f094ca1bce97c702b71750fe147cf,30.831909,121.397355
1104,9926ed622b4397bf997eaecce25a9caa,31.273451,121.681542
1105,583464895461cd7aa6046afbf673df24,31.145439,121.417433
1106,8b16f0419dea2050fda6615eb309b553,31.215081,121.481286
1107,d4cc45bef50cad2f6b809bc15bd3822d,31.307198,121.511929
1108,98c82a4ab63f0e6d4036a3da7aadf51b,31.043159,121.420296
1109,2fd0304885d5b4b1e7a1cc47ca5ff790,31.161027,121.722478
1110,2ad0b5e86245104317e12bd1fba86548,30.829105,121.180127
1111,6aaa75602a2f4e10bcaec55b23298a94,31.078791,121.422082
1112,8826c491d2e34330231e2769831904ba,31.030806,121.396875
1113,d45a0cd0cde43a1ccababac102658af4,31.279012,121.514374
1114,7a1628f1e98ed25bfaaf89194e45ec70,31.307268,121.521916
1115,5009165d05e544ca2c40d0394a30b8d7,30.998611,121.216212
1116,2395860f4e78a0cb8fd3b6169cf1cd0c,31.133956,121.526289
1117,7c09df9a5e16c3c790623020a9f8d1c6,31.222233,121.623547
1118,efdb0c85e80940b8612a52f90b22eeb5,31.087306,121.275545
1119,4c4d4ebeb86e4dfee9c73518c30d529e,31.240478,121.526884
1120,6c37d23d96b39cd41ebb244854339cc2,31.29992,121.669771
1121,a05b90e79bc88b22bf3eaca8dab3febd,31.146522,121.352501
1122,ee5f0bf3a147daefab1dfdd332994e22,31.197656,121.463533
1123,b024c5ce21a560840d9ce313844dfac6,31.140855,121.360032
1124,e4719dba90533963ee96cbf62a62d47a,31.388641,121.444174
1125,e7c87b79adcea46f748254f87d7e4431,31.181485,121.520026
1126,ec8bb01872ccd65064971926df103c80,31.242365,121.503571
1127,e825637af14f33c9af3ac0604eba1928,31.171972,121.140685
1128,18155791e8204f16fbf44075fb115f63,31.179835,121.429502
1129,675baf8b55c2a90554f11bfa31ef1e16,31.245624,121.522839
1130,d1024f229990f9b7250913d493688222,31.098558,121.377147
1131,2da68b55ba9fee0478c14e04d3eba4eb,30.824298,121.363989
1132,6657003641d98084a9893ffab013212e,30.948712,121.365593
1133,fc7dca90e4e3c35fbe74ee5f1d77f340,31.365408,121.245027
1134,4236ab3b2f8589a2cd79d4c206a8fa3b,31.285698,121.612262
1135,ecb90de18036757859cdf5cb9195146d,31.159569,121.145966
1136,1a96680d5f70e778ff1ed1358f8fa547,31.282237,121.42091
1137,3a5c79d0ef81092e53565adf0d3dccf8,31.323091,121.364299
1138,a49c54a2db6f9ccfe423f988a5c54afd,31.323091,121.364299
1139,34f48cab1ad8cff7014957e98ca638d6,31.149689,121.531301
1140,0bd581d005925cf588f7056aee0ca283,31.00948,121.4998
1141,627bc93769695e0e20670ffdba0baa9d,31.211617,121.486703
1142,ca8484c8755a16bb5a67f32dfa7fe244,31.244559,121.724977
1143,cf259a41db61078eefab43a2855c1dd9,31.03333,121.427385
1144,0010eb6cd724b3d5fda54cbba05c23f6,31.179835,121.429502
1145,e38939ef7f581ab4804b7a15bfc9e438,31.245663,121.449725
1146,e8efa9cb35767a42de46dd8cfefe8ddc,31.285698,121.612262
1147,564cb1b3f8ce38306991bc92cc649609,30.947965,121.640593
1148,9984f9a69e75353f9f2e206b20c85169,31.10366,121.420217
1149,2d479ede3af809e40fe7684546e9102c,31.23423,121.119889
1150,a9ffeabe92d63f9869ca105ba745f4d5,31.137509,121.40768
1151,6763b9c16a3ff958d3140dfdb3ddfccf,30.983966,121.737727
1152,9c6a95f2d9619ca3e7fd2188c49875f8,31.015452,121.154814
1153,7981bdb3d1f9db7ae78229ed88c918c1,31.358748,121.52806
1154,14e8bb10ddc5d765d04c6dde1c8c31b9,31.202075,121.187355
1155,324f547da284444dc45587e639862475,31.27975,121.497791
1156,c23556060e2806ad636abf5cfbd09317,31.456258,121.413525
1157,4f50c7df97d5978b66a297a1667d2d1a,31.295347,121.515155
1158,9affae39264e03d6ef1e8407c3ea23d8,31.095884,121.350551
1159,115f965dbcc3eb6814363e04c4b686de,31.108567,121.766873
1160,07afcadb5059f69025dcf89afed7fcc6,31.149689,121.531301
1161,17be380154b306a752558e3664f01666,31.155403,121.57642
1162,0037fbf514b9337a03594e0c3484cc2e,31.203978,121.423912
1163,0320480ae303283ef0e0ea794e399ac3,31.312825,121.491112
1164,ebd78b5d1a0871538a34066f2e3a32de,31.11674,121.586334
1165,561718750a4a3273b8987f2e853db7e6,31.158559,121.319801
1166,e0e9deaeaea072d7074d020411a5df87,31.157241,121.418919
1167,cc93cf83e234d56aba889371742665e3,31.203978,121.423912
1168,3aabba31cca18231d985d97059ea4c20,31.288102,121.122551
1169,a9317150b663d848b36bb019e58f47f1,30.999098,121.447826
1170,e3fc07446021b4793c288525244d7c90,31.122623,121.433813
1171,8d55c3149e9f5c8f9ea7c0cee2fcc2b2,31.131231,121.398758
1172,b622ffe433a587a4489329528ca5dded,31.334449,121.536876
1173,a7e4666a78f5ba5db363c7af31b1e024,31.273045,121.546148
1174,5539c4288d0d0e358d9562d4323ea6cb,30.730296,121.342643
1175,3a0597173c443d1ba67554e39ae8916e,31.344675,121.443963
1176,489c3a2e2e860a6999a9c0497228329f,31.298177,121.473198
1177,f9c38f82076c615bc7f16aa7d596837c,30.898595,121.030128
1178,cf775c71087880bd8ce6a04ec3132737,31.129955,121.336848
1179,9be74feabc26056661a04e2eb95b2978,31.085146,121.589124
1180,fcac7c0e17b90b809cf5fc2c0c07d05c,31.215246,121.604329
1181,4729ffccd24ea927653d4e1ff7aef33c,31.155297,121.573504
1182,f64552d3012daddaa7dbea235075bc60,31.190185,121.443475
1183,8ad6b4aff402c3441709448b8963282e,30.795602,121.152307
1184,41e90d9dcbcb05c8165916138a599693,31.096053,121.518157
1185,0a094eb4bdc3e9a9510b23aacc2bfd5e,31.038291,121.194794
1186,3c44d4a6a66b9785c1b68d03a1595f6d,31.343106,121.455682
1187,a2452ac3d7496c6a2c88414d959372b5,31.217476,121.494788
1188,6f638a7a791b1309ab4adcfc6f47db9e,31.423448,121.433415
1189,d8a051065aa88912a87171ce51506ef9,31.252404,121.435035
1190,2069bb1669fd012736be5dcd3128c4bb,31.327484,121.406697
1191,d8975370ce73ca32566fbed59dc2bde8,31.263678,121.468663
1192,0f6a2c60820d724af1841ec78a7152e6,31.250734,121.487731
1193,3318851052affd1489067125b1c33ecc,31.171972,121.140685
1194,d6dc216f9db03ee8b8519e96e9099cfa,31.264477,121.44249
1195,8c57774ec171618d07ca1a1c6ff2b7db,31.163705,121.503747
1196,612e4d8aee900eac8ca7bbcae9ba8f6d,31.337091,121.543621
1197,4122f513a8a270c1425ce0152393ee37,31.100034,121.663489
1198,10a091cb8c57ee22073b20e543923d9b,31.139657,121.298915
1199,c517ce0721467a2d8a56fc66c8aded79,31.077825,121.33981
1200,a9ba76b7ef2b544420cd576e212131c6,31.192975,121.449755
1201,3d0b2c7f9bed59ef1a3a818dfbd5de91,31.2317,121.546506
1202,41b6817ba9e82528d473579e19243a5b,30.947965,121.640593
1203,6f7e2e2f80894763e1623eac7269f6b1,31.223004,121.465956
1204,006bf788a8b098cbabf1788701a0227d,31.297281,121.505124
1205,b5e6e5c2c6591ef2ab708da7b3682886,31.326648,121.304442
1206,5483d5ef1a482e3641a5885b2cd93957,31.25821,121.479271
1207,8b963362d23d3e5964616bb2f3b8ff00,31.114038,121.415096
1208,819c35eef58a90f8f5ea3d605c0d8557,30.918205,121.509992
1209,fcd94939be3b6713b3738316d48d78cf,31.216359,121.397227
1210,0c09afa4d90a1f98d0e8c48bb895da85,31.191674,121.699103
1211,b4885362cea4c434a94742cccc19f11f,31.295335,121.555781
1212,2d87802416959124e215808bf6695d78,30.872205,121.530081
1213,fa6d3efe3ed0f6ea9a4c470280947e91,31.171101,121.507145
1214,0559e01fa7c28660794149c63a0c9ed0,31.301307,121.33124
1215,464d6d4306828a2a15bf4fde542560fa,31.221001,121.731159
1216,78cae53c92f43bc27555fb7f9a59339c,31.120714,121.42693
1217,e31a339ac0011ad31a65f21cef3152eb,31.2355,121.417315
1218,8f35acc356178cc10d0f20bd8e76272e,31.231687,121.32576
1219,7fcb506d63886ef7c718091b81279f46,31.206547,121.306923
1220,a45e24740ccbcbd79777a5d5ef21161d,30.93817,121.865652
1221,43beb5ce9e81e89f750b76bdbbce90a8,31.188821,121.387044
1222,1f36736faf2ad3362b1803ddf9552646,31.087306,121.275545
1223,fb6eb0d2c92368a9e9a0585fa95a30d1,31.30835,121.657013
1224,948cb333445b38ef027dd23864859775,31.149628,121.43924
1225,5827d41a2584692c858c6e41be498fcb,31.253394,121.389864
1226,3cd460429402384604286992c615d95c,31.208346,121.544892
1227,3508c9c3f190c049a7b0ee16489a4b63,30.922611,121.473581
1228,d693b711bad61ac9452136268494c21e,31.183323,121.447822
1229,fbedbf6739e058e9163982b459601a74,30.900529,121.246804
1230,b673bbaf6a1a88da5128891c16dc3087,31.337262,121.473928
1231,6f3e64668746e154ecbf8ffdb645c721,31.221319,121.166272
1232,64cd7ef94e6966691bd244d1a51413d7,31.120602,121.581473
1233,18ca980fad9e7ac78fd5eac167d2ff88,30.715526,121.351073
1234,159c066d1bb4a7188559b2cde1716b53,31.116903,121.595022
1235,b29325b38c5203a4483ec0cc5b9f234d,31.460409,121.401649
1236,5fc16905efc55a36057072c41232ec81,31.157241,121.418919
1237,1192eafde43268bcbeeaa1229eba7363,31.242808,121.420927
1238,54dc732575c0de121a462016c713cf58,31.195139,121.385973
1239,a3b1a60e70b05facf8b8d598eff5a03a,31.015959,121.227509
1240,bded06ef356b4a05fea09d05e77d5433,31.054324,121.793035
1241,2b0da90a236a008031bfd086d36fe0e5,31.081475,121.523285
1242,d37f3d62f9b22479a8413cc14294df78,31.235453,121.653548
1243,a3bbeeed86760590699be92ab5305f03,31.267654,121.473299
1244,f5f613150210fe0f60bf052297b49f68,31.260903,121.618966
1245,492e0ba72b47d6ec27f2208420e42047,31.018176,121.418004
1246,ebd880fa605796e37d494246bf354769,30.908583,121.656169
1247,df0fd4cca4b06537e5db90561a336756,31.185065,121.503655
1248,24d5b0bf2efd2921741481d3bf9ac7bc,31.382812,121.242351
1249,efec0e1c62ce698f7e742026f7c2e346,31.213659,121.504661
1250,bac7024ca625fb8a42dee3aa3e3025f7,31.17939,121.754087
1251,5b0894e7e51f18a2c6dbea7ed6298773,30.934396,121.369499
1252,288786e5934692dc3bc237c410605f7f,30.766975,121.362906
1253,9712d4c6893c56bf4b2e5ed5ac4e7110,31.39034,121.272165
1254,47c4de3a088f1b7a3bfd5e0550131c10,31.395915,121.363062
1255,94e7daa5df972e42df19088dc91c9428,31.269929,121.453419
1256,bae71ba111e2642958575d59b3d05bea,31.43737,121.432451
1257,02dac821aec5ca2b8cf85bf955904905,31.121363,121.369095
1258,1c24c67899c4b1f03ed43bc291f828ee,31.046524,121.749155
1259,63b6a3cd0a91185bf870dad83cceacc3,31.215428,121.660427
1260,610cd73f92e9e8bf84d543d81ec890d5,31.370457,121.470415
1261,ed100e75953812fab3ef1d1cfee79906,30.908378,121.634574
1262,0c390ac584223a590b0a3ddcdbe6441b,31.159756,121.525433
1263,27ee3db24adb9dfdc329b45f3983c232,31.242991,121.515376
1264,79fc0b7e19772c8f70931595cca104d6,31.344291,121.487858
1265,a27cab70b7a7df509b9df22714437adb,31.064763,121.396913
1266,da4c92d71ad12a0eefbc9c1c4b51104e,31.005717,121.202014
1267,413411c703e61385f649cdfff69ee141,31.134548,121.39095
1268,865930fa3d9c113227673f578c9726ef,31.251239,121.428578
1269,b4cc28c24ba25f568fab3a900abc47eb,31.248482,121.53958
1270,2e9cc1de4993512978b6572c9f396659,31.274169,121.221302
1271,80c7e8317ae1e749889d5d1eb3f6c30d,31.207125,121.299924
1272,ab60b4abd99b1a0c65eb3d64865d2f51,31.069946,121.719641
1273,aaf02b229ddcedd1fcf087fd7352fa55,30.997412,121.247239
1274,0d5a4024a212875ea5019268c4f74463,31.335151,121.590721
1275,9fd0a4245ca8af5957fcc599fbf157b2,31.168922,121.412651
1276,0f1784a6fba51dc2983cacbad32cfab7,31.109666,121.052906
1277,fbcf0f4d823a3e1a35a8ab74d7608194,31.313065,121.417971
1278,b0a9754759421018fe2a0c01784c9eda,31.100034,121.663489
1279,54859351e250a5b2b7f1847790eb9e50,30.834815,121.197836
1280,c493b4f50358a8f1c6f5c36aac04b2d7,31.174203,121.431404
1281,7beb1e34db8953ff8353fc4814381ce5,31.147783,121.366475
1282,a6a622f32a44bdf3a4a8a6ea82db7b59,31.2317,121.546506
1283,bf1c2fb425829dba3fad7b56f8b4a18b,31.252105,121.56398
1284,c9b04c187633a0ea0dce5db560dfb65a,31.209644,121.56447
1285,65c25b065d4c0dc63cf2fd271c35f969,31.318646,121.53899
1286,292bc8e7ed34c6101f18c5eab6735c70,31.390234,121.254572
1287,1e89a9c7b1dbb6430168c44f18e7a817,30.824298,121.363989
1288,8ba844f7a2d034fd93114dbb902a0242,31.337218,121.465181
1289,3f5351e230f43169bd223d98c2dd15d6,31.455174,121.413981
1290,fd6670800d3b5704fd5ead66f3d1175a,31.235929,121.449652
1291,82f91dd16e0b346db3d1299f49f91ed3,31.468523,121.425585
1292,d5ca2201976b44f7b8d55723639fa360,31.094914,121.43682
1293,3a50576e6dce8e7e27fd2fcd81ae21ec,31.360292,121.583955
1294,88b274c937bf40962415638d99c601a3,31.187254,121.536259
1295,be3afadeb6219a36a5eede561c283d36,31.311763,121.21253
1296,d66e09b9e90afe96d841f0b2720f2397,31.24448,121.37062
1297,1825b8651d47f5ac0d2dc8efb6c47422,31.175318,121.181299
1298,cf8766f4794eba20d2469fba2e1b5219,30.935837,121.561311
1299,a587bcc0d9768aa869176ffc40cee84c,31.150483,121.491401
1300,2c1d5227ea91f64e09d6f33d570fe0e0,31.070388,121.532962
1301,2c7bca852fa736f3a17158d81ef05d5e,31.140384,121.620758
1302,89b0448882a062237872e3c84415e60e,31.180466,121.441251
1303,26e1f72b0f2721e6450d73fe477db8ae,31.271472,121.494721
1304,8f9371d8df14cdef5663193d0a103290,30.903508,121.331287
1305,40e59f71f0facda1a5cc48e1b5b25bda,31.260742,121.399188
1306,dd986df516dc66c871c28b2dbc3767bf,30.975655,121.228194
1307,e5f0cee686107e037651688b7a4009d0,31.206547,121.306923
1308,06d124726c650143d8777e5f6dd90bea,31.160199,121.557134
1309,e605bc69e35ce0bd0effd112b0030a1e,31.151539,121.41109
1310,9040f3722d9806809f846edcd132d7de,31.158559,121.319801
1311,6f068cb5a6d79e9a17f0a0efb530631d,31.150398,121.537521
1312,0316a0b0ea7e0517987fc7cd83bcb06d,31.146311,121.399951
1313,169e64135208f9e66db2c63d71e3d91e,31.219114,121.423499
1314,5357f163dce47290e2ae830cb785f4f6,31.361645,121.475443
1315,169d6d34a706caa61beef44b9ddf398a,31.123394,121.278015
1316,2d938fe0cd51c2929cdb4e70a45d6858,31.1744,121.285083
1317,82e3a801d46646c39dc2932868df35a0,30.855412,121.569454
1318,fda0f64f9a9eb5ec19a529f3529dbd5b,31.166408,121.569203
1319,691dfb17f1d4d9d8264b2b66255de753,31.136777,121.546762
1320,7aa569c40df23a114b3181082a24ff0b,31.368461,121.372259
1321,c01309bb6328ebb77316750b3cf5279d,31.260816,121.36983
1322,9cb39908fe6d9840614fc17ee1f02433,31.301749,121.457406
1323,8ed0730d4e99415101bf32cfc34d3bbc,22.522803,114.218796
1324,0622721d0be89b965a72e9a337edfe1a,31.145439,121.417433
1325,58fb8624ca1b18ab2e4f59d441e41c61,31.396351,121.44222
1326,d797f383675bbc3a8beffb6eb77cd121,31.120822,121.29001
1327,4d84f5c0a040ec481673dc3e4a06afa1,30.991472,121.430726
1328,d9cfc323b1f3c00a695bba42a49e749b,31.277766,121.433047
1329,0e89b23b6d5824cf6556d06716c65f54,31.163459,121.574025
1330,8c97188fc042721fbfbfe810d21d6c39,31.092058,121.38753
1331,2ad1dfa1b71f93491e5e24dfaa961d9f,31.209025,121.616514
1332,040f7b384a6bdf331e44442f824692eb,30.716187,121.349498
1333,d869f3ecc8bbed0ff1ecd921c3eecd0b,30.895699,121.478289
1334,3a809bf0e525198c955aa571f8514bc7,31.453478,121.256429
1335,dc8e6ffedaacba0548ba4a848c9d635a,31.156874,121.348458
1336,a5d1fbcd9f75c5b98540da7f6cd26096,30.908378,121.634574
1337,ae2597844cbca6bf16decc3863b2519a,31.32719,121.53013
1338,deae14bd2d6ff854ba1f2c800bf06e8c,31.273242,121.499598
1339,7cfdb60f3c435a77b1d626500ea84d70,30.93817,121.865652
1340,d29bf60fc1d6b632126a12759259bfec,31.109806,121.242241
1341,9485f0cd8536a6478e2d4f0359cc9b44,31.318661,121.194317
1342,22129c68458ebc1365261174c778f099,31.176807,121.251063
1343,3b092b890e11b4611d015e0bcadb2644,31.035151,121.544702
1344,7dfd64301189cd1b91361d17c656a991,31.098558,121.377147
1345,52ce264b94de1105f3b45372706e7f6c,31.294885,121.244609
1346,ba69841e76c8098f669b10ecd9e89972,31.414397,121.481621
1347,d28a6f4469c60ca46e46abac9d071d82,30.929412,121.460403
1348,0cdf0d120401bcbd2102264c7c5bd0cb,31.106759,121.398956
1349,6020a25b0c6cfb3f059c40900b25a1f1,30.915686,121.462098
1350,c4b52a977dc7219bb3bea7f8cca9c477,31.180763,121.476049
1351,10c60bea2062e42396108fd2c6160c69,31.265321,121.503333
1352,5608785e97835ca3871aebfb68097a83,31.274417,121.257132
1353,dea79fa662d70a15f6d22d8b40e7825d,31.26338,121.433161
1354,46c6c6bf7bfcb0ea14b2c259f1a0d32c,31.427978,121.433301
1355,781f8eb66b39b28b9f164402ec409c53,31.396351,121.44222
1356,7048ce536cfee431576793dddc115455,31.112344,121.480257
1357,2c2350d929b9783263c1d7fffe184627,31.096053,121.518157
1358,dd52d8549b7b2f5ad571dfe3be78e2ce,31.111396,121.379353
1359,e646f8c935222ff7abf3f0f80705c909,30.966714,121.771375
1360,6ff602dc28513c1b4cbe21e076109901,31.210891,121.3779
1361,bcd765cd5906dd6705750e41571f27e1,31.109271,121.617421
1362,f551ca0fa60d3ffc780dff4dd2b4725e,31.117005,121.271194
1363,51dd24d852983e5228d37b9d66292aa8,31.201279,121.709485
1364,940e12a0511b91a9d6f04c033848abd2,30.774911,121.259927
1365,aacec7682969c72d5410c4c9caf200f9,31.364503,121.391608
1366,9a8302ec435cf8d54627194af3c02ca3,31.239726,121.139516
1367,ea0da44a6e164f05bfc806c6dcfce55f,31.077825,121.33981
1368,578be762ff643dee7b46393d3d0631f6,31.266813,121.512658
1369,fc4e9dd8ff51ae015d6846915d2ab572,31.293561,121.362372
1370,6a39aa889b463577abe807dfed30f5c7,31.158202,121.389411
1371,8ed09e9da4468ce6fae2c3036337a5f7,31.072213,121.658885
1372,094cdc5e533cfcf979e434b4131bcd5e,31.25901,121.65797
1373,2d2bceae5436605947a15be7f3d6b45e,31.036987,121.386554
1374,e3114df5cb3103eddf123b2b0fcbb701,30.929919,121.206039
1375,4aab7c5be7e1632d8af9c4b181e67ede,31.2355,121.417315
1376,cca111636c501fd9125babc27ff5734a,31.403259,121.447841
1377,4090578e50fbb48e893fe14727a4a6b6,31.157677,121.424531
1378,3d60d8b46425b010e6fb2ff99c9f63a2,31.040309,121.308498
1379,ed367f99441360caee5658e328b7600d,31.354948,121.496863
1380,01b8654a6cd3923fd506e11bdee723bb,31.243446,121.675041
1381,59a17b62fe4acdab3558334994578748,31.17023,121.337413
1382,da734c808647c8bc83145e422717129a,31.324464,121.387532
1383,562bf0feeff44ef927e806204f3fc53d,31.171648,121.110276
1384,ca3a82d609d70f73f2b4502754afc3b9,31.165339,121.427732
1385,da16e86faa480c3c3eaee0e7e4279c30,31.355465,121.412867
1386,2e452cb606800b526bb42dae8583a2a6,31.23593,121.220028
1387,0f2893aadd4e3f3b2c6bbde7ce2d0657,31.116535,121.678055
1388,e7be6e7a2278cae078cae555b984fdb1,31.035283,121.246093
1389,20c4cb27e6cef60ca8e76485936f03e8,31.265705,121.420959
1390,17aa9575d0cc882886936cef366778a5,31.459469,121.412299
1391,52e7e8be7c0e0a912c34efe2692c27bb,31.162868,121.448422
1392,c2d96c965fb89602d14b55c2d4cd5006,31.344675,121.443963
1393,e0c32202212ed60c8e07fd7bba8baf9a,31.134548,121.39095
1394,df366c97e9cf5f88ea7debeffecd7dff,31.152157,121.514858
1395,d4108d7acfa625de678ffb9ac0e97045,31.288777,121.390078
1396,2571d552437112102562d524bdf9a76a,31.280339,121.402957
1397,c7b70952deb77467daab1f12537ff4af,31.290434,121.425041
1398,33097c15886be20254b40088447409ed,31.311329,121.495756
1399,9dd04b7ea483a985c1bcd6457bb6eb84,31.275929,121.473484
1400,a7eadd1c6a2f1d20f9668aad6fb69528,31.216371,121.601926
1401,495b5d1ed7c12e47afd242bf1fe3ec2a,31.07195,121.150279
1402,22b99103deaf8ee81b209ec74d09a2fc,31.149689,121.531301
1403,4fb20760f68df4098fa7f6438d8724d5,31.046945,121.764826
1404,34c91f4f1299b7658c845a0608307e1d,31.190301,121.566862
1405,4ddb7b062e7a4cafc78f631d82e06ab9,31.069946,121.719641
1406,59754beff0258ff3d9fd7737efdc6ed5,31.305522,121.483135
1407,5dc0120eb20d39a08ae955c221c1d4fa,31.177646,121.555355
1408,2d7ca114ca7f1654ee3cbf66d3ac774e,31.139721,121.673912
1409,5c57235d27bdd9a1138420a645dbaf39,31.323113,121.616609
1410,9b3e575d3b4a73c44e8d9b95a3b69e6b,31.232639,121.705254
1411,9f93afa382781038c78fbc40e61c4b9e,31.382812,121.242351
1412,056f1f69e807896c5b83b08c9f0678b4,31.30835,121.657013
1413,fe4e75e88a61788b8c7b48774ba0d808,31.28386,121.530324
1414,c63e318a3f30bd33c1ac001875c80cbf,31.241762,121.50497
1415,e706a9edd97f51aa775dc15cf742ec6a,31.19382,121.49524
1416,fafda3f5b06303cc153c14a860264184,31.15228,121.118001
1417,ed7c5b73af3f5a683f7c0ff0f9682820,31.099642,121.449578
1418,df9a0403c92f4843e31fec7273628b14,31.146311,121.399951
1419,61cacbedcfd6e2369823b61443db6149,31.148848,121.314851
1420,50b811df28c23dfd6365bbea4399c746,31.358014,121.37617
1421,cc67e8db129f0b23d9f31c37d7b78adb,31.109806,121.242241
1422,a90f65084b640278bf65d140c931c84d,31.109649,121.402441
1423,22900c63fad075672c5fc1e14c5cfd35,31.049556,121.600672
1424,1d8215e0815e43e517a4d645b6698b08,31.232729,121.566935
1425,2e1389bbf06bfe8c2bfc3b7e56f4683e,31.273242,121.499598
1426,6816f96cb239a96457a4ab7c99ad161f,30.969483,121.53972
1427,21dc966c83304ae53c988fd28b6f916e,31.11674,121.586334
1428,ac64161f7f7cc95bd8c866b47ae7b1a4,31.250271,121.406561
1429,a24ef2958c55c444a87ef14c8fa089ef,31.059755,121.389723
1430,e9813f4bba2639732c38aeb9472cd417,31.263651,121.573401
1431,af365b2a27b1a8655bfa44172c5fc57a,30.771941,121.373524
1432,6da4b8b527a117d032bb088e4fd7b119,31.121127,121.243829
1433,15ed416e691f16bb74b14460d2ea759e,31.202395,121.6278
1434,8b24334c86b1f0a46c53d0d900ad3c18,31.273242,121.499598
1435,83be05a3dc340771e0489714bccbeac9,31.161027,121.722478
1436,bade197b8bb4aeebfde468d260658f2d,31.036987,121.386554
1437,879e97ff4262e45f657ec69a3fa5b84f,31.241362,121.395822
1438,452bfacadcf3d6edee005767e1296e74,31.06623,121.321933
1439,7e0eec5142c5fd0c8fde31f3af6ae2a8,31.319077,121.331853
1440,97ea4561886165a752380986f37e0d24,31.299261,121.578516
1441,06c1aa278617f213304e54ac11e933a8,31.211598,121.439406
1442,08cc28c45dfae361ad493d5ea403f3b5,31.226966,121.53174
1443,d049e5f4a845118899138f4c9ad0c62b,31.225318,121.437806
1444,1f561af278a6d87469cda52b7a3ca39d,31.116791,121.166516
1445,bf9e2ca6ec6adb556f93b6cfbf7ca974,30.85108,121.855994
1446,756fb854e28f46a4ab775c70825ecd5f,31.205813,121.413544
1447,5231c873d9858dc9307a6a25105aa5ce,31.230287,121.557116
1448,c1aa47ee497c40fd61d780739d750159,31.270369,121.443633
1449,fa8c2ce775dd9d5f69e1786447c63f76,31.019533,121.388705
1450,3bcff72dbaccb48bdba4ad43bd890aa7,31.160079,121.37079
1451,b3334943ce67858ef5f6d3d5ce2121be,31.302,121.670498
1452,a070fb54cd69e056f1a0753bc07e753f,30.991472,121.430726
1453,6225eafa22782df9630d26cd045b7874,31.051162,121.311884
1454,1f5034c966ea0d2495e471d13f7bc8de,31.178033,121.487803
1455,a624b59cc7f9bb439f155dd27825127b,31.242893,121.465382
1456,d88159c89f8a91dbf64c531f596b96a3,31.198048,121.604048
1457,df17483962f6cf2443d0c91909412471,31.17762,121.511042
1458,cf4f7ff09b64089be2594a21294798c7,31.280867,121.656939
1459,6cb9c874fad80f84f06ed09db7a06ba1,31.213582,121.38377
1460,ccfcd2429a7c2c7c85498b4607063458,31.069757,121.399847
1461,0d53caf1841eef9ecdc884dea0d49be7,31.318974,121.412838
1462,0c8a520cf23146cc196e617f73334c27,31.120864,121.389141
1463,cf425ef99a675a30e19895f9c5ed35e2,31.116103,121.43571
1464,5cd97227432e2a96621dc041ffd37a8e,31.210843,121.491168
1465,76d8f2b0b541d17445932cfead926247,31.312291,121.46631
1466,6c895bdf78300c3b51d7459598ff51fa,31.3065,121.429743
1467,2a993dc8d800eee64432646ef6953162,31.237944,121.693732
1468,fbd4491c7dc0ffe0f3c9e74f7bc6d954,31.158515,121.1384
1469,b2dc705362569a9905254d4d3d50d3a1,30.945306,121.729327
1470,965ddcdf80c7d95d8128dc4fd16eaf4c,31.26748,121.57859
1471,596db1fc2180146773e904f1ad9a180f,31.019246,121.250749
1472,74f1a2927948521b001f7f3807a4d07e,30.918205,121.509992
1473,729d37ece14e126ef5f94ffd568e3365,31.388641,121.444174
1474,64a552b5612234b965bd482ecf8d0fa2,31.246059,121.362706
1475,593492577da548d1d6a05e052bd4f787,30.747024,121.287991
1476,c45d26b5705e7b719c59baaca7f90394,31.316181,121.405014
1477,27a2966b10008764956317bea0417b85,31.080824,121.390896
1478,3e42eaf6a6fe3debd00ef7cdac0f0c92,31.32719,121.53013
1479,839d98125a7b4b06c71d2729e5010d52,31.176978,121.499522
1480,a07ae6907ae6c830b7b178e1e335920f,31.395915,121.363062
1481,b2ea6a62cceb3bdd479b5c649ad95306,31.241274,121.36272
1482,4c8f255ac8bebc20d6506971e21e6756,31.228047,121.425893
1483,32f8c05f5e3a2f4aedbb26a69085580b,31.243338,121.253922
1484,b9474feb244f6d8a25c79b879f607f1f,30.978588,121.581677
1485,43e3139f4c34fcc371217b588c1b9eee,31.2355,121.417315
1486,d1c2de0bf7d3c570a79a71d204535cf6,31.105808,121.038742
1487,d1400bab998105a7e7bcc9256afb2f86,31.273045,121.546148
1488,c3f4e97a233e8b7c39d865cd44c2dbd2,35.379598,116.072359
1489,07ab5639d1d24a9d73a66ad0b43bb22a,31.308902,121.502016
1490,f2c437c3819548b09d2382b9425da9a2,31.327484,121.406697
1491,c69ef7677f9caf77131708d999aaf3d4,31.125764,121.562057
1492,4866cdf8c825487fe0095857629b02e2,31.263651,121.573401
1493,7c944be9803d9732401e4e2234219493,31.345443,121.596458
1494,a1c0a83f58664d3a6d58697d1c46285b,31.209644,121.56447
1495,f169b0343b9190b2d6cfc5ad0d482c72,31.283959,121.416644
1496,8d2ecb29736a4406f6e1a78e937cec7a,31.320829,121.389518
1497,25a580e956e0f68ba32872014744ff75,26.139329,103.078562
1498,479b2ef6318162efee11c35f37b5c45a,31.210891,121.3779
1499,0279f3e9f199992f7d240b20f78e17b8,31.266666,121.598298
1500,ecb280d943d11f1bd5b2d287114db4f9,31.221876,121.687381
1501,d5c2ed3715e5274b275f8e38f4a04fad,31.150398,121.537521
1502,f0b5b4a57d7a2f3a99283d2ba2d4a421,31.352538,121.490272
1503,30ec715c68f7786fabbb3048dcdfb845,31.311942,121.54204
1504,4ad9540d8321d1261678365497b8449f,30.999098,121.447826
1505,660b6b240418e253d97520721a0d8e63,30.875057,121.324697
1506,a7485d812261b4cf28346b4f7388bd6f,31.142941,121.443942
1507,cfab9a80ded9ee08b863472766914b4f,35.379598,116.072359
1508,d96e695368bad933856cef601e24a6b2,31.068209,121.373076
1509,ce5544911bbf4573f8d78fb5fecd09eb,31.165339,121.427732
1510,b6d283f90d1d252e4f19519b8199a79d,31.373432,121.490334
1511,b13549a4ec6cdb564daf8597b4d0e2f9,31.070388,121.520258
1512,5017c0772b3538fc9a5f79b40ce60cba,31.209905,121.37472
1513,bc5dd6cf09ff05ab201406ca9ba7ea5f,31.051247,121.480621
1514,9f006e515613daf4b3ff6a51672be6fd,31.307215,121.486962
1515,b5a4960e28bd90c73ecb03639ef01f7a,31.396687,121.378844
1516,752f573e42a1e9da1645ae3a16a00671,30.847557,121.226776
1517,43b45e8d6a969e784f694ad61f6e5c35,31.13264,121.32443
1518,e1ca3393444e43cc544b472e88ed9d65,31.30092,121.16892
1519,632ef3a3cfa4f7baf6ac6e1e55ae3e6e,31.1744,121.285083
1520,2543905fd7b1f4c35b19c8ba336654dc,30.852446,121.262447
1521,b52eba23192dd9020a4e854c5cd92ce0,31.157241,121.418919
1522,bdb5afdc81be8488edc28bedbd3aa95b,31.224226,121.43839
1523,892a4e965436b5bdb007f04aac75a691,30.950067,121.449083
1524,a02dbc618cc56755cc87c490def2c9aa,31.163705,121.503747
1525,e721740fa86e23ec6927da8bb6e58ca6,31.17665,121.132941
1526,758bbb0302e980a65f6ea6fc1a69b354,31.3691,121.415317
1527,c6974c672ce1b30ea79d1039793dfbd9,31.22258,121.428599
1528,a8913d0ed4c8c733ae9c0c02e0dcb1a7,31.015959,121.227509
1529,7318a28781818a90fcec8e14eae46038,31.230287,121.557116
1530,44fb8913937151238f7356123619c99b,31.133956,121.526289
1531,904ecd87b58883e05fe929a18d15565b,31.206547,121.306923
1532,8df0bd311de9c95c6bcdf49c38ff7299,31.075231,121.436269
1533,54644d61a70da68873b605bd2d2b2083,31.163705,121.503747
1534,c4c4aa2c2e67f4afc126d1e0f6fb64dd,30.900763,121.246509
1535,c86bae0dff43222f6575e8d4241ad18e,31.195139,121.385973
1536,dc48628a0a3fd3abb2c1b6b443817f81,31.318646,121.53899
1537,74e0d38eca254722d4d9e7fe9d59d00c,31.387389,121.431922
1538,af2370aff7ee301b0cd06306238c5079,30.933365,121.873737
1539,e6fb60a11f671465db4183485e23ffc3,31.215664,121.46829
1540,5dca4c40cf65eb6650a91abc60d9225d,30.93561,121.517165
1541,7ef7ab18de7f88c098725aad8f4c2032,31.270369,121.443633
1542,51f77ada7486f95fa734fbc2376e50b3,31.288233,121.304952
1543,a259036f06482488db90b865047b20c4,31.281665,121.42621
1544,28da3151fc1a063a62edc002370a7543,31.050708,121.217094
1545,7c7112d81169e03f97bbee952ed184a0,31.273451,121.681542
1546,ebf503524689898ceb2872493c842a20,31.159756,121.525433
1547,fd0c24017fabe9a380aff2ef8601ddb8,31.200783,121.446011
1548,dfaa9308e73b344810ca7cadf55006a3,31.305522,121.483135
1549,2725e66a5f40d179cafc557ff109ff54,31.202118,121.395128
1550,269275bd6adb12bd16ba418434de2fcb,31.250734,121.487731
1551,44985766c0b41b6f7e4fb12f7a02720a,31.158202,121.389411
1552,071a92cd10d6ed982c7e739dce767747,31.175621,121.317835
1553,f4bc8c5abfc8849da0bc2fd5ba60ac39,31.190185,121.443475
1554,cf5c61df8f8ce302d3dc84fd43fa87a4,31.176813,121.439114
1555,7b51c31b1a8b5a72c377c2313598a0b9,31.087306,121.275545
1556,9eb3c98227382f9903c56f9b90758c32,30.808567,121.29074
1557,e9b34ff7d0442eb9cfede9c5f724b433,31.296656,121.483976
1558,6abe90db1afd9bfca426a716678bdefc,31.253394,121.389864
1559,46ac933c780453659a85defa9b314c64,31.197573,121.37641
1560,0a72f9d264fc3afc3f2d03505962fa21,31.413754,121.202263
1561,9a13043d039fddcf37d60105514c2408,31.291143,121.472012
1562,f0fe53fa908e4acc5f922a73cc64f7d9,31.293561,121.362372
1563,e236195605f6dd81c0215c5c1c6dd10d,31.078365,121.404647
1564,087ddf3a3b35d3b36eb6db6fc3e17e5f,32.902077,109.42358
1565,87a6d39393fad78e096e84ed1160953d,31.233516,121.491431
1566,fdc59f746b45e1ad1587105ee4308482,31.300119,121.532041
1567,393bf7e06f4c1b19c15cc9719450c1ef,31.163393,121.381735
1568,a0ea79a1e38c4373393ee96c50fa41d3,31.050344,121.770082
1569,cdef6422cb4a94e2c661145a3f639d46,31.06623,121.321933
1570,c70281d0b93df3e4dc033433f4f4bd2b,31.039301,121.593594
1571,f6456b1421a6f9e14f8f9883af9197aa,31.168241,121.437559
1572,243954e01bcd00bb52e6df8d09a67240,31.285059,121.406807
1573,28084bd3ef869eef3bc49f2190e18d18,31.155848,121.383402
1574,3a7ff70b2b58b1287ff95c437c1016b7,31.122449,121.582926
1575,effbbd7e97abac09153a5e8abb847c2e,31.161635,121.286602
1576,c61a38a7d68ef3f48be55ee44d5cc387,31.473557,121.331298
1577,8d0308f21c77734991f19e56229fe3e1,31.201279,121.709485
1578,0fe0443a68fd5b8504ed104e92f55755,31.250826,121.578689
1579,079fe6ab1b2a9f98289a65ce54f4b721,31.240478,121.526884
1580,8dea5d3cb649eae6fcdeb32ea74fdf98,31.24143,121.475172
1581,2ccf39661352837192b31890fa0cbf15,31.150193,121.45419
1582,748909506846d4efe472c84488f039e0,31.161027,121.722478
1583,08da9bf03fdf96453332fea5a3d209b3,31.066368,121.2082
1584,18e30e700627ac54d573398026589cb7,31.039301,121.593594
1585,45c85aa1bd05832ead99f8f05df8c5b2,31.370388,121.187891
1586,b06297837a919a9b28daeda8bdfca1c2,31.16691,121.115166
1587,95b774625c6966f938dcfd93fb8b35d0,31.233973,121.41641
1588,4fe58225a659c3b1c4bf7498877c6b54,31.201279,121.709485
1589,d3fbcc560945b9b843a7f688f9d6d74f,31.167947,121.670231
1590,2605b08b9e744f5bd8c719a4ba75cc6c,31.130891,121.472384
1591,1fb77b161c9d8746df5378af1c64ec4d,30.802409,121.205114
1592,68ede422a24b2edfab99fb4c99fb75b1,31.209025,121.616514
1593,e1087abd6c219662696bc2879ce8a99b,31.221001,121.731159
1594,7e5a4bb3c68d537a562730dbbd51e7b6,31.16346,121.405127
1595,2bbb8458de5b7ccbd55e841a458e4c1e,31.264477,121.44249
1596,b00b5a5d278eaa43e5e70a074f38acb1,31.270369,121.443633
1597,34b5dd6514f62c3466e97fccb2c1f8f3,31.27795,121.538718
1598,40d41c461cd11402231d8e63b1d57314,31.196135,121.558528
1599,a7e3eabf074d68e7fdda000d0c85447a,31.106759,121.398956
1600,063069b10d74c48ae6f656b7b61d5354,31.281813,121.354285
1601,5d46b0a95c44601343eedeabf993cfa4,31.170097,121.608906
1602,7a8252f91bc76ef43a10086ede848004,31.294609,121.526886
1603,3894af54416d038ffc76fab8a17d8274,31.070388,121.520258
1604,4d41d51240785ba6c0eddf22472d1551,30.978506,121.447689
1605,b360e2d5f873d7a825587f40553fa7c5,31.137143,121.545715
1606,fcbeec47a9fb3ba74045f0048ccc6dfc,31.080002,121.798389
1607,8bedefd285b0b037e46f75d456c5213f,31.17023,121.337413
1608,bbdc37990142b8fc80035704aa7652ce,31.217968,121.41467
1609,b2cc86ceef05de4ccde0d9b1fbda1723,31.125764,121.562057
1610,6b473be9227f9ab145b50fa73855348a,38.052584,114.484137
1611,8f32e905f25c4f152480bc116ec8a7a8,31.32719,121.53013
1612,3dad13d01323ddc1b28073e80045cbef,31.235453,121.653548
1613,48357fc6437ab91912ff27d0fba54d1b,31.138371,121.416975
1614,b38ada4504ada6692318f3f2f8c3fb75,31.431346,121.222574
1615,5cd8725482b194f04f629c533f3c2e18,31.260959,121.562594
1616,d2a014ef5c9de17dc35a67f15fa2a9e2,30.860668,121.470193
1617,7c4867bd9cffb760ba81d79d07703ab4,31.370992,121.177459
1618,6524910740c11568213bc163411bb5ef,31.355737,121.403678
1619,f6faec931dcba95ec631fae16c3c0919,31.094914,121.43682
1620,cbbb36895b210907d6d19bc9c299e2dd,31.253346,121.448039
1621,f99a3bec7a686970623038cd50cd395f,31.131231,121.398758
1622,3d9766f9da66efea0b485774a26066eb,31.119557,121.036331
1623,c2d5610980418c2dbef5a12ca82a2942,31.163705,121.503747
1624,cb9516defab84fb742f06eba734c2d30,30.747024,121.287991
1625,cd5a801930a73ff3d125c3175c55e173,31.094914,121.43682
1626,7d60035c06483973d513f705ae4476e4,31.334186,121.50238
1627,d08ee38d4a9b914cdf2bd6162122a32c,31.22714,121.391029
1628,57ef62c8f59ff3f174bd1afec7f40f87,31.222168,121.378951
1629,adc22eee2a7fcfb93d55dfdc95ac289c,31.243013,121.416207
1630,b8c4e492ec4deb8a21a3128891da25ea,31.181485,121.520026
1631,5771b8165571a9dc9e6bbc306886b808,31.117005,121.271194
1632,237c51df7bbfd35b103b5a8fc21accf4,31.277576,121.460905
1633,acdf19c6571f66e3b108f5cdc7cc8313,31.116903,121.595022
1634,71a0e45541e5899a27013184a5014070,31.260165,121.541462
1635,d085599c6a7c396384d3959387fd335e,30.844717,121.528288
1636,9f25fbebeb5325169777fddc6e3ebb01,31.355737,121.403678
1637,4821013016c6b38bc049fc78c6d1b552,30.954604,121.333773
1638,b18592202ca258c558eb10d4318bb948,30.894639,121.21016
1639,bc3e86e6d524f456f87f7f9ff6f88aa8,31.126179,121.378046
1640,bd9c5e7a7a42baee6e7181d7a4799037,31.095884,121.350551
1641,83154aebdd1756bb2ed9d40c587d7dcb,31.176379,121.397706
1642,1195030539139d7dda52bc0826f42b98,34.689694,112.407126
1643,5cb9e9ff0467ba599d7daf99b51b52ed,31.269929,121.453419
1644,d381fb681a8a2c9d07392a9dec2481f6,31.259633,121.594477
1645,7834194b17affa3f6bad4b764b14b837,30.967774,121.447499
1646,14fef3fb828244acdad57ac6d753b29d,31.426865,121.351198
1647,3caea68ed3698376dc8e4c768f1f91f9,30.955208,121.732358
1648,8eb94e2b97e17655cdf24c54a5503588,31.144653,121.478451
1649,5afd65063bf0e2c2ef116cd897d8df33,30.72456,121.344043
1650,e4e15d1d57a575976536788bb34a606e,31.28915,121.229167
1651,d369cde3ff790736644df02b7b5211f7,31.285698,121.612262
1652,814abd3c8b33971ed8807a95ae10de9c,31.109666,121.052906
1653,93bd1ad0a1e89277e59a018dba3e7772,31.077825,121.33981
1654,713a97d838af197e68edd09bab52775e,31.19107,121.554321
1655,b1a26cdd65e18b7c3be7d655f7778ff8,31.214683,121.551574
1656,53cd1c2242c7efed43d99367051f785b,31.184319,121.230946
1657,d84e1d74e69e08daac808d9da0aaa585,31.111607,121.324796
1658,d843421a8b577e22306164c245f9309e,22.522803,114.218796
1659,d5d113ac402205dee8ff6866a5c01b78,31.234867,121.46325
1660,065492a2a83316aed444b48a6ed4c009,31.290887,121.435064
1661,fb28669eeb39114ec693581bd700f0f2,31.339114,121.321261
1662,c94232bb485a22296c643530ad243c33,31.077825,121.33981
1663,3f3dc528c79e7217156eb6e7b8ae24ca,31.204349,121.693531
1664,90aa3042f1ec885c3697d4ff8721c149,31.15228,121.118001
1665,9a5793eba844534c8314b74b8970f526,31.266743,121.481644
1666,0065b766d62356bd13c18f4dfbded4cd,31.307215,121.486962
1667,e8a67d48d196f9b722b11cde576b0844,31.146522,121.352501
1668,37b5c3be29428ea3f033cabba3756be7,31.112344,121.480257
1669,ef62cd3066e3fddddd69a73379f4b093,31.140384,121.620758
1670,6124027c7260c2fa1f617967a90a334d,31.277766,121.433047
1671,55c8a6c85e9765066a65eb896c3d5719,31.250339,121.440196
1672,c33ea81fb4705b06dacb5adb29882e73,31.184979,121.31046
1673,ffa7ebf366e0db7fde70dad13d908d9d,31.11794,121.457471
1674,6ccd1a1a5f39516814a6fc4857601892,31.410741,121.442349
1675,342541eaa45be5e4946b66bb5b7efd90,31.235929,121.449652
1676,8f283bea18644e9daae208de0757b6a6,31.150398,121.537521
1677,8f4e2a28591773ac05fbcf821540c55f,31.259633,121.594477
1678,6d7311fde47b812f29423564ecce2998,31.202395,121.6278
1679,936fe4b7143a607f35bb975b92c37200,31.020065,121.23311
1680,0ee4a18e6748825cbb37c3e5a2c0241f,31.111396,121.379353
1681,3665cc8f40d501435294183dbd56587f,31.233973,121.41641
1682,da4dd5eecdf117fdb3ad227befb3a543,30.904757,121.467941
1683,e04adce3cd75322abd88daa4102b1dd1,31.19107,121.554321
1684,e446499892d3e5a4930ffb882262d7b2,31.193409,121.393885
1685,2ddbb9d7f0fc0cabef66597450a840c6,31.265321,121.503333
1686,dcc298938230c5d94bc118c273aa3af5,30.716187,121.349498
1687,1414277370ad36354f67b7b833c2e225,31.19143,121.411411
1688,2bad8d2761eafe6301ce165b24fd5fa5,30.816155,121.298392
1689,1fe1dc76e2222d499fccca78deccf392,31.309342,121.580807
1690,2dce65a6bde0c408e6d4a75c6419abdb,31.051898,121.769904
1691,4fb84b82f65fa4fb7522b42dbfb91898,31.059304,121.53566
1692,b9195657b239535b3fa90d989519aa98,31.20901,121.478403
1693,f9f172489fc190597d4afc75a68cc41e,31.348418,121.427796
1694,91ea4834e22112aac5af6d19dfa5ed65,31.046524,121.749155
1695,07f6e4c73bf3b1e150f6a1d78c6c42e4,31.281665,121.42621
1696,ef0387f69eb1ead7c8ef83d0b268f347,31.252495,121.390194
1697,0c5f3b26a072af8bd50a43ad3369980f,31.176813,121.439114
1698,8229479dfbddfab63d88a0469c1492e5,31.143297,121.132883
1699,8408a829ce4f0710e94a0f3c9a26d565,31.116021,121.287621
1700,a57e955a9a5e0d9fb38c71db3c8034d1,31.109998,121.164842
1701,9e312f38a722033444cfb2970c661a8c,31.122623,121.433813
1702,94a419b453992501a24139c5fe733acb,31.19107,121.554321
1703,31a3d8d69834c87e5b52531e750f5fce,30.8406,121.251681
1704,4020cad9f644935b13081756f11b01c4,31.287814,121.355886
1705,3d6d8cbac611e254348268b7f955be98,31.27975,121.497791
1706,d32e81a070eb60a79aa23bf6113836cc,31.304576,121.522177
1707,5dbe231cb2353e87aabb77662cdf34b1,31.152177,121.172752
1708,a2d1ce7472397e10ef29c9c1338956d0,31.150398,121.537521
1709,3fafa063c10abb97ad9aa6185c553030,31.00153,121.235235
1710,0c0a9976253c0f107009433889afa4df,31.230933,121.347295
1711,b4872fad105c62cc83463cb0ba43cab7,31.24448,121.37062
1712,f3d743e69a7f906e5c6db5000c1d7b28,31.248146,121.441241
1713,deed9af2aac8af3f5dd1aa6245b8e20b,30.908583,121.656169
1714,eac59124f791bf3217f297f4c5b9d945,31.04822,121.231928
1715,d25490bafb1b00d4f8743648900bfe3d,31.355465,121.412867
1716,b9efef82033b6d2d816b8a3018b1236c,31.26338,121.517162
1717,1522dae28f177151fd271a7e9a611dea,31.051898,121.769904
1718,981687c1f81e3b947f0408cf22f1844e,31.437104,121.31285
1719,ee8ac6b3261fceb2af9413a497779a7d,31.274169,121.221302
1720,593022abc5c5d3a95380cb108da2e231,31.037068,121.686977
1721,582f970b0c7179c7ad696de267fa37c2,31.216752,121.476401
1722,73fd3da103e30d6d94f6ee883d865424,31.344291,121.487858
1723,5a3506c2884080ca1d8c6318a609126c,31.119287,121.204986
1724,e4f5938a2c985b4e40db35956915d22f,31.183323,121.447822
1725,5b383a3d24e8d21353923419c0433a05,31.224718,121.344451
1726,f5824b1cda10773bd2ce1458b9d805e1,31.224731,121.43464
1727,a3bca4fa764543460314140174425be1,30.948124,121.381501
1728,aac8927b7635274340762de8542d4949,31.235847,121.536101
1729,483d82ffb8613e56e1745ba23e56135d,31.26604,121.399004
1730,f77bf349c531e543f576dcd95773d845,31.355364,121.537096
1731,6ae15ffdfa7cd9b7f5611f04896af7e9,31.114131,121.394475
1732,36bbf8e3a51f87aefa146860dcd19342,31.209872,121.409627
1733,34737bb58f124d107441efe224ea733b,31.333408,121.552846
1734,a0fc39ecc3b6c0564c65b128db6a1432,31.390234,121.254572
1735,53511e3003b239429a38a242f4532ba6,31.116103,121.43571
1736,cc379c0a378c1d3ea4be896fe10575af,31.405231,121.506638
1737,a60293fde57a358e15caeb2a1bd78153,30.957633,121.343012
1738,6d3e67351c99920286bc8b9ed6616881,31.344675,121.443963
1739,23a60bb979b8aa885b2c884af24746c9,30.929412,121.460403
1740,e9f8591cc90c6d3b22ce1a511fe863f6,31.312672,121.593011
1741,f15af2085a204e6046fbe9db29acd14f,30.956624,121.334663
1742,448c9405bb4f44b1ea692de2cc4400b4,31.245393,121.705496
1743,37f431a4b39f87a77769e9ccb0aad785,30.798179,121.426469
1744,b2336a8020ed1c30fab91de8601da539,30.936752,121.470783
1745,04af5812950e8e2d5bf9d15a7333df6e,31.073134,121.317814
1746,d585e079292ec0777b7f9f4a52779303,31.318646,121.53899
1747,ec38970b42b3715364022b6cdb08ffb7,31.243338,121.253922
1748,4674631969af9db4665c854c001db7c7,31.143965,121.573343
1749,938ea36ceec5fac4f9ae4b124c5cc45e,31.309645,121.4911
1750,c0a91e39d3f8d7cbc1dc11da79e9844d,31.117005,121.271194
1751,a89969540104b98c1ad513c83ecc3249,30.834815,121.197836
1752,5079df6f7f1b0c02365a2f03e18f343c,31.247519,121.322265
1753,d0cbd7fc05741b838153b3ae0b74c0a8,31.252105,121.56398
1754,482baf2aabbc64422a1d55d538327957,31.266813,121.512658
1755,bd3413faf367e219a9bbbc5ce7eb1c11,31.273276,121.1303
1756,a755322c12becb65f6dd21e21d7f7fbf,31.152749,121.182589
1757,da209fa13a34b7b70761626524a2e713,31.175621,121.317835
1758,e941de7bca467627fb95ae8f908d5f73,31.23543,121.447652
1759,24973fc5d7099cb1e1fd43b7528c374b,30.86683,121.83302
1760,ca3569b4b2c756c767739d3081a7be32,31.302288,121.510464
1761,71ca2d5f8c294f2d26165a4c198d2086,31.032565,121.409407
1762,96dda3c48145a84a51094bf0a82fb32a,31.398623,121.409041
1763,02a4c7e357dabc892f7aa6b5edace6d0,31.310614,121.476617
1764,32266f4d59bb20a0f2f66ac60bc3899e,31.327488,121.437837
1765,6c3dff864f442b8707d25a44d467cf85,30.993883,121.129758
1766,79df4d0099d33779425017c30ad557ba,31.308964,121.403345
1767,857aaa62d686c6081f372eb73d616c61,31.126339,121.573213
1768,7320029aa95bd49479715c44651663fa,31.288583,121.428686
1769,cb8e274b2fa63ceec62f84a324ce6b09,31.143835,120.935676
1770,bceed91c302fda5778aa2c914fe7b624,31.276718,121.371696
1771,2f9e307317df33de7244857fd1f2b88b,31.366638,121.43543
1772,a671d8343c805a89f2a55285969fca5d,31.045516,121.216817
1773,9500a352a1d99310aaa4981ec4564d50,30.905367,121.832974
1774,f2b32480a20f09178e5b1d75093f9fad,31.239655,121.478097
1775,7a6c9e9521bc110a2a439801e184d789,30.893975,121.016922
1776,b2aad18380f2e6b020c71994c51e1830,31.221201,121.497347
1777,43db019653b3f805ef32d1f4f09048cf,30.749894,121.270796
1778,a55a031fca7431d7fccfd4b6e08f1ced,31.159667,121.515041
1779,f1d9c97502b8fd38c45cb5b725fe26c7,31.276317,121.524794
1780,0270450bff878b7e328fda70f3964f89,31.327319,121.462047
1781,7b8ea1956c83eb8d048aefdf7b19006a,31.007327,121.431151
1782,3058693a81b24655b2db380c16f2d9e5,31.307268,121.521916
1783,37ea0d27f94b78fbe0d7d25b053fe698,31.24448,121.37062
1784,d62ffd470e971314c170fd9a8eb7cee2,31.164195,121.330502
1785,7a165ba952b6f9dab460208f049cce50,31.280857,121.169253
1786,ffd95b809b92c0436eeef2366ee96c96,31.39034,121.272165
1787,70c8bbb21b0db916563717e503098361,31.162868,121.448422
1788,a2c6fbefb8d5b6c5b8311e2d4a8d28ba,31.276718,121.371696
1789,c8072117aaeb49176321901f302edd66,31.111821,121.385462
1790,2d2b5cd5fdb8ca4b9ac036ee3f105252,31.051898,121.769904
1791,37d1286d45b2d5aeddeed41d6ff283d4,31.155342,121.8105
1792,a408173792a011243647bf259a15d75d,31.08093,121.159291
1793,65103425c055fe074f97522570502b84,31.127539,121.389284
1794,31ac20ca32317c4ce049fcfa657bbf8e,31.017385,121.715431
1795,5c3fd669d437e82a3d909ddb58702c17,31.144653,121.478451
1796,d6372df37efbf59cc6099c643204df6c,31.25901,121.65797
1797,3eea0c4833551fe24d4b57312c2ec432,31.266813,121.512658
1798,21cef65560790afaf5fe8c389ae804f3,31.03333,121.427385
1799,f65e0b2d1c7c277fc1f81afbe81557d5,31.318369,121.407014
1800,cd92b133cf2939337096c439e60aeeb4,31.348418,121.427796
1801,d445125402c10b42eb229619e27d02ac,31.155403,121.57642
1802,f8fecbe9fcf82347339c03053189b217,31.023331,121.315006
1803,a750fb0f2e4d5d7fb9ed07215bdf0b70,31.220416,121.529149
1804,9d28eb446840401f66e62fe5aa8b2108,31.020065,121.23311
1805,50f34c8989d6bffa789b36e15710ae53,31.114038,121.415096
1806,ca40eda2602b9f35cefb711c64ecfded,31.00948,121.4998
1807,5e784f8cb00c7cdde57030d44c258d05,31.092058,121.38753
1808,b605091a8b612a26035c14b538971e31,31.106089,121.039819
1809,0b5b7dcccbdd10bec602af504eaa8c0a,31.263762,121.481215
1810,b19c98c169e11d9354d0b2fa0f1bc0cd,31.120714,121.42693
1811,95f84ae537c4b5dfea2f8dddab4e26de,31.205813,121.413544
1812,d83b155162019e713216e89211aaa5bb,31.183323,121.447822
1813,58c453ef61dbfa96f11c6e2508a4525c,31.327319,121.462047
1814,958df8bf33e5cf3a0f4f09726c883760,31.382812,121.242351
1815,ba667698cfc441e792e1f332c9035796,31.08111,121.263537
1816,20362710a662cbadd58ef4a543ef6bbd,30.960195,121.398632
1817,d37ee4d5389ee46740ef72d7d1f7575d,31.234545,121.743402
1818,df510a66d0aadb0f17d973ab0e7d6320,31.17762,121.511042
1819,d25110345624106d45860d2a79a52a0b,31.368461,121.372259
1820,7eb81ff9609255b50f349502c9382404,31.204179,121.538588
1821,8af6a071b74b5444c13a404f5fe4ab01,31.310614,121.476617
1822,ca7c6c0ecc8a0158cc0c54cd07a04846,30.739639,121.373695
1823,c624ec21754025506cb11b441f03c798,31.230287,121.557116
1824,d8cc314b17961a413d100898665339d1,30.990942,121.12541
1825,01d16fdda1fb8438cce6199a35ca72bd,31.095884,121.350551
1826,cf15aa2765330c62fe1c16cf8d58daff,31.406426,121.476433
1827,0966be50dad79dc5665ff0836d6ad8a6,31.177067,121.370844
1828,5d91c688d4890c07c1a1d7bf77f718b4,31.281567,121.557955
1829,9b72ae85ff2245b758c20aaefd7cfe25,30.897085,121.617832
1830,b59c513d68973b4fc4cdaabc2d7ff620,31.278808,121.419722
1831,f76f4bdd93a3a6267069facf80d86f57,31.150483,121.491401
1832,18207a99d0f9bb4c483b0219b0eb3415,31.142865,121.330843
1833,0300701c848e716ebb2cf3860855420b,31.1744,121.285083
1834,b788485de152b5422d61e23b998924a0,31.058805,121.593285
1835,78c9c96b8cf0ce57dc33a5a7b3e9e9eb,31.056596,121.721736
1836,31954f6c0b25600fe1f3a8ce3c87e3c3,31.352538,121.490272
1837,fedb9fdae3ab2886e7d54477bee13e30,31.319422,121.469372
1838,48f14c7f90b94a4657f85f3f576d3cc2,31.250332,121.594504
1839,aec1d330a841f57eca293f66f7cb108d,31.211485,121.403238
1840,d03dcc688455c8e3f622d38affbefa6e,31.109998,121.164842
1841,22e385838db90a9ad0cc862e022605f5,31.285698,121.612262
1842,52c0e02de83d6e86753943beaced9408,31.22258,121.428599
1843,599cadafbd3881de177d1f42cf312e9a,31.17023,121.337413
1844,20ea77db9558722026f1a19f90caf907,31.260165,121.541462
1845,e8c1b5ca583700f924216372b020dc4b,31.300493,121.323029
1846,3a0366495d3c879a7f85d13c6bcf37b6,31.069757,121.399847
1847,3262ac9ef4a04e8a80c008777ebc0edb,31.333408,121.552846
1848,b7919f1c7dd9c7c674e97e630af17041,31.174053,121.282683
1849,422ea454ec37145ceac9b2e00117f208,31.270279,121.531241
1850,ead60f9fa4b7668189141b5dc76bec7c,31.023064,121.534267
1851,4f534d5ea4db9119afeaefdc2a47ba68,31.126339,121.573213
1852,2a5b0fbacc4d548cacc5dd33a087b134,31.281917,121.435906
1853,fd453eade3732da90b43cade8bb6d57b,31.236405,121.432864
1854,de4685f9bb848b8a1b755236c089bb93,31.364503,121.391608
1855,54df499190f32fcea65928abe066ba2c,31.163393,121.381735
1856,3bb628e1d07c9b37ed24342c41b22be1,31.317294,121.460019
1857,5f7060c01f8f48d1be97cbc827281588,31.195613,121.40425
1858,59c36a6a0c911989df82f92a37ae9125,31.240478,121.526884
1859,d43c4dec46a1bd0bc204f4022cfef2a6,31.111396,121.379353
1860,7bcc75fdde677eb287ccb7d44efbb9dd,31.197573,121.454035
1861,4bfa90a71b6becbd9dbaa86657a86a7b,31.10888,121.390919
1862,14b8c5b3f4a227ada4ec1292ffaae7ed,31.200882,121.446511
1863,22890f4830b4e5b503bc6205f3770b7c,31.307215,121.486962
1864,fa81ea2a641f58f0a6001e33cf4e3759,30.830149,121.35652
1865,464a648c7c82d64a5322bb0e4e6cfbfd,31.292462,121.271212
1866,db6f5d2c1dedbae5531683b1c37c0a87,31.204179,121.538588
1867,6e0060d65d3b4b813d0475e85c5f132b,31.266743,121.481644
1868,f6da7594af066a40070253abf8d4e803,30.920347,121.057024
1869,a3c150c50ba09da3052165facd60dbe0,31.176489,121.188906
1870,a0ccff5e7ca1d03f5c38d4ec6826b96b,30.746286,121.344028
1871,9231fada8e46c1032f932a2d8b706965,31.3038,121.450721
1872,6c90a6c85fc8a79b3423a00bf8b487cb,31.109998,121.164842
1873,0f75259ec7bdf0c4aea875326263df15,31.202075,121.187355
1874,9b3b2da03192e9438498dc2238e8307b,31.219437,121.374523
1875,e823c7ae5d7e7c8211f2997954f9465f,31.165339,121.427732
1876,9fda6b7412fa4a0bf06ece7da0f83081,31.217372,121.460724
1877,940db2352c8eb0030a347882aa3c2bff,31.182198,121.390214
1878,9d6e910acad371b893a9b27a29b7ae40,31.186628,121.372116
1879,7ac5fd1046b77681dc25f569e71e38d4,31.277766,121.433047
1880,cfa8f4402830eff22810ee9280b4976c,30.827125,121.329382
1881,bde81754b56bece482b137d0bd9832b1,31.126777,121.367557
1882,7787abf29fb945e46c07c9ef2a508e03,31.162868,121.448422
1883,a7c090d2188dd42046a2ce6075287544,31.28023,121.543164
1884,e0c3df2c8ae10f37a380052959d2e63d,31.236009,121.478941
1885,52f15757095935aa3efbc883dec049ab,31.284675,121.516006
1886,99837afcd5627e3e2a737f024815a21e,31.166058,121.403691
1887,9ba1859ecb24a577bb23f3dc9230c8a4,31.127217,121.335543
1888,ca8c42f0350f38263a7178d1faf12f7f,31.327488,121.437837
1889,dce79bdbe52e307b7e0630ada9582153,31.125695,121.46401
1890,ab1d98da4f9d3aaca186e4ceb3ce08c0,31.155344,121.2025
1891,0edb7e06ed69023d0ae36d3c34556406,31.030657,121.236586
1892,0c9f5bffba30b60d00469302f222f91d,31.146311,121.399951
1893,6353333d4e31760d219cd39fefc84ccd,31.158515,121.1384
1894,56b951eac5b462455c48bbf956feba4b,30.910085,121.504947
1895,fe865e35f6b843c9f21c3d60e1aca0b3,31.299261,121.578516
1896,edbc54bddf16494a49f39ac057b4185d,31.237872,121.470259
1897,4cb5b5dad05adfe18e5deacfa09ff885,31.231508,121.577691
1898,a0573c2c08d1aaeec95084bacb740403,31.174053,121.282683
1899,24a00d7d5dff309e1e01400ec9068fb7,30.930023,121.011969
1900,c7a34b3fa50f924601e0e4e46dc3a208,31.1744,121.285083
1901,4243deb0d5730c8c6f27f249e7079ca5,31.081917,121.062248
1902,986b3db1c4cc736cfc76dc07189be7fd,31.319422,121.469372
1903,943757fb9239fc97c631ff806a8e2ace,31.444014,121.25661
1904,4a3c73df7518df226b09cd5569a6ee73,30.908583,121.656169
1905,ce4800bd58d907671e194bb08f0b9227,30.938138,121.327668
1906,897611e1f85656df477d2648d0315ad8,31.434069,121.448741
1907,10084d115308f97d9ede4437582dfa22,31.030356,121.535809
1908,925030221027d3e3e0c6018736cf93a2,31.208384,121.466365
1909,b86954238bc0a8e481b5ed3ae6b5ab58,30.810888,121.234763
1910,f6c7e5c4e431f5b48af3400aaa31c2aa,31.116021,121.287621
1911,109e39cefad46458e80708abcfb15cd9,31.2355,121.417315
1912,d355b86c446fd6072c4e9e27cc2dbeae,31.175781,121.643301
1913,c07e02dd32fcb0d8e373eba4495ac792,35.24116,113.276351
1914,6269875062a8272f83d054fdab341f12,31.117005,121.271194
1915,b38f8e16f4b9b89786dad7e2d792b299,30.920156,121.488943
1916,9286f1a21671cf80ca8af0a05f6797fe,31.17255,121.363745
1917,b71bbc7af862cb77ef2b372a77fdca4b,31.208346,121.544892
1918,c4ea4d8564436c0e5c1c8a7e5edfc46a,31.157677,121.424531
1919,2405a4772e56dc5154cd042341c49445,31.182415,121.381272
1920,03e6c209fef5b84a72fa63408c7aa550,30.977355,121.74808
1921,2af6e1a7ef3b5ac6e30a639c851180d8,31.267263,121.086225
1922,3b2370e8d32ee5c20f125828a58c4871,31.120753,121.381579
1923,62950fff3dec83ee4d753c18d345d95e,31.071955,121.234457
1924,b72877b946adb2398e92018aed0a8590,31.183859,121.415119
1925,319d8ff008ddf6ba5c4bac7ce4a5dda1,31.070388,121.532962
1926,59a3130b038e30d67b143015fca1afb7,31.209182,121.535827
1927,40a58b6c80b266c640e65fac0563a231,31.094914,121.43682
1928,48556ff441136cfa2f3a7bd39f20b3b0,31.217323,121.753758
1929,4b3e49835cbb95648a2d0e95ed049325,31.218201,121.487151
1930,8e71e726de7979e6776f77d77a4616eb,31.260959,121.562594
1931,34b8b1be9fd7f7d93bf65207ce095d17,31.3691,121.415317
1932,f4637819abdc3fe905abef8f8dd7680c,31.01613,121.203009
1933,c032cdfdedfa7f33169df3f2c37cac39,31.10114,121.181649
1934,19278cccdd231babd474c1780cd0a0f0,31.184347,121.441392
1935,1f450cde2591089e823d1d013ec2d6fc,31.219437,121.374523
1936,f4662441d0db6395e589099a141abb06,31.251239,121.428578
1937,4d3ecfa4133a22b127956944e8ba81b0,31.250674,121.47282
1938,dc0324c82a8e6e17d5994c4fb90f7d9f,26.139329,103.078562
1939,99204e781788090188c7132d35372fd6,30.910239,121.419143
1940,2be29a1fa5b786cea1b1c05c41fc0012,31.273767,121.222048
1941,daa154be590eeb86a1541aa2d886f09c,31.235847,121.536101
1942,471d6148487e3ad3556f02bcdc991ded,31.157362,121.221594
1943,a8180c0babd07efffd4176fadd713ad7,31.066368,121.2082
1944,84ae5431961947d68e5563cabb700943,31.177169,121.445517
1945,6975da313a5fd42798c17956c6f0897b,31.23301,121.442524
1946,55af0f967fc4827e92292b4b05960554,31.184888,121.510295
1947,613b04d0da463fdc8151bd585557911c,31.24708,121.419525
1948,d874a4ced87ddff98636e42334687da7,31.191674,121.699103
1949,7f9a5c06004990995662d2e20b5c1a6f,31.251614,121.464007
1950,2179207a62c37f8e5fd875dba2701939,31.222168,121.378951
1951,a3b31170c44023b7ee817638b1d8f14f,30.938138,121.327668
1952,792d78b2ee861298d59a8cdd20059272,31.125764,121.562057
1953,3275ac5e4d157a212d0ca11e0e5b4bd6,26.139329,103.078562
1954,978af7998c81447b52b5779ca4902c8f,31.078365,121.404647
1955,3493bf87be060be0320d5a4e5f39cce5,31.01217,121.265575
1956,ee7d82d70d086044da6a3644c5d28f60,31.355737,121.403678
1957,2a3c3b2cbe111917a2bc8c6dc8f557db,31.46933,121.246736
1958,605fde7e4d512b26d9af8308bc826895,31.087306,121.275545
1959,a48b4d2cde5e87902946a9e46493a438,31.05799,121.626154
1960,b336a8a086e8b27c7f0d75874c16ac1c,31.207679,121.489691
1961,af58abfe1d6d98cb1a1dc97321fec6fd,31.255942,121.38141
1962,2e2c23ed6ba4812fd3a2366ffb9ad68c,31.096053,121.518157
1963,d6e3279402bbdc78707428e0e91f0585,35.379598,116.072359
1964,febba38d3cf7255c1f1eed0e1b60d909,31.324066,121.536866
1965,32c609101d6eb3fbcc254805d7ce5741,31.294609,121.526886
1966,4539d8b93328ebcc769140d4b01ecb81,31.230277,121.448573
1967,6b5dd608171c1444db1d198e483d0a0b,31.219533,121.427561
1968,b9408630e85a6bed64eea7bd60a424cc,31.209913,121.425292
1969,ac13e061d3be7f2fdf3f75e8dcc0caa6,31.270369,121.443633
1970,c69b6fba31cc4e5165978690810f8429,31.114131,121.394475
1971,14a60d920b6f4adc6031ce74c0546d5d,31.208346,121.544892
1972,b341b594239f8b8d36ed78394426af68,31.162395,121.353836
1973,a39e7a2e302b0f1117e119d4a5810c2d,31.176489,121.188906
1974,68318dbb543315f44310bb7440acbca6,31.183323,121.447822
1975,386a495e650d8fffb90b7984b538051f,31.492475,121.328439
1976,42254bdd167c26706bd5844d33200201,31.312069,121.172955
1977,6827fbb90de1d82cde998dbd1fd2c7f6,30.80226,121.311879
1978,a459af971c7f74197ecae1568f5281c1,31.281363,121.459935
1979,49c939e05c5a033d6a857af24bfc7ec9,31.197114,121.442853
1980,9034b20f74454c07a9b8d139ef42530d,31.143965,121.573343
1981,44b25cefeed37f385fdcfbf15ba1721e,31.219114,121.423499
1982,b44171d4b152e000df125d326c4c3c2c,31.232893,121.380242
1983,58fbd1ff0c406b38b82075bba1d20a91,31.339114,121.321261
1984,e81f3f5a8f04548cb054b7cdcc577457,31.034322,121.601024
1985,fbdd26a5d332ba4b87bf83ed6a807a87,31.307198,121.511929
1986,2ae43e222c1d21b2cfa59b7d8d920160,31.068209,121.373076
1987,ba19287602a9bb7bf8e4ae96d68d8463,31.303976,121.474504
1988,88bc3c5052dad24f64c25a6d5406fc15,31.231663,121.428471
1989,c792a99cb9d8f9397d7043f3231c68c7,31.337218,121.465181
1990,cb7fa32a1ffb7fcad443fdd41af17b61,31.242991,121.515376
1991,ccbdb10b956ef41907e7e2fc9f2e68b3,31.338059,121.289933
1992,de0f93bd797738cd75b8cc6b4ac6db91,31.17023,121.337413
1993,215969d28881a79b1821ff6366552716,31.208346,121.544892
1994,a6dd0414f03ac476a9ecddb9e7b207e4,31.08906,121.722984
1995,15c61e9d6e34a0e292f8d7502b240fad,31.388641,121.444174
1996,8f01fd9f0d72d2654756430ed6e016cb,30.999098,121.447826
1997,fccc66fa284b92c177fcb46a265c42b9,31.104981,121.360938
1998,a8ae7843013f7f604d9df0ba815652d0,31.262448,121.504717
1999,2c884e141213ba54a4caa64a94e468ce,31.105352,121.438535
2000,10feec28769dfe4c5292e3c5abfb6ccb,31.144212,121.50825
2001,f87ea7898f7b060ad648b4689b588549,31.190185,121.443475
2002,31b0414b6224da1c634344414c3c2ccc,31.272151,121.375814
2003,f8d1e27e20709197538acc8ce03d355e,26.215115,109.744661
2004,f11484b3268fcada7b0a8153d2133c8f,31.223004,121.465956
2005,a4f6f37e64daa83b9dbf2853160d82be,31.072213,121.658885
2006,dc3e12b399c4326d6d495fbbd62c988e,31.326648,121.304442
2007,0e5e306e5c55984a07e4b7d10b56f7ad,31.127217,121.335543
2008,db04329d63b480bc87758075853ae31b,35.379598,116.072359
2009,70d5eac2236a7fa2ddd8af5412016c3a,31.252495,121.390194
2010,a770a8c0005e4871dc65f67487c651aa,31.126339,121.573213
2011,5a7e375e1b44e98e3d0334b4c633a516,31.260888,121.340352
2012,b0bc5f3d68aad4eb623759b19d85f4e9,31.141245,121.500503
2013,cecafa08543f40175d433e295adfa0ef,31.256232,121.498254
2014,4d1504def7dc99071012a6c4e91bc38f,31.213849,121.43028
2015,c080a8727afd6a5a29312797ef800051,31.284148,121.481157
2016,79fd764c0d82fb1065aeff989d06249f,31.406017,121.240101
2017,7863b711019a51c306ffa6dcbc737300,31.299851,121.163211
2018,ce8b244b16213ef221e8ae4f461b50e9,31.184888,121.510295
2019,b9718b2f63a830055450649a32d90c7a,31.149628,121.43924
2020,607776dab2467e2966e3db1980a4dd30,31.228755,121.523626
2021,7262d9675d8876709259b77b8f0563d9,31.26338,121.517162
2022,5d9c67690c9812bdf300c6a3c0b952bc,30.947965,121.640593
2023,b4ecfb52a889093eee5babd31e058be0,31.019691,121.249497
2024,027d852de057992141bde61dc7f0c9a3,31.234259,121.52572
2025,66a8c4e1345f922d4989b3fafe41d80b,31.049556,121.600672
2026,2f58802f08d37baaa0005765d01e29fa,31.151539,121.41109
2027,c59516d95505ce360383c2555b4072da,31.266413,121.351003
2028,a19e6568c9dd57992a1bba6c6511c7cd,31.209904,121.234203
2029,b70641b95d12937b2931e812fcfe8ff6,31.252404,121.435035
2030,6e14d4ec2d8954b11b366e30a48955cf,31.242808,121.420927
2031,6d7504d56c5017bab805fbe86bd36d54,31.201965,121.452457
2032,05861183c65a9713ca4d618a9da4235d,31.060659,121.399957
2033,8fbbda0d18dcff73a92ffae72e43ac5e,31.174053,121.282683
2034,ab5c01ca7b400023c8b099ae8e7b9081,31.010467,121.237408
2035,d96e642429e85a4c02a73bb0bfc3c151,31.19382,121.49524
2036,4669c23ad87b9c905e0bdf17f90aeafa,31.33167,121.440751
2037,4961cd502b9f7dccda3f11e3f2cea53f,31.132311,121.362691
2038,8991bb31468a24dfa290993ea3100106,31.183323,121.447822
2039,8e272b22eeaea88e2f03718b3077383c,31.254308,121.459288
2040,387962e741816fb41200fb9cb06cf4dc,31.246527,121.534982
2041,16bf83d344978e79594e8f354fff01a2,31.241014,121.48529
2042,0ffef1d8108a0f01ff3fe0d046383c54,31.143754,121.434357
2043,b6a1b1283b826a4ce676748b302fbc61,31.250339,121.440196
2044,aac55ab3cbb94e9f4823f60dd89db7ef,31.247519,121.322265
2045,8461ce78215b84d3572f945aa9878336,31.358748,121.52806
2046,f3ea1ca0e337c7d5e53da30d51744624,31.346801,121.577398
2047,f8cd127d143aa6e44666a5fba499d80f,31.134254,121.280533
2048,2b9d82962c22a072ca8d415e979f9fd7,31.195613,121.40425
2049,388b0699373c10d52edf6269c74c5590,31.307215,121.486962
2050,1e50b08e9c556119de8a18aa9da0d18b,31.260429,121.426787
2051,57c8795cd89c609b20ef5999deaad8db,31.283289,121.510576
2052,9708e3662ab4e19e00ab0475d4d54684,31.224731,121.43464
2053,4cbe471918164006a97396e559c47119,31.191847,121.381117
2054,6ef4bba7f30335dec22bb08014f110b8,31.007639,121.416247
2055,569066a3dab43d9b4e806a0cd317dfb0,31.108792,121.061126
2056,4881233c21715e33bacaa6958471e002,31.201251,121.561484
2057,fabe8d47f40bfc14a4b1c12d5fc910bc,31.17605,121.431225
2058,e3a18000fd5f434e732c33dcb8e0b5d3,31.152182,121.564661
2059,218e0e42afaab00c14762d94d99c33b8,31.174203,121.431404
2060,2c0798e636bde1195075c6c1bb50ccd8,31.140384,121.620758
2061,7cbe9e227dc73f323bb535de01f2ed25,31.355885,121.375057
2062,6965ce0c5c6d6afbb801c91b048910b8,31.301602,121.487289
2063,31a3a64c3cb5ff492bbb4db70a3a85d5,35.379598,116.072359
2064,8ab187743c56e60144fcdb1bf209deb8,31.200882,121.446511
2065,80badd1920552b089218ea31f92025b0,31.260465,121.461228
2066,8edcc0d8d11c1e560a58d91d640a3e8e,31.200249,121.443811
2067,2c4cdb70a9de801c579111cb7eae6e6d,31.211107,121.59082
2068,0a5e9d3d2f7bd64c13d23001f40be126,31.294378,121.567937
2069,6ef4f81d61b49de8f52d67b1013efdb1,31.412391,121.491247
2070,75e17e35c17fb7cb8aaedb971049b739,31.163393,121.381735
2071,dd4881896f70b6508b60529dccc9a268,31.300545,121.170082
2072,ea6e6663280259d2d8e83b64153fca51,31.120753,121.381579
2073,565e7a5ab81b8ff0dd3cc0de1172ab9b,31.155403,121.57642
2074,7b27a4acae69c620ffe2d4db5a8a8bd9,30.723654,121.330778
2075,99069b8fbd7bd4d4ee378b18b35952df,31.13756,121.339005
2076,ee8cf64e9be9bfbe96be2782fe4c434e,30.908583,121.656169
2077,917e0cf2e39eccb1c110d93e3215a35a,31.171686,121.441221
2078,9c6e7b4f6f86a0d606691972e5605a99,31.015959,121.227509
2079,0471a578949f27da6f9e0c84e27c98f2,31.231508,121.577691
2080,5bdf48aa343e931cfadee73e8df0552b,31.214209,121.659493
2081,f96df94b76cc0bc4073ee5fa10583307,31.230287,121.557116
2082,133cc56afba4ea659dfec35ec26f02e1,31.260465,121.461228
2083,5e3388744aa83ed5fff1289678dfd318,31.26484,121.498029
2084,57e3f1c4c751926bb3a8d482ff34ef8d,31.159523,121.435774
2085,06867ed57f4dd8d368d92db0bf052d16,31.327319,121.462047
2086,071d59bc90145d03e4d82dbdcb5b6ee1,31.32719,121.53013
2087,7f6c37133b7cbd41c97535fa85e73c79,30.946702,121.624426
2088,a5b7b116e6d9d978e56a6479a99aea22,31.286632,121.552094
2089,18a21091405f36b38f36662085f53839,24.284812,102.999068
2090,a94d52d62ed4ac867675023339ad08d0,31.246059,121.362706
2091,63410a6cbca5408b4a5b71b4aac54cdf,31.113159,121.06421
2092,0bfc1efb612481ade7cc40aab3704a32,30.950067,121.449083
2093,7e7fe16135e98ab356adb3fabf0bc2e1,31.210033,121.405714
2094,a943bb90d85004dc9affbf756833e30d,31.225275,121.47164
2095,2ae667e3648182f521e79267d3220b9d,31.253206,121.459958
2096,e4da336703646c3c8b46c35be66b03b1,31.133956,121.526289
2097,61fc8ec401b76fe60fd15d7bbc385e57,31.13107,121.298444
2098,574dfb19e269a187b865a3bc1ddd7862,30.8406,121.251681
2099,e082d72ac3db2b3b004eb463f43a4a23,31.344675,121.443963
2100,8e7caac2e6f1f821691c50acc772aefd,31.136777,121.546762
2101,51e12ae82a13b15237f75e86f2fc5251,31.070388,121.520258
2102,49d39091e28fc3922f44880ed1fa2437,31.168125,121.503534
2103,07487bb2dff0cd7e9e19b6a40e58e256,31.166007,121.457766
2104,46c822de14cf2a9ebf54fcc66712ca7a,31.273767,121.222048
2105,1d055857518c1d020b366155f3052b6b,31.246345,121.45371
2106,46c32b3b90b0c7750507bccb49804535,31.155384,121.771585
2107,6d841c1bad84f256a20f23837521bf1b,31.255256,121.500499
2108,d5fe6b6b104f551a8f271ac6d8569d3b,31.065206,121.803371
2109,84f0921cde6fa992631f0a8b168093e8,30.790922,121.348126
2110,9870e9104cec2e7920a7272b841149a0,31.30685,121.519579
2111,c964c3c5a0db3656079b64a5ffedd3b2,31.444014,121.25661
2112,767b5943c57c9adc7ba9c5252688a072,31.139657,121.298915
2113,5d5d1827cb2cfdf76bcb595c92518784,31.190483,121.434806
2114,5309336a01930e3e2e96058c76892b7b,31.184319,121.230946
2115,fc23150e23454f9fe76a05c30204412b,31.242365,121.503571
2116,4f1440a0b7cd781b5c49f53d35d5ca2e,31.070388,121.520258
2117,80fe54714db1df129ef922ba6a7105a5,31.177067,121.370844
2118,422d396cd6360e8477eed89084f4bd01,31.188821,121.387044
2119,398038a882f9b7d5a8045ece5ca66008,31.483764,121.274813
2120,a9b12fc242b3d9063c3938197b89445c,31.073061,120.970637
2121,3aa09222c247c8a017ed29cdbf0fbcc6,31.289489,121.341656
2122,0f125ea635f2f3d0ba57ec855644c656,31.044697,121.22462
2123,b0269d1559ecde69aba0d5f32a0680a0,31.32899,121.323419
2124,35ad938735989960ce59c803ffc8350a,31.054324,121.793035
2125,5d4509b02f5d32f5bbba4f983a076ff5,31.196266,121.537132
2126,561b201f81a72000e5f9279ea7f45967,31.337262,121.473928
2127,31799e2e28f579e1fca8ab0db7c0904f,31.207205,121.482691
2128,f5a6ebc46bb7f7cfd4c6328423b6bcf6,31.07195,121.150279
2129,706653dd4662fc1e1071daa4e4f636b0,31.154923,121.36045
2130,ba87889529489f3f16d1daf559f88667,31.312069,121.172955
2131,dd9b1e9200100fb365b0200c874ae825,30.846072,121.32313
2132,1bf3cf5dbb08ba886d657be9d704b884,31.311329,121.495756
2133,dcbe209a849c8989b9777d82460014d7,31.125467,121.581832
2134,d763bcae118483898bddea6d3f494b20,31.360977,121.444195
2135,f37e36f99a9881dd3659036b8d0c206f,31.158202,121.389411
2136,d845e8de32d384167f67cb36087812b1,31.268663,121.428101
2137,dc58003cb234b13f7fc66ae034d1a47a,31.019982,121.244295
2138,b727e1224f1f211b2a140dd70e76bd55,31.096325,121.341209
2139,427b3eb9f6b8a3686a88c8759afebc80,34.556383,118.79231
2140,c52ad63275af76906d88050af7cf0ecc,31.234259,121.52572
2141,78543f63f6bea6ba84ba92b6fd6758ce,31.214683,121.551574
2142,7243fc392322c822557bbfbb21a312fd,31.214683,121.551574
2143,179f3936c0bc8b7355f7bbc3c675e097,30.945561,121.150834
2144,cbb93a93d5cfcd5210f06fffc234445d,31.299749,121.170321
2145,c2be272ea61d919c28f9ccce599f951d,31.150398,121.537521
2146,04b0e16d0a617204600a0ff715f09366,31.384186,121.484871
2147,117f1bd629092558aac46a439195b62c,31.143754,121.434357
2148,eead88ffcbb82e3e65b3e495e6feaffa,31.26338,121.517162
2149,9ea8fc19a411cc65a6ffbfbdd1cc057a,31.327319,121.462047
2150,d32f1ad1cc69de455d058d46fdae7a9e,31.246106,121.443663
2151,e191bb5141a2d3a4bf3d9b2c060a2f38,31.318646,121.53899
2152,20c89be2ec7ee1e51693f697615b1003,31.290887,121.435064
2153,b603af51705c206c9362b498e9d685a4,31.368461,121.372259
2154,e93451e57f863120f2846df17996ac8e,31.270626,121.5908
2155,0aba6d6c82faa476bd8bb8cd892cc069,26.139329,103.078562
2156,075d7a945aeb2e1300568de4faf0bdad,31.252105,121.56398
2157,9a8fc07473b0b165c3c2fbae980cbbe4,31.209025,121.616514
2158,36e8272653d322657bf47d05b5e0415d,31.210582,121.529652
2159,facab2dde9947ede3b2c992b57865546,31.267263,121.086225
2160,90dddd9a09fcbf6532648c29ab86654e,30.853798,121.344272
2161,ebdcb5b1a748609296b3cd18cc5057a9,31.13264,121.32443
2162,079cd4934dd186415b76e3a90c790605,31.040378,121.255563
2163,c0c7c571c70ace2f377d65c54c3499bc,31.307142,121.362041
2164,426e96e3ac2b52e6cf99baaa1ff35df2,31.203987,121.520591
2165,cac9bd1c0a003ce5668b0ac46485924a,31.251614,121.464007
2166,915fbecbb70889f92787218aa5c3da2e,31.132785,121.413457
2167,cd629707ccf8649814a59225bd4ec909,30.938138,121.327668
2168,2c3cd536a591ad9e53702be5fc358902,30.880562,121.486561
2169,ebeacace2f966c6aadb4c77b73514089,31.019246,121.250749
2170,bac6bc6b0cb0ce1c4b71c58bcc290dbc,31.021822,121.590566
2171,7d775468ee24beaf850a7e077a7b1192,30.892415,121.023553
2172,9dd26f220b38d7b981eeff5ab04e3f1c,31.2355,121.417315
2173,b6d684d96fbc1a3da4f23c4513f5f3ca,30.723654,121.330778
2174,879305d447c64d674c55def86e0a60fd,31.230363,121.5056
2175,79a321596dc0a8381b95452f740ef262,31.415595,121.188844
2176,de7d6b48cc1ccb3121b090b8e845e8a4,31.266743,121.481644
2177,44d6fc0f1f59bebb224fa994f6c16841,31.356238,121.568226
2178,828398559a65a3f5a5b60dc3328a9dad,31.189701,121.543143
2179,0769a55a410e5e4a8e54f2e0a568f74c,31.295347,121.515155
2180,cc5f3adeb8ec8b6585fad9cef2b50e5c,31.13107,121.298444
2181,cb775ddb50ab7a94d71240204a626f8c,30.838466,121.228977
2182,da4e645bb279125189b876c3fc7c0c10,31.060038,121.195223
2183,e9d794244917e8743c8f7c08b2462ed1,31.048845,121.231719
2184,350cadc52424834a0e4d43c4b3461e90,31.370388,121.187891
2185,a4e3497159c542b3318b1558daf63616,31.2676,121.541803
2186,73ea4bad767d6f3b89f40738ae000663,31.066368,121.2082
2187,9a290c6d20fb854d6be9bbf777665b99,30.72456,121.344043
2188,6629787bc6e7d3acf9e24484e2fb8cc8,31.229334,121.368291
2189,efd80e1eacf37cb0b85321d315df0e80,30.847557,121.226776
2190,c6e70eb321e7db90e4b9107fa4676470,31.229071,121.452449
2191,de06dbf448ccc1292e368612d6936ed2,31.225266,121.444323
2192,4cdf9071a8b058fe5a9c90af95d6fb28,31.240869,121.481603
2193,466fe0dfa6689f5d9684a3e6d3aa51a5,31.234259,121.52572
2194,0a7fbcd06d500f9ad3555d65e10399f1,31.159704,121.457647
2195,3ae1cffde7b52e770cae0da12ea4bb26,31.269521,121.153127
2196,a94a21c2ddd22e9960ab9a1859083ad7,31.058407,121.330724
2197,740825c86b17fddf2093f3dfd9ee3add,31.070388,121.532962
2198,e1aea6cd041797c9dd76a40e0bc2c2b2,30.954604,121.333773
2199,be0624bd1bd0dc4c1c15da82ecf6e4fd,31.365408,121.245027
2200,94c28e148ffee78a62792eeb5eae0537,31.123394,121.278015
2201,6ec43095d19039033e1b33487f831052,30.919334,121.475563
2202,a0b8479e6a6ad65b8a346fdaa45abe11,31.233973,121.41641
2203,5bd9d9268a850bd397d74a4dd47f7f37,31.19868,121.485666
2204,ab7cce0903071e52eda9914a8badaca5,31.098359,121.073778
2205,062b5aa732bd7ac56f243479c4165e6f,31.070388,121.520258
2206,57e0c858f40c279d1a5794b1bacdd21f,31.199721,121.325753
2207,a463509743c7d80e9c45ab07fa76b471,30.933365,121.873737
2208,feb159977111582c1cd528b3594223df,31.108567,121.766873
2209,f44cbf38af2a0dbd76e9039b517f3ca8,31.202118,121.395128
2210,4ec9996107d5c250def63119b3f75fa8,30.983141,121.540945
2211,a5baad5209655e95cf514976f1150518,31.27975,121.497791
2212,73bf3ed22706250c4737972083a50af3,31.198836,121.215066
2213,e40bfab17f0add59e23824e9b46c2db3,31.142941,121.443942
2214,0e4fb23cbe35ef8b89c460f0ce6529db,31.116021,121.287621
2215,59e88868e48d084c2410dda49eca27f3,31.074814,121.713455
2216,3ededef6fb8fcc966ac0f04d30aebe70,31.221591,121.351862
2217,6f30a5e423d579b604a117b5afe3f356,31.042021,121.204506
2218,dba2be7b2e833fc8b39f1b6736b076fc,31.010467,121.237408
2219,ac57655accaafebd39dd61d87efc40c6,31.085146,121.589124
2220,2be0a59783bdc80d1157c5f70d6e48dc,31.280867,121.656939
2221,7c1ab812712f92e0d518c77f0e260e8e,31.33167,121.440751
2222,846c38baac11a4254c857d45f0d213ef,31.23301,121.442524
2223,3b29d540f537a0155bf0732bb5fff5a1,30.889897,121.320413
2224,51638d8a3be1b94fcca16fdae64b8e77,31.203987,121.520591
2225,79c78ce556c972eda45608d4cbdd47a0,31.337218,121.465181
2226,173419371f0133e120759ec45858738e,31.270279,121.531241
2227,dfe1d81e237f390dac78d6a8f3a71056,31.178359,121.279284
2228,22e86c74adf16b4918abe74594884cdb,31.285741,121.626244
2229,5649f7d832a783f6e9c8674b0284f512,31.28023,121.543164
2230,e3f5308260515509a5399df4870a6494,31.254534,121.34772
2231,0e510c3ed9756c585c51e00f9c5007bd,30.954604,121.333773
2232,7138e7cc4f5fb6ddf65607b72ade12c1,31.141245,121.500503
2233,b136bc9e33f5d26a69cc3614fa197e97,31.303224,121.308726
2234,57e7cbd1fcee5905ddaf2b5058eba574,31.311631,121.354326
2235,72d3c5daa15ce2da1c644ccd059c70d4,31.180175,121.422303
2236,67fb409395d89db0d3920a3b3f8efbb5,31.042149,121.539262
2237,7a9a361d8a946c5467bdd89e754e5b87,31.190301,121.566862
2238,29ab5d0ebf2b6de00ee019f2886c2121,31.161635,121.286602
2239,d2d86ecc9b0d5416a270441ee930c0bc,26.215115,109.744661
2240,c397d35b59310851299956e27bbe4d5a,31.265054,121.456413
2241,78f763fe40ed8987fb3d62370f030925,31.201064,121.438699
2242,bc27d28a1b76f312c6ad529d575ac64e,31.120714,121.42693
2243,8a27442db3ad6f4a0291054e41623177,31.250332,121.594504
2244,9a4adc338b23d864d3215b850a3c96d2,31.19382,121.49524
2245,f75600f56b8bc9338c0c296638fc1542,31.086136,121.507054
2246,63717954a79dae6fcf66c2f02d78d3e8,30.72456,121.344043
2247,89279e724c1cbd08a253cde9832a5aa6,31.290887,121.435064
2248,534973c5ddcb71d939d017f040f3e7ed,35.379598,116.072359
2249,4a071f9eabf11e8127fa4eb10843ecc2,31.171101,121.507145
2250,e3702e87378e812b4c36082cef5f331e,31.038911,121.226883
2251,71174cc572eefd5ae7ccc57b59fa82e0,31.318369,121.407014
2252,18fbdc92bd340c6ad7ee27052799acda,31.228017,121.444777
2253,22da05b813a219a9b02a6db6abab29ed,30.915122,121.560642
2254,5ca4a816dd76c0a53fee01a3b2d26d3f,31.39034,121.272165
2255,1c2576e7a655057e1556edc7ca1f6275,31.13756,121.339005
2256,f6c37e56bdf487757f24a16bd83f60a3,31.260217,121.525816
2257,a542c903620bdaa2859155c232be0350,31.03333,121.427385
2258,3df0d19556a5571661dfd5be8b6f4ff7,31.117844,121.402074
2259,dcd28b8db3a85291e4811ef3d8611c4d,31.280339,121.402957
2260,f4b71848b40e661e143b956141fa4202,31.233761,121.670586
2261,33f0c1c6ebcea20e0c2d721861445da0,31.106759,121.398956
2262,db3330f9d5505df7b211395cfcd32874,31.234499,121.463079
2263,7929bb7e866965e4805d4cc1ed9433d8,31.167279,121.113649
2264,1771b8d01ae5ded9b5d41d70d01933e4,31.236009,121.478941
2265,59664cf707cebe1984d58415fdd71f95,31.144212,121.50825
2266,546690f76f0343c7b17b989ebd0ecd12,31.16346,121.405127
2267,9d3b8de1b3dd2889409de5068e1ff04c,31.138371,121.416975
2268,119c738eab2dc06f83598d3cd10452fd,31.318281,121.447698
2269,ae2172ad44dc945cd1bc5c36f0051b9f,31.327319,121.462047
2270,2e058e519dfaa66706f5aaf3626ba068,31.158843,121.127268
2271,c29743837cf090eb6ef41b03f629ff32,31.161066,121.354642
2272,338b7e045d5c3499a648052e88c13bbb,31.159523,121.435774
2273,e0f2dc9de68c75d26214f9b2f5ed45e6,31.366638,121.43543
2274,145e5fd82284e185b94d3ab4c3bcf341,31.081475,121.523285
2275,4b955ec53899fce9664527f2f5d74bd9,31.307215,121.486962
2276,60ae4343feb73fccbe325162bf08ca81,31.371694,121.443832
2277,178113758a8094e9e9f8778c21f8af84,31.196135,121.558528
2278,f2dd58fb47b3a72973ada2f56eeab5f5,31.137509,121.40768
2279,be788099e0f5c290389f5c067c68f37b,31.307268,121.521916
2280,bcbae0ecad5e012e9240704c94e02024,31.208384,121.466365
2281,73040921657b915951ce6bfebb0fccad,31.132785,121.413457
2282,52f9cf38d255f49566f1c375f1c70cc7,35.379598,116.072359
2283,e3bc872b1f2391ac0d98fe53b153572b,31.177169,121.445517
2284,71f7a3b144a4a555de28646bd8c4b4a9,31.175781,121.643301
2285,da366d8424179f73cee65831d7c6129d,31.220416,121.529149
2286,267e25b6248f8ab2c87ed603a145c9ea,31.269929,121.453419
2287,c0b3da25160b9f9a6430990ed358ecee,31.202395,121.6278
2288,ced7da152f43ab6da96c18797f9d0410,31.060038,121.195223
2289,3a73017ca2254d80a0993835972d3e5a,31.155403,121.57642
2290,a9447936bd5ceb21c764775e0a74734e,31.125764,121.562057
2291,66633d835358dbbdb8e30a31f504a57c,31.209644,121.56447
2292,de913dfa5efe1ad2826bb35309c8d897,31.265705,121.420959
2293,2de4519f87257555362e943fe5e94c8a,31.190301,121.566862
2294,dbac651eb24aba468ab60486e2b40708,31.276567,121.483483
2295,93cbbce1aa08f396ecfc9fb4a4c517ba,31.242514,121.493696
2296,bb49410bf7996f14191f5e9002e66b04,30.74139,121.380141
2297,b1866c1ce65a3a7f4695ea7c6aeab411,31.019691,121.249497
2298,2c7d0622ec1b95f0c01721f30230d011,31.252105,121.56398
2299,3887990ff0ef0384027468760ee4e179,31.026816,121.426094
2300,3e1e76a30b6c53705e78565f07e1b50b,31.227762,121.495598
2301,5dfac0fab1d3cb2c9d5d5eb22753777d,31.257553,121.311711
2302,dc9a40456f3af4e66f706b40441d14f9,30.773575,121.14093
2303,fcbffab2234486ff037e38e63b332f58,31.13107,121.298444
2304,746c7f47717c54785e80385389e6d671,31.288667,121.527375
2305,bd812a2ed10eb7347d3ba7c6afd2bd23,31.168241,121.437559
2306,0d7573cfd6ae0bd25ea6361d9b5bc6f2,30.889897,121.320413
2307,a5328a0c8cdf87135a82a01161c35c61,31.387989,121.396749
2308,5342e1b212159b56120edbbabb808d9b,31.334186,121.50238
2309,01486c8a8a2ff1b14d6c09372bbf3f62,31.294885,121.244609
2310,c022594254084de45462af8faad9c35d,31.304576,121.522177
2311,ca66b4065d17c244f9cad4587e450cdf,31.102445,121.413911
2312,8c578526e5176ba7a08fbe3d2dfedfbc,31.277512,121.287969
2313,5573010d5470e82c707609452b923926,31.371694,121.443832
2314,00efe17cb80d0d919577c1092de4a72f,31.378285,121.436137
2315,a63048aaffd54854c3133e70589bf6aa,31.109806,121.242241
2316,c0a2a42d86c010e31a6a6eccf19a8604,31.053362,121.431405
2317,c2bfacaca65872afca811c45d5778dd3,30.715526,121.351073
2318,fa6bbfded0e41085610718a97215cf34,31.233201,121.469528
2319,e54ba9c5a8e5bd1fedb434720fd05442,31.28023,121.543164
2320,f82501a40dab731b31a1f0904eb7b2a7,31.040378,121.255563
2321,a5fe6e1bb9dbf10e3c50823539927aea,31.163705,121.503747
2322,fb505a0c43f75eb5fa744db99d4785ff,31.140384,121.620758
2323,5cfa589e672e778c278ab2bfe8b7e13f,31.012926,121.423939
2324,7f93d357ab57e9e5e63095d7a6965282,31.312291,121.46631
2325,ba0b88476fb75fe597b02cdccecc5326,31.270362,121.612773
2326,e6ccaeeb886f7cc398319cf5db9b0274,31.19332,121.430385
2327,ecf40d0a93d683433369c3a9626e014a,31.10114,121.181649
2328,ee14cdfecbfa78fa6386fa66dc25c01f,31.260429,121.426787
2329,c306ee4f032e4ebf9145aed375ed6f09,31.120822,121.29001
2330,b8c9a281b11b7883a4d7dc043cb25596,31.010124,121.538644
2331,986f7512fb5b7739045af79cda76daeb,31.140979,121.586245
2332,d3aa52e84b2cb8fc0d7d901961055460,31.209182,121.752433
2333,cc7f59ecac7114fdaea5f2ae152f1787,31.456258,121.413525
2334,49eb5642a28408a484956c5325f553f4,31.412982,121.496282
2335,904313d1c3d4936e72394416bfec7aee,31.242078,121.331128
2336,ddfcec6901e47319652b8cf063af2487,34.638922,119.467017
2337,b3349ed9897966f84f5ce7178acbb779,31.36124,121.451839
2338,7bf41f3e3ffe291518d4690b716a512c,31.252241,121.57094
2339,c4c1ccd13a27304534018317c3bf48e2,31.070388,121.520258
2340,3840415e0459215f675e35689e8c5027,31.199721,121.325753
2341,b1ff3e6c3ce0b74d89a2cd7ed719e82b,31.154875,121.131226
2342,c3329e2e7e1ee7dbe650d09790816eb2,31.141982,121.459872
2343,8920f4e858d5b9935a4be2ba98a45ead,46.777465,131.812182
2344,ce1cb707080fce39378b367253be0232,31.265705,121.420959
2345,8cee60ab5df91bc6d0413deb2ed74fee,31.280262,121.364633
2346,915c4c12c3ea9929ad8611f1b3cf7699,31.300693,121.496182
2347,68f425c51e01f0327b4a0b1ef3489cfd,31.106759,121.398956
2348,bc5c18acc630ce33d6b619588b367ceb,31.241762,121.50497
2349,e715957adbddacdc9a25a15e55303f77,31.130862,121.091425
2350,1d19bd4ac76e28fcbe3c55b245fd8ea1,31.139721,121.673912
2351,4aa405c6d0d30d817d9387250b5fb3d8,31.430745,121.187414
2352,219643765ac355b4aef8965e8c212af3,31.254912,121.371838
2353,eb29f8ba5b8baa622f969e39af5ff903,31.323113,121.616609
2354,3e71fb490e4c731f6bccd200c611397c,35.24116,113.276351
2355,6692d4e5af24be614246f737e6c3c987,31.0887,121.513069
2356,df88b9b822ff0e1d5e7fbf0dade48aa4,31.113501,121.393037
2357,0bb3f0dac5716d20a2c122b4be1cf54e,31.373175,121.438741
2358,ac431c0334cf922d54157ebbf6d7848e,31.198093,121.126168
2359,9b6ddca8a5ef17f795c72946c880bdd3,31.122623,121.433813
2360,cee0f86f377eee4400b3b576eee84cba,31.196135,121.558528
2361,bc09a69042dd7e76e8aeba4dc9d8f401,31.277512,121.287969
2362,ac765184c25f0762c3ea35b408953c3a,31.007327,121.431151
2363,e6827f62270b2cad47d7eeea99a28349,31.155403,121.57642
2364,f9110dcb117818bd1377756a316f17a4,30.899117,121.175731
2365,8a31422c4eb65d154fd802f1e87f9a39,31.299749,121.170321
2366,6c8196377c08d381192a1a9422816807,31.294508,121.537685
2367,17125d8262a02607c7b60bb5ed7ee879,31.258255,121.471554
2368,83ad1d8e5888b772b5ba31ec4abf92a6,31.030356,121.535809
2369,c9b2c56c5f12b2ad32e11acbc05c03f2,30.967774,121.447499
2370,164eaa7e2e77eaefd0bbea7de996f953,31.370388,121.187891
2371,b7b81ce78659f6611f44ef817fce823f,30.796356,121.199264
2372,f927922c12fb978bd180f93f4855679d,31.252404,121.435035
2373,efbad8d0cd9f8c702f4a37e107c69fc7,31.281813,121.354285
2374,bbfaf522af90951f1c5ef151eb5bc412,31.356238,121.568226
2375,274f19e6de3e5e7f4b0288404b972ab0,31.302746,121.376994
2376,f3564a29914d1db9f783cd4ec507071e,31.318695,121.410448
2377,28ad96a13087f5d3e586e1839428bec3,31.232729,121.566935
2378,d69405d39c8b1c5e0440f4dc8d654220,31.27975,121.497791
2379,d043890746bad658a9e8f2003bd68e98,30.867598,121.198612
2380,843eaeb6020b7ebf4e8e8a512f3eaf84,31.078365,121.404647
2381,3cb0429ae218b879979dbdea175c9c17,31.288777,121.390078
2382,ae90fbdb3054a77d03f57f6853164577,31.222168,121.378951
2383,634f09e7fa9d1c23b37d57a2801e2b03,31.012926,121.423939
2384,606b78c451a290b6eb579d73b7b67df3,31.275331,121.286529
2385,596dce03602c3ff69d8414e9bec09f8c,30.723654,121.330778
2386,57124169a01305ba1ad0a63d3a3ffa86,31.203987,121.520591
2387,bb69cfb8651998199883946b14b84112,31.232877,121.48753
2388,e9a84d3bcbbb2be0b25858ee9c0f2c7d,31.155403,121.57642
2389,cd2e98b3c5b65cb0239ff453a05eadfb,31.206194,121.456569
2390,af8f25b857f61ba39a3765d11ab8f6f2,31.253601,121.4782
2391,ee53f68839c74732df113055cba9c44f,31.412982,121.496282
2392,0bc3e48e8548d75fc257521664042921,31.243738,121.486223
2393,f3265e0cb31be8b54b3e801cdd4011a9,31.378631,121.277965
2394,fa1c9bb134ae7e2a9650dd1db54b8f20,31.366638,121.43543
2395,019cb2a1c1eda62e390be7623d73ac84,31.111821,121.385462
2396,019fcf3c219c57bb3f28b8e21d8553bc,31.065206,121.803371
2397,dbffe3ce69359f19e83dbf81fc6cfe74,31.26604,121.399004
2398,c8b4094350bacc396d3842b7f96a0a7d,31.081475,121.523285
2399,e79f3655bc383d8c1d02c725db7700f8,31.080824,121.390896
2400,cc367def0b98eddf9f1aa6e845f52aeb,31.141982,121.459872
2401,b1c1042130b795c488ea2905010b681e,31.252404,121.435035
2402,f0dd1082cf9dea441ed1649efa8694ff,30.989121,121.127308
2403,4068c202af5fde16fe838aaf61e14e34,30.746286,121.344028
2404,9fee72610140eed2f80dfe5284c51f1b,31.03732,121.18963
2405,c729d9ebe3a3a975bc4f0a8b89876856,31.179835,121.429502
2406,220048dda836363353b0dbdb0ed175ba,31.287814,121.355886
2407,c4b150afc9558ab1b5ff148f5f04731c,31.280348,121.592755
2408,37648eb0c8d1780e213c144ced001898,31.180897,121.463904
2409,5a5b55ab019932a17d752c9dad679ae2,31.391131,121.251789
2410,b6c89306f16ea66382baae636547601a,31.343106,121.455682
2411,ff9fec83c3cf820ce25b0f5d1e3d4aa3,31.247519,121.322265
2412,8dd7a0942510567094c8af43e28d1d33,31.016895,121.42971
2413,d939a3a4499fba713830339a3be9acec,31.309645,121.4911
2414,747bcb12125d73ba98671a9f4ba25f32,31.130862,121.091425
2415,6745c726504ba7e968fe6e6d58d9ee3a,31.230748,121.485488
2416,bb8a60eca82bb138f5085c932cff1c09,31.002479,121.390889
2417,9b2cba458c577e4c81d36f31c487a8d0,31.055129,121.770244
2418,ffddcc270716c9db95c88bd33cbf50a6,31.051731,121.423756
2419,b225105eb02a7eb9de5e8b4ce5aa272d,31.320121,121.459018
2420,b3c16460b164ef1b9e1348563f014444,31.236728,121.42407
2421,fbc10dc0e5461e4735de2f59f4c88c00,31.120864,121.389141
2422,3fc1e5ab7a423971176022dd3902601e,38.052584,114.484137
2423,abb5a1e8cd0e7c90a1352e5f607df4f9,31.047441,121.470836
2424,da08f6e336460ef50f9dc408962e6a8b,31.163432,121.354451
2425,2489de0dd56c411d5fd66e10b4cfc25b,31.25079,121.48933
2426,f8ce9f88c82c3e70824e996daad5726f,30.908583,121.656169
2427,50ef244544415c242a7cc75eee502089,31.023064,121.534267
2428,ff71eae384c0966a641c77eb9e772944,31.319806,121.526248
2429,f8c978975d299c773eb425f545f128b4,31.300693,121.496182
2430,08f3349ce0f32142f244c0cdc3c0561f,31.158843,121.127268
2431,c6248fee57a95b8dfd4a00b223857267,31.166046,121.642137
2432,71fc4337f9d382f357547282f748af22,31.334186,121.50238
2433,514875428fd52318dddbacfa139f4b2a,31.396351,121.44222
2434,97d0478036d4a781d3822049f537da68,31.311329,121.495756
2435,dc138910fc530d826453c17aa5e0bab5,30.741693,121.367052
2436,960258ad918909482a65ba7af080e27b,31.219133,121.524846
2437,a1162d3351821b50172219afdec3d654,31.304576,121.522177
2438,64a4c261364f55344706a768d2d6e4b9,31.141982,121.459872
2439,dd837980df5590a309194f38cc568241,31.236991,121.441554
2440,edf12696b2daa5f529d5230d135a302e,30.910085,121.504947
2441,3c92327148c83cdf6118f03617e881d2,31.291242,121.489761
2442,5f559a0457cc23686edbf2ae09f64d2e,30.884387,121.408648
2443,ccaa4683cdb1e3eb4f08206c17411113,31.146311,121.399951
2444,d6528dd52f68c958fdac935be728d784,31.300545,121.170082
2445,a5d3bc95060bcd0d3af00cb80a442832,31.010467,121.237408
2446,2b92a81e14f726c21c1f764a64a4ed20,30.945561,121.150834
2447,249348ee5b70502c56b7e91920f2eb36,31.095884,121.350551
2448,6f3b82a2df6fc014b0a63eb4a5c1c57f,31.247519,121.322265
2449,cfa55553a2d9d91fa0340dac946f037d,31.284148,121.481157
2450,d98ba27da117f465cb4dd9a72328ddd7,31.208108,121.41483
2451,d3ecaf3bf68858f24cdd88c462b80d19,31.249162,121.487899
2452,663a12c6770a8635a8e2fa04e52a0658,31.087306,121.275545
2453,9a15ecb9c1f6883af6649e4f8571acf9,30.919873,121.464262
2454,4a6770885c8493a0ad16a26847cb1bdd,31.247569,121.41575
2455,d6d726ed022462510524f65bb4f7144b,31.177067,121.370844
2456,cb1f476c61e581343aa7c7393e29002e,31.069757,121.399847
2457,5d2fd7f4b48174fb7ef9c4b9b8634d52,31.224552,121.482535
2458,7318c5094b59c11e8c9be85e9ddc0e68,31.228927,121.486896
2459,b0067c113378ca7da8948140b13059d6,31.313444,121.309439
2460,3508df0ad960a554570aacf8b64db325,31.221591,121.351862
2461,7defcf9226c32f371b8100c48b326704,30.898527,121.22367
2462,68ef70e1f9dfdc35681dd72ed189f00e,31.163432,121.354451
2463,15c34fa43441ecfbc51fe5e087df2c32,31.390234,121.254572
2464,17a6a139e1cd39b24454cd773c1d9a95,31.019982,121.244295
2465,37b93c126ddc82edac5e7dae3445668f,31.268894,121.692432
2466,4872052864d9885730aff3c60f740a30,31.118723,121.248449
2467,c5efbb06defcd295b7fe17f3b8d9038e,31.239025,121.551622
2468,114f0c3aa501ecc172b0d744a2e8e6de,31.191674,121.699103
2469,b593cf0e5d3c7a4133fc93e47056fbe9,31.28386,121.530324
2470,8d559fef51e2c50c3925d498fa96d77f,31.190185,121.443475
2471,4dc0f72c2c9e5004ca94d18188b6e189,31.030356,121.535809
2472,9986ce9fd1b324ef25a12cae44db7d7a,31.146311,121.399951
2473,cc89424a14587e1048f048104a5895c1,31.307268,121.521916
2474,93a9cd61b99255525fd013c64062befa,31.252877,121.148181
2475,7d5d11fc6822861051a7699f83c668e1,31.223981,121.478274
2476,0bba11fbc6465b110ab41b9a53a7cd95,31.209644,121.56447
2477,f114d0872b247a817bca0536edf8b985,30.893975,121.016922
2478,7c872e9626bf65b76477c395cff5dfd8,31.230109,121.434393
2479,91e26e3b7b8f0b2589afd88c3577ed18,31.158202,121.389411
2480,57090bd5326db30bf51aa078269c5223,30.978506,121.447689
2481,38b5321431100ceae1184b40efecd34a,31.020065,121.23311
2482,2b1039ff4d66a26a436dfd85516b89b7,31.358014,121.37617
2483,600fb0dc7da18e18349617ba9f05acaf,31.261132,121.093167
2484,f9771aea4f9a9dde5e330a80fe702324,31.08111,121.263537
2485,ea84e71ac0a596666f2412f999d5e455,31.337218,121.465181
2486,61b1b371fc7756bdb641b7c41b6fc2c3,31.32719,121.53013
2487,5cfc8f4b356340b698a1b5b2bf7c6094,31.32087,121.393055
2488,dc560395ffc66fcfef2ffc33d0d1cf0b,31.106759,121.398956
2489,e6b060eda847ce0cac04898275ec3301,31.307215,121.486962
2490,6478017cbc4c51ab463593efd626c1ab,30.995864,121.568444
2491,c0650822a7e45808c4c8418755620a44,31.10366,121.420217
2492,5bac1687167c57e969c772ccf4b21cc5,31.412982,121.496282
2493,1cd2e67262e4c5268b8d280b01c04843,31.278892,121.710661
2494,c500f22739d25f1b34747f2d06fbbf92,30.73407,121.350673
2495,4d539b2b34ecd014bf52ee66e1c3e1df,31.284086,121.212427
2496,fd9e0187235b441de563d3627fc15c79,31.188821,121.387044
2497,e6fd1c8beab93e3a951c8fc11b2020d4,31.204179,121.538588
2498,0828d01f330eb441e1d16fea40321526,31.233201,121.469528
2499,c06c27827c3f9c4a2a97c5495fa18943,31.279012,121.514374
2500,d3cb4fde5d057e34b0c15f0bf174cd58,31.277512,121.287969
2501,a5cc43e50b67404ee8d23602befa3abd,31.346801,121.577398
2502,565450df7bfae526a8949c3e95b42fa4,31.116791,121.166516
2503,4792dc94530697888241a7a69e2d1b8b,30.908583,121.656169
2504,71b9e5bd916881385b66693526f8e2fd,30.956624,121.334663
2505,485faf8b31aaafd763a767e13fe8f903,31.283201,121.665402
2506,ad64e7adabe0bbcce6e22cdaffa4774d,30.889225,121.177092
2507,98a39dbce6d618204a79a6085c63b93d,31.260217,121.525816
2508,ec488d64031514559653333b09afe9b5,31.277766,121.433047
2509,0413d8c58ade8877c3637ab07f60b073,31.142865,121.330843
2510,7eff180897227a33f1a57e46e42f11bf,31.370336,121.265507
2511,a3762eac94caea319416996e53017bce,31.200882,121.446511
2512,48011c0e723b59952e8eb17405db637e,31.241036,121.374063
2513,205dee235b88c325e3c9de7f53ab5a54,31.145439,121.417433
2514,cf08df3241bf1896f04373e319ac9ed9,31.206089,121.105074
2515,cc362d2985bbc3c809d87327e08dc97f,31.242261,121.507912
2516,8beb0e31a1049cc475c859642d85ffa9,31.284148,121.481157
2517,dc637dd9ff316a11fa0c7f1533025ca8,31.046945,121.764826
2518,84a74df98581c13e60102e34acdfadb0,31.371694,121.443832
2519,a1e12929191325be6038c7fdf928e47d,31.378631,121.277965
2520,2cd0890c0ade12861b2864c653f248de,31.090076,121.406999
2521,9ea2631acb34ad99b34820e688675109,31.120864,121.389141
2522,bd1822b473de613d5854b90e80343ae5,31.081475,121.523285
2523,0c6111c7b043c64c3092c9f2c7c5027d,31.123394,121.278015
2524,0c083155c563a087030f52cf3aa8b79a,31.268663,121.428101
2525,9c5a79014cdde4faf8f82bd9f573f905,31.223004,121.465956
2526,9bccec2588cd62906c48aa61e5156391,31.19382,121.49524
2527,8271f703e32463fe45077935b560c01d,31.395973,121.258897
2528,c890f9b54e45b525c96a1ce352ed0005,31.246527,121.534982
2529,8b26323e791b9054cf1dff208d63279b,34.556383,118.79231
2530,32fe7ac381b3c268c3dcafa384fca323,31.146311,121.399951
2531,71686a9088faa1ec2c2bdd61286a7845,31.051731,121.423756
2532,dd54cd0f03b275c6782f30e49f3a8849,31.273966,121.429374
2533,5f7f552db6c095fbf22283c453dbfaec,31.284953,121.489071
2534,7d11e8ca380fbee204f0240194868ae5,31.177646,121.555355
2535,8abd591bee9c55cc55c27d020372d409,31.410741,121.442349
2536,89b534f6b08d78a099431cb9978c71ae,31.247155,121.23112
2537,1b72f4d59c09dd9cff007527b8756226,31.054594,121.339133
2538,a400081fd0b78c0bb60c4ba7a5856673,30.889897,121.320413
2539,40f17e140c067b1faf539873a7f61bf1,31.224452,121.511537
2540,a4063f9bf5989fc01fef3f72997f4710,31.321039,121.453913
2541,8bfd8169be62fe646a3107c3cceee703,31.299073,121.552202
2542,15bf3d10815911857c02acccd4b3a7a8,31.062583,121.44986
2543,272421cc48d7d7e0a1e40235a2aa81bc,31.209913,121.425292
2544,8fbb1a317004fc15aa1f72693c630e56,31.153746,121.504388
2545,fea50c2fea814b506327ba0d5bfbded1,31.238742,121.530031
2546,364b54db391370379783d19fba0e8cc1,31.401391,121.463758
2547,76b8bfca19455ea2b18328ea9b0205ed,31.224373,121.364172
2548,c4b8e12f93e1d9372c7f2828f50a5612,31.202118,121.395128
2549,dde364af22bbe9a985ac1de0ecb271aa,31.282271,121.524511
2550,a1cf14200e5cce7f972e2cc5523c11be,31.123394,121.278015
2551,7ca88c7a206e9848062e8bafb55fe009,31.071955,121.234457
2552,06ea9e30026e8c1b7b51fce1d4c82e7d,31.057069,121.599172
2553,b8ed3a39d6ce60929e884d45a446d6f1,31.203978,121.423912
2554,bf4c0e2d71ba9fe3663201142049e303,31.3397,121.298473
2555,07bfec62191bec291ae3de01d05305b0,31.120753,121.381579
2556,5a71a07f7969ef232219d68fa0037a0d,31.038911,121.226883
2557,faca3920d27448825e2a3092a9f2031c,30.872205,121.530081
2558,4c1b4ddd79ae092f18a2d7081910154f,31.152157,121.514858
2559,8a2184c06c9dfdc5a0c43fc5de35159a,31.24143,121.475172
2560,bd327c82df463d737903f53a59a25cb8,31.22135,121.391319
2561,6fdbff07eef1a557c05d7f3a207b784a,31.192915,121.682688
2562,dae5eefa83cc08ec0b02a760fc2df7c1,31.127217,121.335543
2563,892929e0eb4ac4f6d82a9ef494c7eeee,31.077825,121.33981
2564,ec583a3c7ae9bc52c9ed4c88002da7a5,31.132311,121.362691
2565,d052b610c2b1a21cb4ca9a9d0a93ef21,31.280339,121.402957
2566,a8370e22e697f2afaf00fdd918021088,31.227933,121.45361
2567,7b2aceac2fdaa05ebf4c0e4c97269aea,31.159667,121.515041
2568,4574f522eaa08574b87712e3a7f053b9,31.121363,121.369095
2569,2fd0514e5636836a886e47279d142b37,31.090076,121.406999
2570,3e1332075f2aa1ffea7be5fd880f3f8e,31.236728,121.42407
2571,1e9045e57a7dec2fe28d42de19b4c3a6,31.084634,120.989297
2572,32af2d5107481d79df7756137b62a36f,31.425786,121.422506
2573,334644cf896a09134cfbb9e1841460d7,31.114038,121.415096
2574,096bd4b4d6fda8e9c64e472a9aaf73d4,31.121932,121.33481
2575,91956563f416c5c5356b86dc9368ad1e,46.777465,131.812182
2576,bb9759f2b74c2532142fc1d6c0774bf8,31.065206,121.803371
2577,8157f0bd4635bd153c9982837b502971,31.100465,121.401931
2578,8040d3894da57eef83991859b328be2b,31.051247,121.480621
2579,d296f52e59ffc5c3161e52b51f514dce,31.140979,121.586245
2580,d077ef67ab14b6a92cce4443588df72d,31.088801,121.536584
2581,bd958391d8da881c08b7d7eda27861c3,31.021822,121.590566
2582,dfebb03fd0bf3cdf300f4a392c71dd07,30.8406,121.251681
2583,fae7ce78a1028172c13523d2cad7bd8b,31.202395,121.6278
2584,67f833288760852ab120b7c703ff552a,30.900531,121.399787
2585,20544a11c3c673de6b01aabfd230cb4e,31.111821,121.385462
2586,22a57c48328e7120d5e5748b2dd557c5,31.113159,121.06421
2587,ab1694ec986f0ed1858cd0f8b0aceb6e,31.121152,121.141999
2588,323441ac0bf0191e7f3d9fb47535514f,31.223134,121.43817
2589,083ed320fc262caa00820e07f48ffa9b,31.131231,121.398758
2590,0e5474a620b75af9904453a7363a6b8f,31.208346,121.544892
2591,238c0c8451b6e09fa1eaecd5ce7ff9c5,31.295004,121.516367
2592,af5a90515b3fb60eb9f0004341cbbef7,31.046945,121.764826
2593,9a41045e79fdf4995ae1c7135f3c4a80,31.048845,121.231719
2594,b35e5a3dc0b6517864b2aed60dd37e58,31.39034,121.272165
2595,709c071b97fd0dd8bc87e5b25613417b,31.085146,121.589124
2596,63a08e5f884a45747e259c3363ae9d0d,31.015724,121.40907
2597,988d82f71b0acd76cdd4e984a8f69d63,30.74139,121.380141
2598,c25632d50949e9f655370a3126a6737b,31.180466,121.441251
2599,7922892625cb9c4981e52484876b84a3,31.218716,121.568667
2600,34d0f38919e79f5a8e97a9474524f10e,31.270626,121.5908
2601,54848a2295111807f9a2559e5b8b75ec,31.355885,121.375057
2602,0c17653a08f41d72df6bdb94233b4cab,31.288044,121.356098
2603,789cc803b8449a6dbd2814d09c8791df,31.120714,121.42693
2604,9a2805d98ba611b75042511331a9daba,31.17762,121.511042
2605,2b7c3314a129c43a5ee1ab518eb21db4,30.894923,121.319564
2606,68b15ca23276385081201da69c068d86,31.099085,121.386207
2607,25ff327a29f9ecaff49c9968eac1fcad,31.181485,121.520026
2608,25d7611d14daac3f01a7a74218464508,34.689694,112.407126
2609,b1dca993f77f25e00c386a7c4acbc5a7,31.244559,121.724977
2610,2f6cbfe0a208f068e6dc2a9f73bc7d04,31.285059,121.406807
2611,df2423b98ea6d977db98e0070b23aff2,31.248587,121.277434
2612,141971f5895cd3dc5d6fe468e861209e,31.032045,121.783775
2613,6381a3b512a63a29e2e0124b422ec88a,30.903508,121.331287
2614,43a4c2198de36d3d589f099bf1815476,31.018376,121.40507
2615,8e6e8d974f87dc376ad411c59ba2cb72,31.247519,121.322265
2616,938d971da1c469fd0702430fff52c1e9,31.13756,121.339005
2617,2b61c55f9cf3d5a46867e0b88835f3db,31.217074,121.510123
2618,bb0e514ce2dc506921c70a3a48bd0ed2,31.239319,121.265377
2619,9f3b319127b26669511f69917da82475,30.898595,121.030128
2620,499c13d4744b1d7537657485ed431a43,31.205759,121.26316
2621,70aeee6a4f0c2fd56840ed1cf7d93362,31.292008,121.36941
2622,5bc817d10859491e472c6d1b85c8d6c7,30.816155,121.298392
2623,ffb98db81932112e147c6661a72ebcd9,31.253394,121.389864
2624,bfc9dc3d8a88bd977384a877d8a1cd25,30.898595,121.030128
2625,b05bca57b07b8ae1030e4a08af3359c3,30.991472,121.430726
2626,6841f38260330ac4e098242765f752b7,30.983141,121.540945
2627,d26e83ff8b5fca4fb46312cae79b7e46,31.203978,121.423912
2628,24e63dc51d7f8850e13437eb480d46bf,31.326138,121.48973
2629,0967e09eb740bf0ca19dcb7ce93720d1,31.150483,121.491401
2630,be289cbe405d5e5ebec3a8bf204f489c,30.919873,121.464262
2631,a592efa433364a4f57ef7db57c3fad24,31.218812,121.401309
2632,cd3fe544baafcaab5ace509b33208539,31.149628,121.43924
2633,0473d184879abe4a5bdd6bb41a0c4e24,31.166058,121.403691
2634,c90fe1cb5161bc338b19a7cb85a5a8a6,31.194928,121.366998
2635,52c0d59d7605e8dd978882b0c40010f0,31.140855,121.360032
2636,4d10d2dcd9cec5daee3f8467f9a4c143,31.254111,121.408424
2637,a9e003d4fc25ea849ae457803d0e9792,31.305269,121.397452
2638,8aa5faa4216942f4a78ae5dbb9e94d44,31.233973,121.41641
2639,1bff7dfa319b95f948c93251be434762,31.140384,121.620758
2640,bec79cbec870d51c1601bd8c2409f57e,31.174053,121.282683
2641,5ca7d1fdeb0d695afce6c23187fb3796,30.893975,121.016922
2642,01694b31ea8f03ec86b58ed854d84c2d,31.307215,121.486962
2643,c0ac04cc1c1517d12d819fd45ead3ca3,31.31724,121.237444
2644,7e65935ecb62152456ecb38a6d10ce07,31.224117,121.4732
2645,2f5f43f08091fafaeb5658b56aebd511,30.978506,121.447689
2646,76c93cefd55c1f8f1d484a70290900fc,31.017385,121.715431
2647,8551fd72ae3e442fe99442955abed69d,31.283959,121.416644
2648,0c47abaa4b856f8b3f2e2ff4a26438dd,31.137509,121.40768
2649,8fd761c47eb086e68f2ef2848c310d96,31.312825,121.491112
2650,c4c5aa3f10f1ee7f844bbc296939f58b,31.078365,121.404647
2651,c7dcaf067c157b70d58bde71377f2419,31.134254,121.280533
2652,7bd0cfa675e35881291676eb368afff3,31.412982,121.496282
2653,94af4157989cd757b2c64fc78ddddf5d,31.117005,121.271194
2654,9b31c429b92ad855b1461065401790a7,31.317584,121.626266
2655,132a321d9ca430537add9c2eef70c269,31.152157,121.514858
2656,294ad9a82e4efd7ed199d3c857632712,31.294393,121.497298
2657,b7e7f6542e68b616801eae046fbceab1,31.142218,121.413767
2658,4e95b65ac8ea568f7448296ffd36c3f4,31.051162,121.311884
2659,085049d62fcede4077c368ed041fa410,31.078365,121.404647
2660,6ab83e7ca8772aff97d36cb34cef4b56,31.096053,121.518157
2661,4ba264b00bbe9c49b54b621f93415e47,31.327299,121.452936
2662,8ea4e1c29cd5252b191d2fdc66240a56,31.054506,121.460002
2663,f51dac487ceec07ce429dfaa6dd5e31e,31.180897,121.463904
2664,e4649a2c31811917ef614bd9549257be,31.072213,121.658885
2665,fbb7dfe4c05fa5a2d1649c9a6f1bb2e8,31.243013,121.416207
2666,05927113a984d2ec13d3a1afd2251530,31.155297,121.573504
2667,8cb12c76673fe530373a5b98b9ba14e5,31.051898,121.769904
2668,8930daefec26f749b9004f541902249b,31.143965,121.573343
2669,00ddfeea18b1ba63b01fc5a6c2c8e753,31.143754,121.434357
2670,c9ed3eb53601abbb6507a881e6289c47,30.834815,121.197836
2671,f20bff2c31ca2ad2691ebf9a990f7529,31.2355,121.417315
2672,922b4e451e6013fb9c3ff46a006f0675,31.180753,121.749174
2673,96d638a79d34d7b0d68e27d62746b569,30.908583,121.656169
2674,418ee1985d802492243cbb5e2d6ed9aa,31.137509,121.40768
2675,bab7d33d10246c944793b896f6373dbe,31.207205,121.482691
2676,17ab64de54262a4fc9328e392dfd678d,31.294057,121.171316
2677,3a3c576e5f9c52061e1cce1ecc7f6dab,30.887807,121.346419
2678,bafe7223dee10bc95d1d16d6d0755587,31.24641,121.548541
2679,1a67a8f232b5bae1b6ffec7df89d30e7,31.237022,121.546184
2680,39f12ae612cf8abbeaf4a0f7c42be851,31.153746,121.504388
2681,c3823fad20b28c50062f4bdce6ee268b,31.113501,121.393037
2682,14c93a194da2674816ff424121431115,31.254111,121.408424
2683,13c2ea573fac46a0a11a027d2a69848d,31.229334,121.368291
2684,654e23c9bede58e4f1af2999f32eea01,31.154923,121.36045
2685,0f17c18a3a38048e4a32217cdb78056f,31.142865,121.330843
2686,1aa58122fb824d2b6001fd2aeae5aa49,31.283201,121.665402
2687,2c033583d03534f98fd6d94313984a03,31.08532,121.237002
2688,304ddd22309437ff866a9089f0462dfc,31.252495,121.390194
2689,f71064d9ed320cef99e60df09f4d29d7,30.920156,121.488943
2690,394e54484a717ef4df9651f632aa81c2,31.191674,121.699103
2691,a6f9d2be9788f60066c2b15ef4532876,30.741693,121.367052
2692,a21d0df9d911e9cf8269cfa0a73843cd,31.243738,121.486223
2693,b8fb866bce1478bd138c37cb05ea0eab,31.288667,121.527375
2694,95cfba060808da0c2a49842620abff0a,31.370992,121.177459
2695,9f56b9f60ceb07f3a880c201f9ccb3b6,30.73407,121.350673
2696,4cb86d09303aab738d2dab380ae201ef,31.291242,121.489761
2697,f9bd1dd35ec353ff1c1f0b47fd65df1e,31.32899,121.323419
2698,b740e08d6bcb9a00392c8eef077b335b,31.200249,121.443811
2699,3407fd96077e940e4509565321be919b,31.323457,121.57815
2700,7e59fc0b7328f41aa96d506179ffb250,31.146522,121.352501
2701,c07182662abed849a92b054c66d23129,31.1744,121.285083
2702,ff222c4137d6c8d65368c40f6cfc9776,31.241274,121.36272
2703,4148d2bfeaf939499e79ae33af128658,31.217682,121.499709
2704,a275198c7325c01fc524560565bd2017,31.245242,121.479617
2705,cd4c115ef883e0cb0236be162735cf22,31.233452,121.480931
2706,caee7945b9b1e781b41c53e2ed4df7cb,31.155297,121.573504
2707,b3633517128cf9c05da6c57436682a87,31.312192,121.456456
2708,fae45d78d4e16744e8e8af3d6712ec02,31.390234,121.254572
2709,a5b40b2da3f946ff7110b64ca54b3ce8,31.035283,121.246093
2710,d7ca93136789933b02b124d43c38b1a6,30.89577,121.697282
2711,7bdfaaa3abf9aeaac55cb8c7f4c29b4f,31.134548,121.39095
2712,7bda7ecba0869e399d47c9576b64a798,31.236405,121.432864
2713,419565d3bf1c0372eb25e98dbeed56b2,31.051898,121.769904
2714,1a851dfdd6110f2759d698494298e9af,31.109806,121.242241
2715,5859dd002c70a6ef1ef9d06771818912,31.208384,121.466365
2716,a44998c3f79b1175795876f4988a287f,31.058407,121.330724
2717,ded2511954dc1ce6fa644b229afc67ca,31.300693,121.496182
2718,13a63b1592d8edd30d3df4aa7b9f6bd7,31.173856,121.350522
2719,03caa286b8cacba9333b89ed487914b5,24.284812,102.999068
2720,49c23c698ffdfaa814c2f42f19c89d97,31.231585,121.517218
2721,ea0e06f70d4590262954562d01192d14,31.234545,121.743402
2722,c87cf83a02459431646197572b6f335d,31.247519,121.322265
2723,d6cee162867ed590e00eea8111d949cf,31.374842,121.264224
2724,98d954df5dc62811d032f1888590268f,31.240874,121.518086
2725,afc8deda4cdb099070fcb64a2f5c5f9d,31.32087,121.393055
2726,9ea235280c158952b7849f351f490050,31.149628,121.43924
2727,5b4ea8e3027f99dc994317e2ebf34bd1,31.07195,121.150279
2728,7f637b7d03e1a50e87cf159a8ee4ef3e,31.3038,121.450721
2729,e710c5a5e5dca3a53d9ba264ffa9b53f,31.360977,121.444195
2730,ea884f5b945865a69f27e06d49a64f02,30.919334,121.475563
2731,1d5a619948f209531c155fe2d751208e,31.273024,121.42572
2732,27d62575e5b7fddbcd71efd898987de4,31.062583,121.44986
2733,1d4c54eb79b6bd1ec90bfa1e5a1c9d97,31.420803,121.280523
2734,0ddfff184e1448ed770faadc91fc9500,30.954604,121.333773
2735,42f204455805623ec8aa58a21223c7c2,31.229334,121.368291
2736,577a0de6fa563549b3ecaebd9c480d6a,31.143297,121.132883
2737,bce0a49555762156c063ab69649a8da2,31.035335,121.117893
2738,420dd65120a53282127f885106891d81,31.066368,121.2082
2739,eb335d00b6ca5ae9db314b1802c1fa08,31.316181,121.405014
2740,02758c83f1efc231ff9156e488aa9111,30.910085,121.504947
2741,535de400790bbde2d8654ead26f547f5,30.912581,121.465142
2742,9a3c8950381d7a7d9ab91a4cff63f27f,31.159704,121.457647
2743,e15129eee4f703619b4d656e8dfca5b8,30.933573,121.55651
2744,de0f66b1d9f352fa34a6400188b4b3a6,31.235461,121.498056
2745,c31ce86b4a83e8f3b9473927e7c345f1,31.273183,121.488391
2746,4ad58ede391f03f92f3da4bc5ac34f62,31.279012,121.514374
2747,1cd7058aa17e756325a667ce14a494d0,31.191818,121.538713
2748,1618a982c36260d49b67e9695b5bd4c2,31.304576,121.522177
2749,e8f2d61ebe93c2c9276bcef2a079b066,31.274535,121.48034
2750,24dea6a5e1f919bfc3c491a2ff9ffff1,31.252495,121.390194
2751,e2c7c19303c4d82932d7156e9b61e571,31.121363,121.369095
2752,1c02feb8207ee55beaa5c07af4a6a00f,31.326418,121.501541
2753,51ede7862dd31da66cf46ee1896c7046,31.230287,121.557116
2754,727aeb29a5ffa49595662804a65359b5,31.230395,121.46599
2755,350ce936360a243337ec71b9eacd8b20,31.052639,121.761696
2756,21b9f4ee9ce31490d02fc17accd4a1d5,31.282237,121.42091
2757,074f7824882fb52334b4e6b2311bb05a,31.077825,121.33981
2758,ed5b04e9611355a8a10b5790eb6a05b7,31.410089,121.244982
2759,9ef922dbe910ceaeb1b7a9a46e39eea2,31.307268,121.521916
2760,84998a7b6380fcdbe5e9ba2d1948a7f3,31.031459,121.300841
2761,7a15d1eb0907faf3ac529d27f8d602f5,31.307215,121.486962
2762,3190a8259b69bc4bacb72ef7f110f47f,31.246059,121.362706
2763,d4710adb088bb9993f17b238a72de113,31.204179,121.538588
2764,3e7af7b3a31ac819beefe5b10cde9519,31.213701,121.41802
2765,6a970d35b0d41eb73ac195e9de223c69,31.140855,121.360032
2766,f37a172120f7635d158c9f84b115ff4f,31.202075,121.187355
2767,4490f855fad18c21b136165f0b90f1c2,31.08906,121.722984
2768,9ee1b469493f42e06a5b42b39c5978eb,31.191674,121.699103
2769,51ee715f5d9585dc0974244d049cc306,31.284148,121.481157
2770,6f96e96444bb37e9d6ac1c1c640d4fc2,31.137509,121.40768
2771,71d732feb30d0408b7b206892f9d50c0,31.254166,121.224476
2772,f9c25138506f80769e91100465169f1f,31.456227,121.359857
2773,d36785c03240bfe45728692594291833,31.19206,121.438501
2774,9361a5ce7c8c97090b66b396b4ff8de4,31.109271,121.617421
2775,508c13f4383b77857e09791e4de3cbba,31.160079,121.37079
2776,4a9a009d29fc6ca7a25984a76a8ebd62,31.229094,121.480266
2777,af98db37b42121bcf3b7a45cefce539a,31.284086,121.212427
2778,65d7d106075edf13ab9c2596b997dfcb,31.273019,121.307617
2779,c8936e45a99ae19dd8803ef414142928,31.165339,121.427732
2780,54cf08ac98e6e8c67eb7193606a772ec,31.274169,121.221302
2781,8db27e463e595570a7ed2028b1881210,46.777465,131.812182
2782,3f265002699c7d0a5a3f17c9d8dd5839,31.444014,121.25661
2783,69f6f707b4c6ad6f6bdc9ead3f68f4b0,31.273982,121.512661
2784,5cb9e7c60f9faf0a21b33a2e1d655892,31.038201,121.216468
2785,24f92435196f853b33fd763951607e58,31.254912,121.371838
2786,ba664ad6f2aa1523b31dc690df492128,30.999098,121.447826
2787,92aba8d2c59197e03e60534207bf20bf,31.307142,121.362041
2788,f7e04b2da4a2622a1e32d0e6e93dace8,30.991472,121.430726
2789,b1ed0ef9ac351bf306541585ce6e928d,31.228755,121.523626
2790,ab1a51801f483aaa38ecf12236405550,31.201237,121.669336
2791,b63e2cddf13d455ca70ebd8646c48879,31.086136,121.507054
2792,fd51247e727e89e13bf0cd865421b42f,31.283403,121.541263
2793,01556420aad962fdbb6e423da4ef2a24,31.133956,121.526289
2794,f0af34a1a53d10af909c48be65bf8556,31.221052,121.503967
2795,786d27cd65022eead70f8b6bfbde6bed,30.716187,121.349498
2796,459c87366387ccffad653a6e5a7f28cd,31.21899,121.492002
2797,6ae5f3037b4157b1818d4120443e993f,31.234259,121.52572
2798,3ba57b8f4915f5532a641ea9193250a9,31.153746,121.504388
2799,1d6f9f4280861ec6e3205302958b22a2,31.054594,121.339133
2800,d37d91c21c86ab13a105b2aac24a33ff,31.13756,121.339005
2801,fe4cb1fd82a8735df9e3d517df984fe4,31.32719,121.53013
2802,d2379110d59fd181fced95f6425f3852,31.140979,121.586245
2803,d2eaa05d0612ba84809be7ce53b11041,30.891482,121.739107
2804,13e8a257f73d9c3956a088eb8a7f4037,31.307215,121.486962
2805,56a6213edf9244d01e1590c0a591fa8f,31.154875,121.131226
2806,db9a1a7cbfd009030e065f6b062ff5da,31.056648,121.404326
2807,5d2ef770ceb206bc9d9f81cdfc6ee741,31.112548,121.538798
2808,f701ac6e5a87226c33b77950f403c346,30.751838,121.360056
2809,f040d3532094914d5b24bfb46592931b,31.236381,121.484201
2810,8207f3f361844df043b3adda1db4c8e2,31.227933,121.45361
2811,8da7d852cd418944864d1a67d6f2112f,31.27328,121.47376
2812,9b7618cbea71f5a7a69b70a5d492c0ce,31.194792,121.466884
2813,abf3953a2e6c094667d52d7eb4837333,31.058092,121.235964
2814,b201682aa009afb7431d42623bc7f9db,26.139329,103.078562
2815,e98525a378153e07fa5c3fa154de35b6,31.257756,121.601633
2816,36f21ace49c672b4c3dca8ef0077a6c0,30.739797,121.32739
2817,8c5d4fedf7489f5ce58c36913db0a986,31.116103,121.43571
2818,42f78807df11ee695cfa79032a742c9b,31.276982,121.460649
2819,c89bd24acd2c635ba7bce70d27844edc,31.231687,121.32576
2820,62913fa90e0b212d8c84a8ee5839811b,31.183857,121.637321
2821,e33faf23174b988c62ed2c82e5ad792e,31.298418,121.539277
2822,d52d99270394418872deb4ec0b5af48d,31.324066,121.536866
2823,0cf1fe8168a212e4edac79e1b149d767,31.069757,121.399847
2824,6b844959147f9e6741f9989dffe7270f,31.069946,121.719641
2825,4b6cae3374e39926505ddc41a64010bb,31.202395,121.6278
2826,cf97b911abe51e190b795bbf8309a461,30.865062,121.662776
2827,1d36208c8952070b840ac8cccecfe61d,31.044697,121.22462
2828,ec94e2bd93bf2e9b305d163425d245c4,31.030356,121.535809
2829,00a05a4f2b937fd38888c03213c4deb2,31.318389,121.653955
2830,92168a5a24da0db244c4f482f0b252e8,30.967774,121.447499
2831,95533165c9477b6d136defe3f0972e8c,31.224154,121.43807
2832,506580594e4143cd2320f25b1f7d73f1,31.301602,121.487289
2833,a16eb28fccb8efecef84c07ec4f5c7f2,31.2077,121.669382
2834,90de504cb80e9a79099d548dab6c4a31,31.279012,121.514374
2835,fa913debe99e5483cd916b07cc282e0a,31.400853,121.483671
2836,74596fe55c4e2c39986e594f48a49f42,31.209904,121.234203
2837,740b7d27cb5f176bf8b58e3694bc73ae,31.300338,121.526827
2838,6f726673a244683ef8b6918d1abed9b1,31.241762,121.50497
2839,f474a1f7a7c22c4b6e5f7a00b13a65e0,31.011886,121.234971
2840,5e9b4b8225239a560d3976fb3f1a9f62,31.177646,121.555355
2841,3c2452d507e67ab31978cda577ff0226,31.069757,121.399847
2842,ccbca6723925087ab60a856ad4ac60c1,31.096325,121.341209
2843,b683b759a680c748b695e3ce5cffb1be,31.012479,121.240994
2844,5e6b81986e28cd1208e40d6d162a6095,31.017385,121.715431
2845,2b661482893876b8f36384a49f1e3a20,31.285741,121.626244
2846,08b4e5148f64c06d1bd39f124ff23cc4,31.17762,121.511042
2847,613baaaff97f28ea394a243fd9820a95,31.056648,121.404326
2848,3278550892e0e47e2253598815038c68,31.227666,121.431017
2849,779c24a6aea16aae170035af2086ae80,31.116021,121.287621
2850,4996a18ff01f6e3e376f71b64769f225,30.892415,121.023553
2851,aeb44d8226795d793c84a2aefbddf2c2,31.27369,121.537119
2852,9c6917e95b599606c309e88559f6113a,31.145387,121.61623
2853,2d5e5fb3d89f6c469cb9f279168982bc,31.163459,121.574025
2854,5f2d38c6ce5893afce8509f95e69385b,31.296405,121.392803
2855,2c3cf3054b5de5a8a975514c1ab638f9,31.224226,121.43839
2856,66c5a3274ba3c30fdd054d252872abdc,31.153746,121.504388
2857,15d9bdf7e1579221e561914cd3f5e256,31.246106,121.443663
2858,500dccd45b798a4d0b725e335476dbc5,31.058092,121.235964
2859,ce6a9d85ae4a8b96afc99f7cbd0c7f7f,31.247155,121.23112
2860,33e86284d17737aab76a0feba2613510,31.204614,121.432408
2861,7651e970c10a169db611dedf88cea1ea,31.154909,121.436989
2862,b0a01abdbbb86f09800e027c34b1f598,31.132785,121.413457
2863,8a99694f4396f45eb7c63e42cad8c85b,31.263651,121.573401
2864,93a2690b7e266d55ffce5eeffe63a6ef,31.19382,121.49524
2865,917e15776c6a9e75e7b6b5a2763d2ae5,31.390234,121.254572
2866,83971fdd2bb260e5f6827bc97887e3d9,31.144212,121.50825
2867,9efb21aa1bf3bf2e30e798d4ea56ef0e,31.258255,121.471554
2868,46ae221c7448ce52cb6fb6be402d9341,31.2077,121.669382
2869,b68697236bd9101d49a9261f88902289,31.012926,121.423939
2870,28ea7b3151117e0b67ff8a3851a77c26,31.410089,121.244982
2871,014bdb2bf0779f520adb73058c205f0f,31.321039,121.453913
2872,67c133063b65083ebad6a9527c0c2cfc,31.276718,121.371696
2873,9a1b71cd435fe32767198fd7859ac8b3,31.196135,121.558528
2874,57abceffe3370faba21d65b64910754e,31.253657,121.443859
2875,489747152eb770f3b6d1e14fa871c9e0,31.260217,121.525816
2876,64ebb15bc365491ca7909e82be256aff,31.215664,121.46829
2877,13506e6f505bf6986ea4b1d12d285482,30.954604,121.333773
2878,015855744aa3597232f657d4d1249545,31.312672,121.593011
2879,bff178f660c938abbc27a9842795b724,30.93561,121.517165
2880,7bd6c8f79b60f55539b897c7d8e35129,31.281917,121.435906
2881,88f1f822d8148ee8c5ee67d690e93222,31.096325,121.341209
2882,b7060fbba00d8bc8df23812de24fd46e,31.396687,121.378844
2883,8cb4a84f3000aa2596abb0d7a408eed0,31.193811,121.373792
2884,681d13f902d9b271905dc28423f2c5bf,31.155403,121.57642
2885,380f7267b80e847a4d48c68adc0e6d7d,31.287632,121.458734
2886,a14398d9e3160dced3ac86f7dc824825,31.283959,121.416644
2887,cc7df1fb2dbe2fe45ef9a0303fbbde04,31.232729,121.566935
2888,bf1e8ffca9a85f7e33264b01cf121d4a,31.283959,121.416644
2889,395b439bdcc30d6b484c6e56890900d9,31.074013,121.407487
2890,3a8f488e5f935b7f8a48bd39d94b68ef,31.301057,121.388942
2891,4afd4b545a86ff1fc6a14857cde3ca13,31.217261,121.391532
2892,e4f0a4b17da7d80b787f8e20a646954b,31.021822,121.590566
2893,9db06fbf87f1939092863a7a39e7a3f3,31.159304,121.358718
2894,c1bf204e2985304981644abd1166578b,30.990721,121.803969
2895,f3f7108fee650c001c53478da1e13fb2,31.19107,121.554321
2896,e592dae3f77446457e1eecbeb115606f,31.053362,121.431405
2897,85702578ac4ea876a20a58983e710e4c,31.155848,121.383402
2898,ce8ebee4d483cb6174fa7b29115daf1a,30.715526,121.351073
2899,c779a057da6943347f995c31c411d3cf,31.109806,121.242241
2900,619c8bd2b8f703a49af71ee0a9dd721d,30.898595,121.030128
2901,19dfa5585c9851e0c1c1b1a302ccf127,31.150662,121.434931
2902,4528d3988b48e341832e23fd2b2576e7,31.300493,121.323029
2903,a12274eab62101b81ef5cca74d8e6a66,31.143297,121.132883
2904,71ef077af5cf2a4aca0142236e4a1132,31.373346,121.135761
2905,396574acc48e48cc2377260aed54bc91,30.935314,121.733322
2906,e1e9c312e1194ae14468a4a0ceefe6f7,31.117005,121.271194
2907,c0830d3cd13b288300d8d71bf08582e8,31.152182,121.564661
2908,086dbc29b9633caaa4c257adc990b848,30.960682,121.447242
2909,eb27bb0336edf9435ee84b0ca3316d63,31.216472,121.413336
2910,015e984ace1a59a043b023385a16802d,31.406426,121.476433
2911,a9599d71a12066342747244c0f8593c2,31.180753,121.749174
2912,f08b913dce1c481be8c85772720aa8a0,31.04139,121.741651
2913,a47a4e72282935d876fe99b3a554b539,31.254912,121.371838
2914,caa527612cb4226a5aace4f8b1fcf306,31.157241,121.418919
2915,622083d01653db78203ba3553dcd3146,31.176998,121.423586
2916,cdcf51b992f4080c3601670eeac74849,31.066368,121.2082
2917,aa30cec4dcdb0c0ffaae2d37adfc7153,31.213903,121.410198
2918,902ec1a6696b08f65656249a5ba1b1db,31.199721,121.325753
2919,b066472683c2c06bb5245796d83059a0,31.06623,121.321933
2920,638056c5256945fbb639724a4e011770,31.13756,121.339005
2921,db1dfbb182e8052e668305084401b89c,31.17023,121.337413
2922,887b90ed78190d9abcf682c74a907496,31.455174,121.413981
2923,d0346b2b97c949358d093ebb7e9f16e3,29.263844,115.023159
2924,a4b20765950d6076bf0b80a15cf750fb,31.301057,121.388942
2925,be678393e25c58174ba58cc852ef7622,31.123394,121.278015
2926,303d41554dcb7a882e4806861f49bb6a,31.159667,121.515041
2927,a69a1151cdefa37a0e1eadf688ac0648,31.317294,121.460019
2928,aefc71bf473e3657a4466558ddd6c7c3,31.242627,121.730079
2929,50b0968656ca7b162881e564e6607a90,31.171972,121.140685
2930,824d56e2d515eb46f5aef59a72e1c995,31.263651,121.573401
2931,4d9e77876cc3b0973e874adfe5de3408,31.301057,121.388942
2932,2166fc913d8763d3027842c27a390780,31.051162,121.311884
2933,229c9eda9aa4bb10a95f648fb278d5e7,31.257553,121.311711
2934,132eb9e878d277f8d6f6977591f66a58,30.892415,121.023553
2935,e19ec4db67bf81a8bda5b9a803d833a9,31.244229,121.475231
2936,53cd66043e094a5c4b3312d89a8bce70,31.124812,121.508263
2937,e4d96a84fbc38a047e562126dbe6321c,31.340851,121.63262
2938,128484501ab5a208ce93fbab83f05d71,31.259633,121.594477
2939,6c2ad19d6efb1305ef2e4793ef3e8764,31.201259,121.40143
2940,86c2326f968ffa25720524f4283078c8,31.221876,121.687381
2941,805fd1e2a13ee8cf9359093fe2641244,31.4163,121.496785
2942,fb3a7b956c4f709ef40e6696ab89d36d,31.266666,121.598298
2943,80e5488a49c437f4f6bce988116b16d6,31.280262,121.364633
2944,bf074cad68ad6467f41a27ec98f1b34c,30.999098,121.447826
2945,a702c7ed1cd861177c6546935cbf51c8,31.277766,121.433047
2946,2bb12a01a544e887dea46b9657f498d9,31.264146,121.532591
2947,ee612c48ceaea0d8f1c73952c3014690,31.145439,121.417433
2948,b88a16a7716cf1160c5e415f2f0ac0d5,31.294609,121.526886
2949,66d39ba5baf1f6389a70bdca23e14d30,31.29992,121.669771
2950,2ed7c730547d4fdd8a51f0ff1ccf0fee,31.077825,121.33981
2951,5102496c970e2d2b397218a67b383826,30.802978,121.397313
2952,cb682b5b6ce9233abc0744f4c99285b4,31.088099,121.430111
2953,3a4e88a41c65a4adbd0134c08a9860ac,31.081475,121.523285
2954,45d2277ce561bcb3a00b76c485200b6e,31.381763,121.301878
2955,c864c292c88ba1cff8f7e8acb0368d83,31.202395,121.6278
2956,e831bfb53f02aaed456dc0c6dd7ff805,31.240874,121.518086
2957,b9f897670e1a4e05fba379733a5b8aad,31.304081,121.326517
2958,da5226dbcbdd3d6e13248143db9a362e,31.221001,121.731159
2959,104f03837b6a7c1d9513562a948b9b35,31.168922,121.412651
2960,6941fdf8a1c4fa9c02fcc7301650d7d0,31.134548,121.39095
2961,e0a98b468ee1d0501c35c9d109cc7738,31.131231,121.398758
2962,4957bd6995aef9e7c6f20561906587e3,31.120602,121.581473
2963,78c83eaf21c356a2a3579e56df8e9488,31.211574,121.366182
2964,f06618f627015cf89994bf84503fe284,31.223175,121.184646
2965,ede2c905db8f15d9712a044ca20e791c,31.217372,121.460724
2966,56a2f21cab29bc5efa1bd04c754d4775,30.894923,121.319564
2967,df8651f69eacbb1b1817734c75d40748,31.203978,121.423912
2968,e4f98896c62ca2b2d6141e683f1a8a3d,31.302746,121.376994
2969,5ac14fc4e96eef6f2b5fbc8bbb5e4166,31.270369,121.443633
2970,794f0fcefb75561a114920eb01fd5e06,31.201303,121.434409
2971,b94801e17a96aef53df63c5f5820a510,31.255905,121.430231
2972,905028a7bbda657392a732618247d32e,31.215664,121.46829
2973,b267aa5633804758c459e7556ce630c5,36.406412,102.003965
2974,586417c3d34eeb0dcae35dff594cac80,31.305269,121.397452
2975,aa646035a3a902361b2452b0141f427e,31.248146,121.441241
2976,beb59f8890e4d534a78234dbe8ed9f70,31.113744,121.341878
2977,0c86982defa439c1064e8217eccf5c0c,30.873326,121.284335
2978,44ed2f07c3e60a6dac3f295dc9a9213b,31.202395,121.6278
2979,d0ab4720779d8deb85fa3216cb54bc93,31.157241,121.418919
2980,e059a72f3eec067fa789960c0aacf2cc,31.047441,121.470836
2981,53d0434578ba810b6f420468db02cfa5,24.284812,102.999068
2982,0c3e9469effac5128716b78c3127cf56,31.189701,121.543143
2983,6922661bea7dfb4a62fef4897f3c950c,31.158202,121.389411
2984,2a3cca364c6257fc750ba2c55229ecfd,31.370388,121.187891
2985,4fcc36ec8441d3749cbb37de2dd34fa4,31.260555,121.410883
2986,948c7681bb28e1432ce23eceecac1cb6,31.254534,121.34772
2987,70a4850c6e02ff785b9b55e2faf8404a,31.370388,121.187891
2988,6452dd8a346842abd9f597d7e3a67420,39.084494,117.236165
2989,07de157f8eb23fc3c00c090fd3a5ed44,31.143297,121.132883
2990,2b673b7b5a0a8a29fcb4104449d32bbb,30.985081,121.691229
2991,28853d19a44ec0864609f9b8ee3b96b8,31.186628,121.372116
2992,a0a6f0def4d3671f28c7b2162840719b,31.302,121.670498
2993,8e88e83a06f37192be79bd00cecdb58f,31.113159,121.06421
2994,c65d0cb0955542ffd7a7d6e65eb67772,31.276718,121.371696
2995,60cb57f07bd90987d7354cf05ff1aa11,31.13756,121.339005
2996,8968af1f2d97405bdef551de9b7d7d5c,31.380359,121.304458
2997,b92054ce862ed952167c13e91122c1ec,36.406412,102.003965
2998,e9248e047c253b7b3b23a22f124507f4,31.364407,121.561457
2999,5fb7c2a32698739ecb4966d0c7bbc626,31.168519,121.804669
3000,16f80ccfac7437b1e50daa594740b0c5,30.918205,121.509992
3001,51d8c8c94f5266ff1d06ba9cf90ba782,31.256071,121.462096
3002,ef2ed0680e7c99218da51bc002368257,31.202075,121.187355
3003,14bd4bfe215f97cb2b5f0223cf561f8b,31.241274,121.36272
3004,ee5dd8451f704cf23c8d8d0958745b04,31.183857,121.637321
3005,7feb9c658fdc4a4e1bcf115147fea10e,31.237022,121.546184
3006,2d943bcfa4245c127de684bcf219e749,31.038725,121.464203
3007,ac03daf0605353b5d9f38f90afbe83d4,31.254912,121.371838
3008,89adf0b336c2fea54d3335a41173f4af,31.261563,121.376836
3009,3359c97ad96c5d5acc1e94363d1bba07,31.038291,121.194794
3010,831e658f338bcc6daf6f185a78545561,31.159304,121.358718
3011,e95753043d28ddd192cb15648e9d68da,31.151539,121.41109
3012,52f241ff68992fa656de23374755dd26,31.231663,121.428471
3013,5460db1d7c16795ca44a24667323eff9,31.074013,121.407487
3014,034e943bfcdcc1aca318e6a40e8b4206,31.036987,121.386554
3015,5c06de57ac31c465a952b300805ae52f,30.993883,121.129758
3016,60183a2a2fc91620c50a53b4925bb430,31.254042,121.464758
3017,85beccb53c89ead68e4a4feeed5728bb,46.777465,131.812182
3018,90e7c272a37e954727a0a4ccd1d1a143,30.873326,121.284335
3019,2eb1ad4eaa62dfb3d5c4ee94a55d6562,30.955208,121.732358
3020,a6e58c05d2033c08662c7b86935684e3,36.406412,102.003965
3021,0828a2500add3b9714e5962081ff4077,31.298752,121.491919
3022,52aa299a3e1aae9909c5892f367a21d2,31.231687,121.32576
3023,ffd5f9013a6d5da2d365b0753b2a1244,30.93561,121.517165
3024,8edc6a20555f1a9f5d327940d94e9596,31.27431,121.448589
3025,f077c8f197e070d45e0abfb8b85ccc34,31.146311,121.399951
3026,5a52cd2bd8828773522ff92fe4394eb1,31.152182,121.564661
3027,67f01bf13d09894473d43d3dd1be6de0,31.200882,121.446511
3028,0371c27d0a4562923158d074327384b1,31.321416,121.215
3029,27717809977af670fecc63264cc78ecc,31.303224,121.308726
3030,ca5fb063da49335f803a6ee317a4a00c,31.217512,121.533844
3031,76caa67754ce1b75db6b749fe2aa7cd3,31.201303,121.434409
3032,122e70ab53ad39d17812abea7a64e014,31.30092,121.16892
3033,274207e13d609eec7c648516a1e68f55,31.268663,121.428101
3034,0446111f77d787ed0057af8079fe59db,31.256071,121.462096
3035,961d9a9c1ba97eec4fa1add9b8fddad5,31.307215,121.486962
3036,197850c301970b6449efd228f6498b36,31.327484,121.406697
3037,eb27e5fad3686b24e87962ce2a419896,31.306089,121.474725
3038,b0c6cb7dd77c5064718754dd1bf7cd2c,31.154923,121.36045
3039,f3dd0103dcbcad1a57872162b227226a,31.211598,121.439406
3040,899ddc7af196bb3da1906c82a9bcb3e9,31.311631,121.354326
3041,dadfa034624f0479f7b4c47aa24ca5c7,31.364407,121.561457
3042,cd43865cab0cdf122a3af3cc4e8a1b39,31.284675,121.516006
3043,3809111d8a6ab79590450effdedab3ca,31.344291,121.487858
3044,22cf6dfb5bde024a3d24e877b398a802,31.140384,121.620758
3045,f0c99962d3d516483493ac99eea4ed1d,30.954604,121.333773
3046,f3f5b5052ece7c848d19f971955793d4,31.260465,121.461228
3047,0bc08cf23eac1d8987e2cf9f3051bcfd,31.423181,121.387917
3048,a91df8ac7c08f6f07436417078f4852c,31.256071,121.462096
3049,abde1b58326f3fd25098a787c786822c,31.28386,121.530324
3050,41d49952b8f8b8944a5bd9c9f7caddba,31.237022,121.546184
3051,b077731b0cfd88191baf832d306c5eb8,31.311763,121.21253
3052,6f53840a5e5b62e1d563811e30080131,31.215664,121.46829
3053,fa399f21e51f9a62e89daa55f9471049,31.183323,121.447822
3054,9f1604fbfb93a7ef4c123adf5a4c15fe,31.291242,121.489761
3055,5507de8337385443b157da0925d69ed6,31.125695,121.46401
3056,8ec8ccc02228408d683df1f90ec8bce7,31.251584,121.4917
3057,6d2e67cdf44e83459c9dd8f31748b07c,31.157241,121.418919
3058,21b31d377545bfa1133bb62669912440,30.922611,121.473581
3059,6ee9f644bdca2fbbd6522cb7fd361d0b,31.166007,121.457766
3060,2ef9c2ae5ce270c80be30e7334af6ee3,31.24448,121.37062
3061,4d6b808831343f905912670f1fc0749f,31.266666,121.598298
3062,824b8f5f588ec1335b1a096d111d8758,31.232857,121.475333
3063,c6f338c7cabaa9c7ba12c22786b5fafb,31.138371,121.416975
3064,183ead98d6da3e61d5016dfa431e1f76,31.066368,121.2082
3065,75df04b36c96c3c2c89c3145e7eebb3f,31.30647,121.492925
3066,1056a1dffc389a7d3335b98ea7e1dfb9,31.023241,121.226517
3067,cfa2f6a1839653a5d1516664f0abb618,31.186176,121.53911
3068,a3f6dc8924c6b5bb4dd03ea0de29aa8b,31.33167,121.440751
3069,f7109c290b68293998a35703090c4486,31.203987,121.520591
3070,f3b57b707b87d2ca309ae991e29a6389,31.212113,121.444193
3071,86a1ea102c9d118685935828e316e900,31.100034,121.663489
3072,7e9ec5b1204626069d3e81368b7d6980,30.72456,121.344043
3073,0141a7cf9f656816d3d8b1349d097e62,31.240837,121.409164
3074,47526cbd0fb120c6c659d79d7b6e2a3a,31.235929,121.449652
3075,737687ae1257e585857890ea5bd394dd,31.22121,121.411568
3076,4c2987ac03589f867528add9e59679a9,31.2355,121.417315
3077,18b550e2c6c33e2580003ebaeb7b71c9,31.337262,121.473928
3078,b89e8a45370477225e98118d6872d78b,31.147783,121.366475
3079,b5c0c601043f96588e13b48f49bd0932,31.202883,121.476296
3080,0f3bb03596d5175feebe372855edd066,31.13107,121.298444
3081,1dd47239b590fe96cc530c06920d438d,31.249162,121.487899
3082,d5889b32f23cd25f50b164d150f87ecb,31.098558,121.377147
3083,8977dac030c191d16ab2d24ff3aa7b0b,31.196266,121.537132
3084,b46f1fa035f1521b6a061526457bc263,31.177646,121.555355
3085,5c7c2a8bed4a7b435ef8c031dc821b9a,31.402222,121.493387
3086,ed6604627529bb752862ac97f2a48b90,31.235454,121.172523
3087,ee19101bf22172633af263351c508e5a,31.149677,121.729053
3088,7fed1b1e1392eb217d0b0cfd05a3bc01,31.137509,121.40768
3089,0d5aab436bce2671aa4494cd4cb6b3df,31.312672,121.593011
3090,77068d6797333caac6de51c3553a6c76,30.795602,121.152307
3091,8fd2de6d580f92be75c145a814e074d7,30.915686,121.462098
3092,ec4ab282e6368a3924650fd4692c8dcb,30.998611,121.216212
3093,6f05bf30494d4cb8af88dc718103a577,31.013227,121.552205
3094,874a95be08946bf80deed74c95d2e4b3,31.111607,121.324796
3095,61fbb8393c8a84ac028f5fe8846cfd81,31.235929,121.449652
3096,04e5d7569331c899f5b8a19bf856dca6,31.147783,121.366475
3097,6c11a1364b9653e8cc6fe4e61985a703,31.230109,121.434393
3098,614244310225cf31ac23bdd53c905326,31.25901,121.65797
3099,91732391ef11bdf81ed7c8081c3a58bb,38.052584,114.484137
3100,563ec1feaea1c666cf0df44c666f48b7,31.030657,121.236586
3101,12eb6ef76024d71ccd8d8f573e52c3b4,31.213061,121.483541
3102,4fcbc8f0b4c59b6394801f021fb9af32,31.220649,121.35994
3103,594a5471dc5f73c18de09c3684841f4b,31.013227,121.552205
3104,7ef3fd2eef1bd01d56e1bd3e0af979bd,30.974035,121.554233
3105,9af2bacc3a8ba8e7a71579a7c06a500d,31.211107,121.59082
3106,f24f54c039037eebe59a7d3c90bc0dc3,31.200783,121.446011
3107,2acf3c01f946b70c1c53cb464eba9eef,31.203987,121.520591
3108,ab8e1dd874bdebff5db8b3f269371a62,31.125467,121.581832
3109,7c79dd57feec8f75f33991795be87353,30.844397,121.528845
3110,87df2b493463f93c0e6aabe39610413c,31.102445,121.413911
3111,a829dcf5a9328e421073733745f42f27,30.934396,121.369499
3112,746a48c4094611f86b3b34bc93d6b346,31.119287,121.204986
3113,8e7efbc011d0900b0f5d9143da04aa75,31.279012,121.514374
3114,693b2e81b14c5bdcc9eb8350a10a0660,31.395438,121.472743
3115,b641790135512fce574f0967fd9e9daa,31.166007,121.457766
3116,f91828358bb09e8efe21a4804097583f,31.120602,121.581473
3117,53e897ffd78055c06b66f1c4d495be0c,31.054594,121.339133
3118,d7ab1ec3d6f5d6705508d2f14c39bb10,31.088099,121.430111
3119,18b1f53e93ef10075f57829fd12a4658,31.33775,121.306733
3120,86c762be899ca3330244cb0017bfd0db,31.284042,121.583676
3121,6725c2ed8d31fb491e241aec82ca23b0,31.155384,121.771585
3122,9e874ac2be9877a5db072d7f4c87c241,31.146311,121.399951
3123,ae24f3d94e2af50e547cdb76f3ccff9e,31.070388,121.532962
3124,047e96df03ca897974c31e107c43c8b7,31.2676,121.541803
3125,11dd8b7e0f1e982376190f399f336ab9,30.954604,121.333773
3126,18a84787a661cb5f9233e2e613527bd2,31.200783,121.446011
3127,35e8ff4222d857449bc83a759df83d44,31.299749,121.170321
3128,10fbfa7c27e3693a14013305f15d791d,30.898595,121.030128
3129,d3cf99703059eb68b52f36b4c46f3996,31.129955,121.336848
3130,e884eb8ac44afc6f92dfb879393a3fff,30.935314,121.733322
3131,ed4d6ee90bdcc691a9324bd95e70b48a,31.400853,121.483671
3132,0a3a6c8bee0d53a2559a19626ef813b5,31.254166,121.224476
3133,3330c88957e741134bbafbe00c03226d,31.209479,121.702069
3134,1ceecd6ef2dc6c53ab8cced5d76d0c74,31.276567,121.483483
3135,409956d91e2ded6be306412ff4f18b72,31.113501,121.393037
3136,4ffad3e33942162d89c2fc9e598314c2,31.190185,121.443475
3137,8390e8d034abea215093a8fd3e713e33,31.274169,121.221302
3138,c12407d295013a9c4737c5f6e8e1ed37,30.938138,121.327668
3139,0550a4a63ed0cab9c820f4322c14ba39,31.203978,121.423912
3140,61f9793462473845852866e83b091376,31.166408,121.569203
3141,595d6b8b862472cec99c8bd132b6efc6,31.236009,121.478941
3142,ccd8bb7b4caed9d57d9cf9c96991054a,31.304918,121.497837
3143,f6ddd75778d510c7f082c8f4d1dcc844,31.318281,121.447698
3144,df3a705f69bc08ed9234aef1a7986326,31.260465,121.461228
3145,eeff87411dffaee2b01f445610087883,30.89659,121.281933
3146,d2fbd4bacfb323e53eb0d6363276a682,31.268894,121.692432
3147,785ff8d10591badd4f0b2d461051b922,31.174661,121.52822
3148,cf8ecfd0b8be87bd59c68efdac2e38c0,31.154675,121.81374
3149,05b40adff0f719f8399717bbac95c179,31.30685,121.519579
3150,0a97335684328f7a315bdcbe3213c0f1,30.846072,121.32313
3151,5da70e3c4a2beaf105bbd1e045f64cf9,30.781759,121.168333
3152,0d5046217f7859a0c8778df21d490cc2,31.501733,121.334549
3153,27c7ec3dd725c831dd480eb7fa86de8b,31.26748,121.57859
3154,ac0e070b5f5cda2421f03dd6c68da36e,31.131231,121.398758
3155,a0d77d890b1b904bbec37674d3808d77,31.291143,121.472012
3156,396f9811d13dc243811359ff8f73a243,31.350616,121.589116
3157,c0d56cfbd0694a8f858981870e577308,31.415226,121.349387
3158,c1ca84da5e18e201fb040bd8f18d03ab,26.139329,103.078562
3159,48c14a0615f180e6047cc1e526148905,31.295335,121.555781
3160,cf41d298f87410ee9128381d28f4be0e,31.137509,121.40768
3161,9e8895b663bcf8e2fd0d75448f9d040c,31.367578,121.31858
3162,1e4c70ba7caf1a462e1001cb355f8f22,31.224718,121.344451
3163,576d6491367b05c7cc8376ba241405e5,31.148334,121.420448
3164,4de6e7dff29b32b2eeab779b298423e2,31.304576,121.522177
3165,54dddd2c74eec4084de771ae00f494d2,31.192975,121.449755
3166,25aed1cc30b3ea7d56e44ef8fd162f85,46.777465,131.812182
3167,5b4b303712b9188ecc3ce651d7542188,31.280262,121.364633
3168,ca58cd54dd64b2bc703e98e61002ec1a,31.236009,121.478941
3169,d13010fe4953fdcc017a735b88911291,31.276982,121.460649
3170,65cc971824128dd11056f428e0ff574a,31.327299,121.452936
3171,7b47172c418ef81deb4de8c7e06becdb,30.939177,121.223182
3172,894a1dd54167fc22761c63cb1d2b7e78,31.183323,121.447822
3173,ca94842805f7f59aa0f86f0a8f8efed8,31.282514,121.343407
3174,5ac80bb0df27f624663d2dd2cd2eeab8,31.136777,121.546762
3175,a4e3e07ded1c1d75260be25ab36b785c,31.307198,121.511929
3176,eb527fff0623ac1a304874fff2717188,31.212718,121.447853
3177,4098e461e6dcf8edc0c0b395a25f620f,31.176489,121.188906
3178,7939eaa58d171b0d6d477b6114518a10,31.21852,121.44019
3179,f631ea5174d7bef1b03fe4ad086ebd69,31.096325,121.341209
3180,5ffb6ee69491092c3d609d83cf0f5d54,31.320121,121.459018
3181,271ddb5c6d77afde2a54e98f1c20deb8,31.019533,121.388705
3182,6944410b9ffbe895dc6f33a8d9ec4039,31.209904,121.234203
3183,920d3ff0b318ec85b02ef7dcffb3bc93,31.311329,121.495756
3184,4f8a8afd3c061532d58d99f782fccf7e,31.246387,121.458214
3185,52c4ee492cc0077351d319023e508a5d,31.203473,121.445984
3186,d65dbc3dcced8b45b133ca3ac954f7eb,31.342417,121.40922
3187,ae538b0fe452026bd7c46928650161bf,31.31724,121.237444
3188,4be112bde9fcdb862a49ca92af8cafeb,31.132602,121.095863
3189,1e7c73fc7dd28478efa20b0fb3ec1252,30.967591,121.656531
3190,a7d27de93e14090e9d356141e8932cd4,31.258677,121.392956
3191,f23c99bdb1a08d5603d7d130821f382f,31.292718,121.410291
3192,9f1f562161cca50fa05b3a9be99255c4,31.299749,121.170321
3193,ab6c14fe806f6cbac5ef4d8a6c98fcd2,31.052986,121.506423
3194,972b3d3af1f37bd566684e8e88cc01da,31.22258,121.428599
3195,9d4e0beeff1c5094382f5c3b06e96c8a,31.300493,121.323029
3196,70fbe7390027f4a2afc907851cc56671,31.217476,121.494788
3197,48a3bb546903af1442e312a1d2cb4dc5,31.344675,121.443963
3198,d8c2a7558d70ae17e91bbd60b332f82d,31.16346,121.405127
3199,c1ed5db4eb095d6fa05296132259f096,31.242627,121.730079
3200,f0d0f7fffc53619cc4277769b1d14eab,31.294609,121.526886
3201,088fdac495c01f83ffae0e9f3c3e8f0d,31.254534,121.34772
3202,97703b44cbaabc186e1f78caf6ccd089,31.174203,121.431404
3203,95bfff4838cd9f7b89e9c39f3e21f668,31.242841,121.391309
3204,d724be3f0415b3976a7c220050ad5ca7,31.240874,121.518086
3205,8bbc439ecae37422f066f73a618c8c45,31.268106,121.49354
3206,2f64cb372759f4180d815a680ceefa6a,31.109806,121.242241
3207,b81847a46cc2cfbbcd087b149d371740,31.01217,121.265575
3208,aa714a9b4185454aed6d7413eec79b98,31.190185,121.443475
3209,f244f9464f2c509abbfce690be876a94,31.252241,121.57094
3210,31e14204d36ba04412d114e98b8e0392,31.327041,121.661258
3211,60d0a510f855ea847d3cfcbffa4c6f2b,31.29962,121.536202
3212,6aed7aea510b50e69c086d56942827c3,31.396351,121.44222
3213,fbd76c38dae5b27262aaeceb34a5d3f8,31.113159,121.06421
3214,3e606dd5b0febb3c060a8fde6d3bf0da,31.24448,121.37062
3215,e45c2c3e274e1e47ecba5507f53ee952,31.294834,121.431554
3216,00a996668f2a12089def880683fa30e7,31.0887,121.513069
3217,82f0def2913424f58e6c79a406007ae6,30.799332,121.268825
3218,3e95bb30ea47dc6c9afefbef886d9096,31.242365,121.503571
3219,6eb5cafbb51b50de2924a767408b7ed9,31.116103,121.43571
3220,88e2e081bc57a3f61d10d72e2ac2d57f,31.299749,121.170321
3221,5e163e324ec16c3cd6e7675bb58fa3c0,31.235929,121.449652
3222,5923a76968866d1717b022cf4498874d,31.2716,121.465223
3223,78cd93b765bea71f424db85262db9ab4,31.219945,121.285654
3224,e279448c73be447b8838b57b8e11e9dd,31.03732,121.18963
3225,4a0c9acfabdcfacffce847c37df9cb6e,31.223297,121.430839
3226,c2f4de2af4001cfc5633d8a8b878d9d9,31.171916,121.718029
3227,8009774d7d77ccec9f9ea7de8727a458,30.978325,121.70767
3228,25a37bf771e106a6ac5f83f4d0c52b0b,31.176998,121.423586
3229,972e98f5be1acc7d7de9a430c10a341f,31.415226,121.349387
3230,731ac06d61ef8039f060eda6edb42a3e,30.991693,121.639711
3231,efa10e822e1113fcc57811b79dfb3d08,31.199721,121.325753
3232,fd4f77789005ceea404e952c56a797f9,31.143297,121.132883
3233,038e5d8c5b37db3c7d209a3f9b1174ce,30.715526,121.351073
3234,2c527063134640430409023c5866d9cb,31.234259,121.52572
3235,2f385a7a40846b0e7838f5d6047b8347,31.124501,121.32791
3236,559a94606baabdbe730f7e547393c448,31.240686,121.480699
3237,6c60647a76dc4053baa86fb5be6a21da,31.19183,121.59097
3238,6c34e649e3a6f13a649a5ec7d373ebda,31.211107,121.59082
3239,39c2e056f502360e1936c0b368ea4234,31.349748,121.506246
3240,ac453a4c2877e46fcc36d06850125128,31.224373,121.364172
3241,d86f1c1bd1c0c789b4cc73198104735d,30.900013,121.049649
3242,995c72341b91bc46e7518298929b3816,31.174661,121.52822
3243,ae5bae9d5950827c31e420fb68c41edf,31.266813,121.512658
3244,da48366cc8114998da1cb7b5409671f4,31.2077,121.669382
3245,ed474c5f664b29f114679a5a8909867a,31.285798,121.546427
3246,e9e9d8e01946493168c2eadaa5863bd7,29.263844,115.023159
3247,b425bf566bb1e784154fd239eea4a7ef,31.209479,121.702069
3248,6936384752bc76db859ea9f1900bbcb3,31.147903,121.403379
3249,a72eec37d3e10bfa1816743074749803,31.211591,121.499553
3250,2931ee4b5560d3800871e46ed0c5563c,31.130862,121.091425
3251,1d90d5fb70fcab1d4f816635a265f959,31.239655,121.478097
3252,84da407cb582ff6b0ae2e344bc48d89a,31.176813,121.439114
3253,d2d3514c214460ce9035c47e5b782360,31.159304,121.358718
3254,bec21f129a1bb12a5711f98a657e1f87,31.078791,121.422082
3255,348502c51dc3afe1a60c908274fa8b3c,31.257756,121.601633
3256,d10e55e6a2bcda21a94f7a661759d1a1,31.264477,121.44249
3257,e9b582b722907c75ad9444224a74dd89,31.266232,121.402951
3258,8e0c7772afae7ebd11d1debbe82e5eac,31.334449,121.536876
3259,db68523598f277efe3cc11b57afab2d0,31.098558,121.377147
3260,e6d111f25557321c95b2b46c160f0a34,31.242808,121.420927
3261,223437e06804a419d0bff0699de773b8,31.301749,121.457406
3262,8837d863f38c966165880453cb56e794,31.038291,121.194794
3263,646d938847fb0f1d84701500353aa7a3,31.176998,121.423586
3264,c97b3cf738c952a55432d654babd5ae5,31.026816,121.426094
3265,fdb1c37d47f3dae71cbd8769615c6a84,31.113501,121.393037
3266,fb43409d903d640d898654f5fb726a6b,31.141982,121.459872
3267,230b647d2468ac4f694e4e4a78556e15,31.174203,121.431404
3268,2e074ce7262e18335ee4b4c04090fa48,31.299749,121.170321
3269,2e496ccb36bbbdf5e42f57bdd86ddd71,31.344675,121.443963
3270,b7f6694e3e03811e2c13efd90f773e04,31.092304,120.912151
3271,0bf321a5ef50b4912c7a07972fc5a724,31.288233,121.304952
3272,6b24be99713fbdb6142bb403c03d188c,31.121363,121.369095
3273,5d10bba2669a0e908ee8a1b3690a2d93,31.239655,121.478097
3274,5890fa526bd93f7c061e4012d4b2c1f5,31.252404,121.435035
3275,4cdf3b41d91b59c7f6ff25e84d427398,31.24708,121.419525
3276,3fd28cfb0bb0a792952c9478d1851fad,31.211617,121.486703
3277,58335741e57462e91418efd182debdaa,31.159536,121.1442
3278,5a7aab9101314b3a41aeaa8b48a9d231,31.24448,121.37062
3279,f25412cafa1e5b6d5be619459a7fee7c,31.280867,121.656939
3280,ab1e0939ecd18c340a6364f13325a3db,30.920347,121.057024
3281,b239d80a38f5ceb1f1d949888377160e,31.175621,121.317835
3282,0fe790dac70abb81eaccc7d8bd35ce36,31.042149,121.539262
3283,390a06f12bbde381731e205f48bcb7d7,31.066368,121.2082
3284,999777568b68ca5355994cea020d1bbc,31.256559,121.43557
3285,304d02b34bf8c7a7803c919c2e1a4be4,31.198836,121.215066
3286,323e8f600f1b892f74d540f9c6851095,31.234259,121.52572
3287,e5200e33d32ca6328a48ef50f4570e15,31.087306,121.275545
3288,86c86625f93a6c639cdb0f073692e936,31.251161,121.489743
3289,1c8ecef8a8c5b8915361f378caca6302,31.266232,121.402951
3290,09718bc1699286e7584d00595e7c35ae,31.286066,121.474323
3291,b38c1747b278a40d1be3b8a979011c3d,31.344675,121.443963
3292,736471e252efd68aa5c29c3f932f57ca,31.200811,121.444401
3293,892fc0cbc83e690e03d1ff7b943ba432,31.359311,121.310645
3294,6447bf12184b4e5a3480bf5857a2963a,30.763589,121.264689
3295,44e10f7e417c9eba1ec62d0e4fb213a7,31.234259,121.52572
3296,d1f5aee96001290b772fda8e604f5d02,31.163393,121.381735
3297,4def121e98759f265079dd03a052d1e3,31.005717,121.202014
3298,be3a6eeb2807c9b8624fc9e829dbb366,31.120864,121.389141
3299,92a58f66bfe483536f12f966e2c54c49,31.254042,121.464758
3300,7d438887db816b7a57212a413496094a,30.932543,121.716591
3301,88b86d4efd4d1b71ba9464ea012604a6,31.288233,121.304952
3302,7540d7ca5ad79baa39edabed22dc5441,31.051898,121.769904
3303,2010724537c31537ae477453fba139a6,31.298668,121.541944
3304,1a927929b1cc448af22f6a6b20c79bb5,31.138371,121.416975
3305,0855e89e932224ec104568eceb5c997d,31.230287,121.557116
3306,ac927c2e8eaf0d18a54e29b1bb36daf9,31.149677,121.729053
3307,d05a33948b5df21d5dfca202f4c05714,31.197656,121.463533
3308,82ddcbfff65e419c925506093eb3684f,31.292718,121.410291
3309,55274b79301ed1c3c34e29a3da2f1cb1,31.234796,121.533464
3310,9e43714871138de066d0e9fdc23d7048,31.371694,121.443832
3311,fe0e893a97e2c25250d74d80f15d777f,31.292699,121.478195
3312,7d6e2778174e346b9832d1dc1ae31ed5,31.134548,121.39095
3313,c3074cd1006a7a31e2efa4a0b6ed7870,31.188514,121.49841
3314,1cca3ecc8f0c972ee3eea32d6f6dc2f1,30.900529,121.246804
3315,ad5421801981ffa95dd3df6c44be3edf,31.081475,121.523285
3316,f5874bd2fc0037b4ee12111f8ef9b58f,31.232095,121.20583
3317,2c25c06b0c924b1381c9546fe4b103da,31.227167,121.633295
3318,18fd4f65eec16feba47b8b2147fb1a2f,31.345443,121.596458
3319,64be02865ee4c7e7430b055e6adedbe2,30.894923,121.319564
3320,0b5a6a82dd5a3e8527759af0ab9835e6,31.211617,121.486703
3321,5d71be5259859b3b3f7c75dc9bdc5597,31.309342,121.580807
3322,522894334750d2e81e92e148d9295402,31.234004,121.276012
3323,6789d1de0d4048929c193dc108740aa7,30.904648,121.173227
3324,54ac8eed3f832b8c39b6bc9a43177038,31.232095,121.20583
3325,ce415968db76c774175545c51047edf1,35.379598,116.072359
3326,c8853eb45a0b85d8c9eeda250d33b3da,31.129482,121.192266
3327,7f3a16e67207008ebaa0d77e991d59a7,31.251986,121.456773
3328,04d97954481362091ba878e8297e28ca,31.131231,121.398758
3329,cbf98570ee29f673e63149d367e7b839,31.214209,121.659493
3330,ba254deaa8aea3500620ba9a5ac40ab5,31.123621,121.266561
3331,1fc118d2c305604d67778dc9ea838fd0,31.099085,121.386207
3332,bd38acf20f9ca35e1f18d7152ece9711,31.254042,121.464758
3333,18db6c8beb1309dec8f27bf2c801da27,31.219455,121.098597
3334,bef7da863fffcaedd69c483f9998ec29,31.220809,121.305363
3335,ac5ab465a3b2e2852b86aa1a4b6de2cc,31.272151,121.375814
3336,a103baf9bca48553118c70192390fa1f,31.318389,121.653955
3337,ebe12271cb8a597a29ea8f934c9a6c68,31.273767,121.222048
3338,aaab7b395a9e0e8905fa26e3c6779e21,31.28023,121.543164
3339,a2cc4c1c0f2036f0a4412c871019fc1e,35.379598,116.072359
3340,ff00075eaac312328d2c752f773f7e5e,31.294508,121.537685
3341,72510e7a4b34bd1486eb71c094184418,31.117005,121.271194
3342,bfe2a19897eca74a1647748384011b85,31.153746,121.504388
3343,4c7d70b13c5e0b11a683640ce7c9ec9d,31.018176,121.418004
3344,e39a1d6224a3f3f8894ac2b85fe4439b,31.236138,121.463199
3345,f0950b58a7542fd93fdb6d0fc405e806,31.318281,121.447698
3346,10cc47c062d3103ceae40bbaae1f0781,31.244102,121.437744
3347,bc6cbd8d7a183ee39719d4e03dd6432a,31.154675,121.81374
3348,eb5f197fa2119e47a9e7509575c5a781,31.213061,121.483541
3349,7da94617e4570e2482b7ee34b899cf35,31.200249,121.443811
3350,51466a0c538298eabe3b3f1844b1c133,31.227762,121.495598
3351,6312b5adf86854d9e634935be1dce541,31.355885,121.375057
3352,e24b2006ff5d25f25a00b84852e567a3,31.104981,121.360938
3353,32bf5aeefaaed110bca7845c01856bd6,31.133956,121.526289
3354,81e4b05e72b0f189f1cee0673ccb9ee2,31.189701,121.543143
3355,dc18a6078d8847a9481bed75512b82c2,31.285861,121.507007
3356,3a4d40e589862ae8fefdc7bd37916c60,31.00153,121.235235
3357,28560140db102ecaecd4bb18f1b2a7b7,31.134548,121.39095
3358,12a2e241221ae2e695ed6d1253922371,30.771941,121.373524
3359,c0e78d388ef173b65979ca027e332a95,31.429482,121.184088
3360,53ed4ea23bf807e0cdfbc9bcce50e062,31.324905,121.29416
3361,3bb181b50e24043dfeb50095da0c6161,31.189701,121.543143
3362,654f903f900d52c2291f421b163babbc,31.148773,121.387158
3363,aea1a1e9d0c09a5139ca3325e15ad535,31.139657,121.298915
3364,3ed697c213c9b4303dd31d38bda194f0,31.320121,121.459018
3365,b02d3c06ea2838777fcc347001a3751d,31.29992,121.669771
3366,d6412b30155e62ed9b4786ae289c8759,31.147783,121.366475
3367,76f90c2f67d26d31fbc6f3232aa2049e,31.216359,121.397227
3368,305c065e6d43b9349ccc9064364b3863,31.388641,121.444174
3369,28c32da384cbbfb4504fa59eb3898045,31.294194,121.316828
3370,03e6143e470de791dbfef1ce41489320,31.206547,121.306923
3371,c81873461affc4bbe95bfac6209a632d,31.214561,121.298904
3372,2fba42e1499a5674fe51f9a1b26a2450,31.19107,121.554321
3373,7faacd5e65f73adee04d62f72c8b7f68,31.255942,121.38141
3374,4b263ec95e8b4ddc2b7d43d5eeee9dea,31.216359,121.397227
3375,13163190ed43b18edc4a4b7fd963f75a,31.143297,121.132883
3376,aaae5285d0170f2b45b9eb4f494faf4f,31.281665,121.42621
3377,e3b6bd5d1490a9b75eaeb05530027d1a,30.897085,121.617832
3378,913e8d4fbdd548f062cd6953b8155d12,30.919796,121.459621
3379,fa93fc0bcfcf6126e663257f0f294986,31.318646,121.53899
3380,23ff10f26071a15eacb7c274d5eee9e3,31.19206,121.438501
3381,f8d45e7c304e1834c4ece178edb6a5df,31.349748,121.506246
3382,653c6ebd5671f32b9256f142d13ccd99,31.301307,121.33124
3383,4f81ece319ba35718bc261ae6100494e,31.285698,121.612262
3384,005852373cf5922a5cc7c759fd50c70b,31.27328,121.47376
3385,fcf8c77d2e67534c76629b832dba9c1c,31.03333,121.427385
3386,964478a717709768725b030763782062,31.150193,121.45419
3387,7af1af99f738719859f36c3f5f34d552,31.174053,121.282683
3388,0021682c621084641e2921a249774e06,31.397749,121.267217
3389,5bbc7b499c2561d0c2d1e701df92bbf5,31.209905,121.37472
3390,e39849145351d7bc254d4cc3d773dbca,31.402828,121.48779
3391,d96702ba27455a062bd74259667b5ecf,31.311329,121.495756
3392,bff1df6c99e51518b1d4d80d8d452490,31.128227,121.45441
3393,b6ee3db2be5757728996c1d1e41ede98,31.254042,121.464758
3394,0c044e9d08bc6bd4de73f0f4a37ed04e,31.295347,121.515155
3395,1f258df56686de17eb9417b7fa329e09,31.231508,121.577691
3396,eed938396164b583153bb0f2550a3c1f,30.8406,121.251681
3397,fe76af5c5b2d49bf97c8689fab816c8f,31.294194,121.316828
3398,50bd891742540539225ead45ed966093,31.32755,121.15343
3399,47cbdc8ad00c69ca4cb5611f209e64c7,31.413754,121.202263
3400,96f3ceb290bf62c43967f03c6cec7a64,31.216752,121.476401
3401,34062a64e2ac1dcbe9e03d9e44db2e91,31.155344,121.2025
3402,c9bb8d82dac3acd0035bb214503ad3dc,31.260365,121.454262
3403,839dcd628e66993fc4ff1dfb3b0eba2b,31.249162,121.487899
3404,ad535920417753a10681ecaedf6cf85f,31.120602,121.581473
3405,84275bff40d456f49306d58a6bf8c385,31.127837,121.380654
3406,30e9a0b102368e041fcc1ee6582bc8df,31.338059,121.289933
3407,fe3e3bad2978418901bc4d7c03b19443,30.838141,121.189035
3408,cea84d931e51c642664a1b15e6ddb76e,31.254166,121.224476
3409,0bca9336e03da6555a3e9d7740aca586,31.254308,121.459288
3410,f1ac6a6ca56c482b9421a809fd24c0ca,31.081475,121.523285
3411,ce76a7a3ac1356745b909c456dadce9e,31.131231,121.398758
3412,7231dadbfee4026eebb73ba2de2768a2,31.050708,121.217094
3413,514837562a62c3b145575a0a63746bee,31.239454,121.46057
3414,41390e6a3d8eb1888922f53f29cce0e1,31.220334,121.367655
3415,7b0a52e1a8bb4f88155b3f0f3b340828,31.06623,121.321933
3416,8f1e47548d9bcd487ec130de9584f121,31.098701,121.582178
3417,b458673a96e5ee35fda9eda905b9d3b3,31.052639,121.761696
3418,c3ed477ee38b12ef758cb541e958a7a0,31.266743,121.481644
3419,6588203b691dba695583dcd1ccee2185,31.198093,121.126168
3420,8f182e56a792d9dadcdea7e39a76526c,30.919796,121.459621
3421,73f28033ed674b9727570f7fac3f8132,31.144812,121.119606
3422,af254324cd0d52ce54fa8788b49f2ce2,30.900013,121.049649
3423,7197428003f0e81a36e71ca013cd95af,30.837343,121.275733
3424,57193844b5aa7a967f47aca1ccc9fb45,30.956973,121.097333
3425,7d3f7e4962bc723d464c0ccd7dfa11c2,31.178359,121.279284
3426,b9c9c982c54d2817c6250d381d054d4f,31.285944,121.44442
3427,d3091b7751e206b2e566ef484aa82334,31.120864,121.389141
3428,20e1f147060dff3594d39b73d2462964,31.300119,121.532041
3429,1cf4a92d0dd878607abda32d9a7116c4,31.276616,121.593917
3430,328224178b89c278892428180be4d1a5,31.231687,121.32576
3431,4e6b8a0d7d7feb952e2ad8ac23d52604,30.898595,121.030128
3432,8a06a1469a59b261dd9ce5d070d1571c,30.983141,121.540945
3433,6b351712ddc0ea15958edbd450d7cc51,31.143754,121.434357
3434,3f4fdc7c7378667131dddd0802c9d0dc,31.17023,121.337413
3435,474f72b824ecda8a28be99f73400731f,31.077825,121.33981
3436,1aa1ac54a5604af5fba745218e17973d,31.252877,121.148181
3437,ec9f3e02a45567b2c8bdc21495b67ac9,31.120602,121.581473
3438,827143bb2d139acea83ba952bf0bf5e3,31.143297,121.132883
3439,9396f8ed0a1b24d72bf8335bfd9fa442,31.220334,121.367655
3440,0a99fdc6775cf4d797fc42ec974d4ed4,31.117005,121.271194
3441,fffd23d0da480c4032ed19c2fe7cbfae,31.195907,121.410659
3442,ee93c5d1a6b2efe3be2aed6b18548c45,31.149628,121.43924
3443,0327d10cae586aa9f489b49334e8f3e5,31.22258,121.428599
3444,8b42752290d41903c4af7bf795ff84a4,31.016895,121.42971
3445,58f01f8f92ddac8eb583029eaaeb3241,31.163393,121.381735
3446,4a97441e1083d9585e01c9b11c73c051,31.166408,121.569203
3447,65219f44b039074ba95cfef6f42da8f6,31.247519,121.322265
3448,6baaf15f2da0b9f235eeacb3d29423d3,31.215428,121.660427
3449,007b9e5eefe71dc5e3383e578ac344b5,31.278478,121.420747
3450,e1508897f7399692ea8251467e3427c4,31.217512,121.533844
3451,62f8a0d5ad0de25de5096f1184771823,31.112548,121.538798
3452,e185445cca4a8c3c934fa6ade53c05f2,31.045319,121.846169
3453,b48bff852461c9b30778ce946cd150ca,31.131231,121.398758
3454,739771e4a67bfb91d471a7cf44e5db65,31.229334,121.368291
3455,21cfa3d3e23e7e1fff189518ff27d941,31.206573,121.701043
3456,5ebab150dc52c0f4d451e5141d8fcdae,31.339114,121.321261
3457,f56da82534c7ad94a3b9ba4cfc590bff,31.152157,121.514858
3458,24d3b30e6d999b058698a78f6eba7cea,31.441726,121.246593
3459,1f6681405c9dacf55ff905753efe80cf,31.036404,121.272345
3460,085b1969d059d047c44304b4e405bd52,31.214561,121.298904
3461,6531f8010fdd0cc71395c6aa5a51395b,30.98383,121.235077
3462,975582dcadecd3282aee1e9f18c5a388,31.016895,121.42971
3463,6bc3ba94baa6da22425d1800988090b4,31.099085,121.386207
3464,cc2f425f1bd131028761405cff95e870,31.171648,121.110276
3465,2577cacd7ed44c9a61025beb5c378577,31.122449,121.582926
3466,09f392c24f4cc0874075e735b2ff8d0a,31.307268,121.521916
3467,b1ce6f27c4f9aab987f2e345a0232aa8,31.142588,121.756503
3468,263295cf9e6c7d99847b01edf7757d8f,31.236742,121.385193
3469,0dd75afd4945e9e901cd39de518bafc2,31.236177,121.493181
3470,5535432c3ae708fd19068e5d13c68218,36.406412,102.003965
3471,ff9f9308f3cc0999fe7ed434187b6cf7,31.145439,121.417433
3472,bcef7114e8f9dfdd65b95d0782e0a477,31.054324,121.793035
3473,b94e6db8f99bfc5fa94823cdfdfc5c23,31.232729,121.566935
3474,ed9a2bf748ffa40b53c62348e7d8df0f,31.024958,120.918706
3475,0dbc809834092783e6b7a64c7ff0b19e,31.294155,121.418063
3476,6c931126d6707e639f3199aa7679b95a,31.280452,121.480426
3477,74c1cff4a48e4ee9dfff2ec0b922382a,31.221591,121.351862
3478,3cb2f62eb3c0af3dc06c0b668ae2d67f,31.216526,121.326846
3479,051c33498dee3d732d2ffc454773d8a7,31.16346,121.405127
3480,f08c71cc89c402b87ab0c49750581efd,31.343106,121.455682
3481,4b8f857fa273e1d7d828e076df8ad4f1,31.31394,121.382812
3482,b9ec3cf343a4356c0a71afbd584bd3ee,31.184319,121.230946
3483,2ad5adfc3ab442b70be240a9f795772f,30.889354,121.488288
3484,5d172813918c2df6b403cd69df0a8eea,31.196135,121.558528
3485,3905cdae29a1235fc18d57d3f734ecb3,31.264146,121.532591
3486,afe0dad90d6fac6fc1f204614a14c508,31.26338,121.517162
3487,cd6e779892f6c03e22211b25409ba75e,31.129955,121.336848
3488,cc0f317875d378ef15e48a7911f33562,31.218201,121.487151
3489,9b87ff8a9eefab5c3d9565920136df98,31.051898,121.769904
3490,35a6411465f980aad788f33c9f8d459f,30.721392,121.345766
3491,a9895407370a7150e2764d28fe9213b6,31.048845,121.231719
3492,4543737ccdfbb06b3a895da76538ec93,31.318646,121.53899
3493,5affa6247df62c83d2206dcd039b40ec,31.03732,121.18963
3494,ce16b6dc1f26950e806e082363ef1030,31.244559,121.724977
3495,4b011f262867e99518594a45fdda0534,31.233201,121.469528
3496,22a4b35edb339cefd53f83f6ded376e4,31.318389,121.653955
3497,6a2b676a9acefdca8377c32f24d42451,31.198372,121.355749
3498,575f58b2f091627ef921855143c0e883,31.200783,121.446011
3499,b9d0ac42f26effec0874167ceabff97a,31.159304,121.358718
3500,7c3304169ff3494a1f5d3077dde8eb75,31.203978,121.423912
3501,e769715893723b26ebe7058917478b81,31.283959,121.416644
3502,7aaa00e52f1117bb5a15d09f6252a2de,31.308964,121.403345
3503,eda27ab4941bef8fa644f9157ec7bde4,31.035335,121.117893
3504,79658a8074c26e2c7e9a2a74355dfbac,31.154675,121.81374
3505,52319c70af019e47e6d7a3f79abf6152,31.146311,121.399951
3506,0e58ed2821da31f4988dc11a64c41454,31.396351,121.44222
3507,8dcd87f5df45438d9b2555db4763a915,30.746286,121.344028
3508,a2494ce5147123ff57d3ccb60699175d,31.100465,121.401931
3509,2d88192b41303d69a36ad1d6adfef15a,31.120714,121.42693
3510,57a8c20fcbbda9cd8d8235a10cabd44d,31.162714,121.772242
3511,ce302d514956016b76877e33aa80b4c0,31.323091,121.364299
3512,3ca892aa01f13d4c62cc0756a65435ec,31.405231,121.506638
3513,47a0246303c63c9313d35309b050ca8a,30.948712,121.365593
3514,bd15c71500c5265e242c2b942eacd40a,30.956486,121.40597
3515,dedc0fc1f1cf549109aa821ed184152b,31.146311,121.399951
3516,7f42dac2da7487a0b73aea7ce0b1fb3b,31.175621,121.317835
3517,9ef303ce4cb1dd4ef7bca71667cd500b,31.03333,121.427385
3518,f0eb6104142daf2a990b4933b93acc29,30.736314,121.354852
3519,f8c1eef9b9bfc97cef5c30bb9ea14103,31.2077,121.669382
3520,1b77ba595d520266fcc5040805578680,31.221346,121.201454
3521,03ae29b7636e0da09f5b59d724149db3,31.132785,121.413457
3522,88584481522c47a51a9de78209db46b5,31.2355,121.417315
3523,d2264c29587690b8550d55f535749e8d,31.19143,121.411411
3524,009a7d57722a9f520380283ff7af3041,31.233617,121.523688
3525,a754b524a409affcd76dc620c9c23ddc,31.242039,121.687875
3526,576d34799441ee811ad77d3e17e2256f,31.257756,121.601633
3527,db1f9d5866dfe9b39bd328eba5176fea,31.201237,121.669336
3528,e23893f8f6d7e821f5360277bc315189,30.718108,121.283169
3529,ee5bbb2c72debd39fba8a16dbd481bd7,31.225269,121.491889
3530,e49c497951059048a519bab81cc922f2,31.343106,121.455682
3531,82fd004557eabe9f23708eac1e609562,30.900013,121.049649
3532,688638611975f5bb1718dd290650d528,31.406017,121.240101
3533,ebbf36379bbc5803c22f655cacd07737,31.154675,121.81374
3534,65420c0b082caa64cf35fb5d2435dd8a,31.295335,121.555781
3535,34a9324f3981874fc9534ba02de85ba5,31.209025,121.616514
3536,9b89663ff6ce80b162bf588b0260e148,31.288102,121.122551
3537,c4faead92d46515b372ef5bbfef5c382,31.156874,121.348458
3538,637c22b01be7ff2885170509eaca1b47,31.300338,121.526827
3539,052c86cf52aca47ac997eee8578f27cb,31.281567,121.557955
3540,64b06dea5d65cfdf745d87e5c558c5df,31.069946,121.719641
3541,dc996891fb7e288da043310003ef9b07,31.055129,121.770244
3542,54ff75a8b4d8fdada0508726990d92dd,31.198093,121.126168
3543,4237b0b54955bb245bb4c86743a95a80,31.214958,121.527054
3544,a3531d3be3194ba41d2a4b5410a1f072,31.38336,121.420672
3545,2432c3b7c8d3c0ea31e95bcc59759ee6,31.051898,121.769904
3546,c593c0a60867fbe190a410c69670a854,31.318646,121.53899
3547,16a50a61f62d60d1f32622915949946a,31.319806,121.526248
3548,fbe7ff1aa342320eeaa7a1d6e277188f,31.234796,121.533464
3549,fd6d8735cba9dc0aac3107d6416d175a,31.30835,121.657013
3550,5714c017dfc2ac8a2fafcfde9b7e9d27,31.318281,121.447698
3551,878ea4c2ca657c5c5d6aad89ba8e6b68,31.158559,121.319801
3552,a9ff9de90f3dd55cb68962f424aa2452,31.019246,121.250749
3553,e6b907da400e454db62387d6ecb0e1c7,31.30835,121.657013
3554,adb88ba76fb9c8e64347e50b4f2f5aae,31.209913,121.425292
3555,574ebe51f482148ae984b92964ca845e,31.056648,121.404326
3556,c31041f5f6169712e2b2be36b769a141,31.034322,121.601024
3557,0df215352315cf77e68b6364fb0bf6f9,31.282514,121.343407
3558,f7094deb31b904eadb684d6cca267b76,31.321039,121.453913
3559,2f498bd549b583b18d68521f6d909cf8,31.395973,121.258897
3560,556eaa21fcb8e892b7c02c90399b476e,31.03732,121.18963
3561,19a06d68150992f5494d0a4af1d30aeb,30.889897,121.320413
3562,238e6b04b2ce1ce0f75f959e43c9cbb3,31.164195,121.330502
3563,ff5fbbb99e9ee967ae58e95b22f86a1e,31.17255,121.363745
3564,9594b819d9893a31a81063102a8ff744,31.195613,121.40425
3565,5a0b1cc5e24caf63960af2093704dce7,31.221201,121.497347
3566,95585e826d7e66280941cc6895dd4e63,31.222609,121.378494
3567,db4a382da92e2741519af4fbff2b836b,31.239025,121.551622
3568,76654c8179f0400d6048c1b78e42efb4,31.265326,121.394456
3569,97e324adda9829dc82320e6f033480ea,31.254166,121.224476
3570,be902d860f19f519cfa47f2e20184d93,31.146311,121.399951
3571,36213ef7e0633f8b02c15af38f84bf66,31.021462,121.321255
3572,5fa7a4022a8b9dbeb22fa2d73f42fc43,31.295335,121.555781
3573,662fa290e71d03da1dec67d0cb0f24c9,31.295335,121.555781
3574,4859a720403807968ad9e4d8a68f300e,31.139657,121.298915
3575,ff7a58d5b052870749e8ac1bcb7ed5f9,31.284675,121.516006
3576,61166e9bb496da6bc017c15f46c47919,31.397562,121.15864
3577,80e9633b54d0c50bd05ff98ad92db127,31.232857,121.475333
3578,ae74a4bb270abcf6e9d8ba6cb238ba28,31.210891,121.3779
3579,7b36a6e5fc2cd13769129b8a23ad50ef,31.276718,121.371696
3580,eab182655a62c17cfc16867867c2265a,31.264477,121.44249
3581,d57e1428b14fce50478c402cbd2ed452,31.052639,121.761696
3582,7a8d51d599c902949ed02074e8b0fff7,31.199721,121.325753
3583,2e69b53135d9d3fb123a6f56d676925a,31.250339,121.440196
3584,a1b1fc7f08616a3e543b84447c4986a6,30.903041,121.922883
3585,1721cdee87575bf5dfedf1f892a50e77,31.365408,121.245027
3586,7d4a1452d692f906eed9c5444aae876b,31.163393,121.381735
3587,45c7b8d0dacfa82b1b43ef4d1b563fe2,31.292661,121.305822
3588,e9e1bd8852fbc3b4a00642fcdb39a7b6,31.279012,121.514374
3589,bd3e406930aa3cb934f05fddc214926b,31.236728,121.42407
3590,f3161b5313f681077464153aada3c0e0,31.50595,121.282812
3591,4231f62bb80e81e560d9191deea6e68c,31.312825,121.491112
3592,fd001d4e9adea444f4cb0a75456eb09b,31.162714,121.772242
3593,18e381f223398a70e71485415d3381e7,30.831909,121.397355
3594,3481086d6d611f2bdcd036134b374c3f,31.215246,121.604329
3595,a285958f8d4fcabb3e1fa6b2aa35b381,31.203552,121.371544
3596,5487d630d4f976551dda7fcd41109eb3,31.236009,121.478941
3597,bddd7618a3845e9da877bf02bf0b48f9,31.228847,121.338653
3598,a480f93a35090c99824ad2c27d4d3f28,31.225266,121.444323
3599,6b5c75513ba2f4abfbd051d010724a70,31.131231,121.398758
3600,0a5b5db08a27f5daf913db1a3c15f055,31.134786,121.444969
3601,b992d38d2fca990e6ff465692e5177fe,31.253394,121.389864
3602,b2a8f0a1846201e3a884941fba46934d,31.131231,121.398758
3603,0b53787a1a7d4b2be48e27ed6cafc028,31.2355,121.417315
3604,c252a3d19a994966ced7eb34f3fd6182,31.143965,121.573343
3605,50209b3fe20ecbb054f25786d1364859,31.236009,121.478941
3606,e8d36c2368e0537c9b555c76bb969e9a,30.779826,121.376806
3607,41caf0e216faebb97ebb2598a48e5072,31.174053,121.282683
3608,c1374960cf60b5eea61644fd30b1290c,31.254308,121.459288
3609,5db377aee3d116a51dbcc28c98948ef2,30.997412,121.247239
3610,a7cae1b6049f08d4d5b00cd67c583587,31.03333,121.427385
3611,939588e2b3545638fcfb0f519d6cf581,31.051898,121.769904
3612,24ae32ecc79dd00b21eab6f7b9413c9c,31.153746,121.504388
3613,8d5f8894ac4c90e1e292fa8de1bf0a1f,31.241036,121.374063
3614,2edcbeb50cc5721cd533327ef17c4617,31.154875,121.131226
3615,8767e2c16eaf03887c4cf55259d35604,31.06623,121.321933
3616,6b85788506c08a725e7fb5c8fa906a29,30.910136,121.843044
3617,a43cf94fab31f701f4c45974cfe2b1a3,31.276268,121.683198
3618,91754716ef052d7425c1bf7dd6331148,31.30835,121.657013
3619,baf55575feb46f18804b194a5024366a,31.262756,121.625447
3620,80315b6922fe32c29483f454d56571ed,31.291143,121.472012
3621,a199fcc831b50564026afcc38096df1f,31.294609,121.526886
3622,610943cb54d5d7423409569a43060067,31.070388,121.532962
3623,789e25b6146f9d17ea1c60a7bcea1d02,30.999098,121.447826
3624,77467b56935c623c0e0e41ec8ddebf74,31.159523,121.435774
3625,c5d5d95fddc326190dcf02c057abff8f,31.163201,121.11139
3626,eed3fac0b30f87f994bc7f780a4486b6,31.326648,121.304442
3627,7ada28bfa8e756b77ce9eb053eb6f210,31.239025,121.551622
3628,e839f9251e3314dfdddbb8bc20b6a5bf,31.307215,121.486962
3629,478c5cd63ec2a5d78803565b0900ff6d,31.236009,121.478941
3630,4c574bb4e2823bc633ba867135fddf0d,31.254534,121.34772
3631,216714a70fbab1d17cd178a88a4f1e14,31.193686,121.423417
3632,49a352029583268a6ffb738c32c1755a,31.281567,121.557955
3633,0d8b1ce9140a08107ec63e1f0986cf94,31.019533,121.388705
3634,929c886d650b71f5ea4ad9d4cdc5761b,31.263651,121.573401
3635,1c6f5ff06f6c557b9959c36e316b6e27,31.174053,121.282683
3636,0528a36c6d86a56e61dcddafb443f1e2,31.159523,121.435774
3637,5259ecb85392899b6bb0e4c1d84c1dd3,31.309342,121.580807
3638,8fc338b074da023b2d8af4b1c30d776b,31.162395,121.353836
3639,72513c25890337ba407971743fb92c85,31.129955,121.336848
3640,1e7db4a353f64898b87cb6cfe20d50d5,30.998611,121.216212
3641,eb47ab50303e2af8a11831b3c0c5b5fe,31.215246,121.604329
3642,9384ef759ad050cc49d653df9eb07a3f,31.055129,121.770244
3643,766e4e6375ed85badaa1abd80b601160,31.402222,121.493387
3644,b40c4000a3612ec3c1c44d3ac1a07422,31.318389,121.653955
3645,167ee8d1b109adad7f264dda5eb00b19,31.219114,121.423499
3646,b77a458a3797ac23f7d58898e75c4a25,31.197573,121.454035
3647,e484c1d6dbf307e8e211b7c5fd271639,31.148773,121.387158
3648,6535d2d9fe5fffa2e3c301fbc6b658fd,31.214719,121.624972
3649,e0049213e0c0bf449720c51c83f8ad07,31.060659,121.399957
3650,cd1ba8ef291a0f7f87e8a1dffd4d977e,31.038201,121.216468
3651,0a89f55765bcd22047d9ab2d64f51a93,31.23271,121.455345
3652,79edc08b250ce6067623752f9e1e0e57,31.057816,121.413943
3653,ffa3ed2d765f0c12d6a4f9b24d916fb5,30.909885,121.195459
3654,036e6dc85fa42362d5d6b08255b3627b,31.268642,121.332479
3655,26028379f0b61cec661ca89660f22b9e,31.231508,121.577691
3656,d4de05b5251723ed1e1c0f43a721ffdf,31.178088,121.413515
3657,8020bd2a59d46b8d206986ab7a1c0597,31.301132,121.177821
3658,989762879d26d5ac9d05303222348edc,31.241242,121.517216
3659,7f248f0e4d016d4209b524685f3f06a2,31.274417,121.257132
3660,dcbee246615417b74879b90e3de885f0,31.143297,121.132883
3661,8c803164130a9d16b9125e7b69a13135,30.893975,121.016922
3662,7230a07fc7bdbd92948316b5d46e873c,31.291773,121.203129
3663,36ec9626509f9c09f29830ffb63d8864,31.150398,121.537521
3664,1107b4ed0d4624fc224311521c37315a,31.22121,121.411568
3665,b5475b48fd657e2491655777d42eca59,31.243446,121.675041
3666,533a92e100abe783cc095ade8f45d0d2,30.991472,121.430726
3667,3b372ee1d2d418cc5f9ad2d7f772d90a,31.175943,121.424363
3668,4f62dfe088a2c63927339282a05e0c54,31.270362,121.612773
3669,8e743bda2d64186e5dea99add913b163,31.270279,121.531241
3670,e0433c2115c068c337372398a7683ea8,31.293561,121.362372
3671,867f4518be05a32e3f162dfd441e150b,31.305522,121.483135
3672,26b268b96fe060b988a2b7c5b74620ad,31.272151,121.375814
3673,efba0c6b3f32498f27b1cad18d1fbac0,31.026816,121.426094
3674,8d35d0d60198c837723b64ded5a02f3d,31.300084,121.504034
3675,752e342d50486fa98072c4a89b9a4d5b,31.120714,121.42693
3676,1455217cb19fafc62c3f664b9cefcaa5,31.243338,121.253922
3677,6ed7af2b3ad52501060a67b1bbab14ac,31.233201,121.469528
3678,ead060818ea235b917a82dccc2a2ac77,31.230287,121.557116
3679,919add6d030ddf60338b074a2b256b07,31.184426,121.15811
3680,5c48bcd092885ebdb5e7b4eecc1feda2,31.195131,121.418788
3681,dfbe1ded2283e12d84a98b94565766ba,31.166408,121.569203
3682,e4e0a17beb1b968657fe14df17b79476,31.251894,121.464026
3683,27343ee290b92957485a80954360bdaa,31.134917,121.334281
3684,00139e7e70b453f0cfd429432ee183d0,31.036987,121.386554
3685,9914cee85ede7c67abcc7a5fb9e520a0,31.295347,121.515155
3686,19ba26e0d55f12718e72ec8dba82c54e,31.338059,121.289933
3687,1a9d888ae5ddb6b25d4c24de95c88e33,31.273024,121.42572
3688,af1c99c4f06419d01422c4653ca16933,31.121932,121.33481
3689,88ea2163085c3aa083a23f6e8edd0979,35.379598,116.072359
3690,27af3ac5362979b325b64708781f4977,31.224452,121.511537
3691,513f133df14c77d15a2a5ef614a09324,31.219947,121.467027
3692,0daefbd2514e5394bbba32ca5372df95,31.051898,121.769904
3693,75090b9ebe39ebb32f8e9cc818b6c8c9,31.182725,121.41492
3694,7df527221de9b6f2e88ee92c056fb49f,31.462643,121.331794
3695,dcef5ea39ba48f5b7d4de3ff76bc6199,31.299261,121.578516
3696,07b91c8e5db34dd0694c9263e2c9f82e,31.297281,121.505124
3697,f2d496bb7827e1b1d4037100ef0443e0,31.137143,121.545715
3698,c9eb0653981d0b63469fefad11cf1c3c,31.112899,121.367429
3699,9ac7072bcb3a6b410a421b222e89bb9b,31.284385,121.511361
3700,6e99e10bee195747d4a70226d4609524,31.244931,121.50832
3701,2aaa0875d8538cc27974ce96b7b16a58,31.39034,121.272165
3702,47546abf24598a93a66a23fe722bdc9c,31.039158,121.239632
3703,1eff3c3808241cff463db9ab524aaf65,31.413754,121.202263
3704,1aa68352ef0ef1b4f1e6fc81edf99977,31.304918,121.497837
3705,1f43e9f7ccc76aa40235474c3a1b3944,31.082614,121.523874
3706,cf2034e9f5583ab0d6888bcf2bbeb243,31.19107,121.554321
3707,420229a7f6d748ce4181fb947db33224,31.188512,121.437591
3708,48711e004ff71f9e24836e1f3014cfcc,31.174661,121.52822
3709,c506f4413eb6f749eb4135ff83a8005d,31.149689,121.531301
3710,a752bccf2e3eb222409ae41234cc5485,31.217729,121.472441
3711,2da2576f567510f44b39f8fd050b010c,31.180824,121.525363
3712,d9b8a33f19bb0ff32113310355f0f40c,31.134786,121.444969
3713,9e40826177fc482f6a1857f5d66877f8,22.522803,114.218796
3714,87e934be70ba30cbcf2c8c7d9677cc01,31.10888,121.390919
3715,71b473aff9ccfe8ea658a4d5cff8a3d8,31.174203,121.431404
3716,0eb73a1f24a2c5735b9a0d1f04c72e5b,31.283403,121.541263
3717,c70f4e6d6502edd68b5f26ea9aa7b6f5,31.344675,121.443963
3718,abc0ebce817294f93997f902f101718c,31.219114,121.423499
3719,34969819c682f8ab7cf3859b3cbfed07,31.211634,121.520845
3720,e617172493e324777d938dcef593486e,31.280867,121.656939
3721,c7e889c36ef576960155db4dd57475c3,31.273966,121.429374
3722,0723b260edcd6dac0783e16c57b69575,31.252264,121.38269
3723,25d51ea43680ae4b5b11cbec18520b83,31.260429,121.426787
3724,d4ef59c73e1575d692d42e8e09690fed,31.397749,121.267217
3725,7e0f86fee8b9b52fbd69dfe41ba62b1b,31.190389,121.457678
3726,b2764f67f23f2d68105d9910f6732cb5,31.078365,121.404647
3727,739248f56e79ea86c03cdcff640bd030,31.326619,121.493433
3728,374a730256806e67057a5404a8fdafa3,31.138371,121.416975
3729,1c6fa9b191039e49c26352b62c310757,31.184888,121.510295
3730,316e1e21f1ee9776196f09954a082555,31.327657,121.544364
3731,816612104f74d01f4a0e58873858a723,31.364503,121.391608
3732,c80c77edb20d7e11807afb3d33eabc84,31.163432,121.354451
3733,2ad372c4c71958801ad35257987cf21d,30.771941,121.373524
3734,fcb00ff374574e0bee357826df6caebb,31.209025,121.616514
3735,15ad0bd374bf798664d614d4f18f2436,31.229071,121.452449
3736,07152ea89a87d92ff830a01fc93c1a34,31.341175,121.618019
3737,ab561580eb0f393bdc1b0c3f1f32e346,31.239454,121.46057
3738,8baddbaea321fed9acad09de66acb4a6,31.26338,121.517162
3739,a75a9bfe0896c4f8fd4d9667724713bc,31.017385,121.715431
3740,45da6fa58ab3ca6f2dac2d3bd69172f9,31.171972,121.140685
3741,7a52e06e7aad4549cfaba4ead3bd8f53,31.225269,121.491889
3742,2a2e6eb52dcde0105e2113344ea3d772,31.307268,121.521916
3743,44f734a9ccdfc79b10c2d12f8831193d,31.278008,121.492049
3744,0e7638c8a4d0950350ce45fcd8209c2f,31.264477,121.44249
3745,4ab107625ecae2c8a099e70f79ddc3c5,31.341417,121.271089
3746,878365347f8972147e7bc64fa45a81bf,31.240869,121.481603
3747,aaa928dd66640268116778ea64419408,31.143965,121.573343
3748,0524367050b3aaae380d6055f1e2b2b1,31.211634,121.520845
3749,8b27df928628e156f1eaeff401537924,31.112806,121.462647
3750,082a508d8b9cf825ce30e8e4f22edf7c,31.069757,121.399847
3751,82072b6a5ac4b74dc7f8404e979cde25,31.071955,121.234457
3752,a8e380c4df521aa165da73ee30f838a9,31.007327,121.431151
3753,cda8a938ccd15bcc7a94326b009ad352,31.260835,121.366953
3754,db896c747270200362e272b70af2a72a,31.117005,121.271194
3755,d60cfce16d301eb234dec7ac078bd3c8,31.236935,121.106513
3756,a224ed615e3d2d67683c8cd77954253c,31.024911,121.255017
3757,6a58e4554610e390f0c37cdf1e85aeaf,31.220334,121.367655
3758,e7bab81fef55873816341da342024c0e,31.240869,121.481603
3759,df8b0d3dda8af09a9b8ddf9746a9ad4c,31.206194,121.456569
3760,1ce0141dabb05e725ae16b435c7043fb,31.01217,121.265575
3761,a6a5ced8aaf2cf3c54d5cbad551ab926,31.361645,121.475443
3762,b4025e2771a9ebd1fe1d1ea17e2df3a0,31.327319,121.462047
3763,5a099f3633ed3516207a6859fd17b5e7,31.214683,121.551574
3764,9798487308823c395570f19fbece20cf,31.199721,121.325753
3765,4502adbd8fab08206099bfa579991c3b,31.262756,121.625447
3766,082c497047087104ffbd0a43809ec257,31.334449,121.536876
3767,c9721307028ed1b6bebae1956e06734c,31.188258,121.301297
3768,e73a60de221d41874e3810e7c423a43f,31.260429,121.426787
3769,774a54daf816d0b7e133964db54cb403,31.233674,121.498294
3770,a2eda7f93db632471f3db0df9cb4867b,31.244931,121.50832
3771,9b496558a01d2621bd07ecf728104983,31.115176,121.36579
3772,275d90b38d3400293c44c843c5671b5e,31.263762,121.481215
3773,342b5b7ba0decd539f896aef718d7916,31.456258,121.413525
3774,9b95cd19f9d1e098f0a1835ecf794be7,31.24641,121.548541
3775,c0340aba3c3d32f7736e6ccc50552704,31.052253,121.347624
3776,800cf3de36bfa46d1b3c29e5b7d6d0a2,31.157536,121.203337
3777,9d6dde58782027249a38d1fd3383a64b,31.015959,121.227509
3778,7f453eae1d6118d950e78d90ef0ea315,31.390234,121.254572
3779,103bcb0a4d7923e951f490210be87806,31.248587,121.277434
3780,6daf674aa0e45595e59500fed506b88b,31.189335,121.781953
3781,188d008dd7b9380c555df00a0881e63a,31.236197,121.485283
3782,2b19bbca22071b709f29ff236ce4db33,31.073134,121.317814
3783,8261e02a3394b45cedc0cada4bff7a1b,31.239763,121.540092
3784,438e70da40761a25308bd6230ebb8ce4,31.281567,121.557955
3785,a0c8818136c353c556b16a63e981ae25,31.209025,121.616514
3786,c976515c05996078e78cc46a66ef1815,30.912581,121.465142
3787,bc423e840ed280f8540033396b467496,31.233674,121.498294
3788,3f124de91da093437cb4d691ce608a40,31.1744,121.285083
3789,83c6adea606b45a8d798ffe855d8e670,31.233973,121.41641
3790,f21e8ad62f57136a617dc6da7fb87672,31.143351,121.352765
3791,a59b2a817dbf1174e77c3e37750e2088,31.030308,121.650922
3792,9bac148181b925a0fe78b3560c9567da,31.073134,121.317814
3793,949632f54ffc3b57e010add0c3683b7e,31.219114,121.423499
3794,f62c753ad1868f22ce6aa1ee6d5e63b4,31.273982,121.512661
3795,1a4267e41cd236fb1a947deb1f2cb5e7,31.300693,121.496182
3796,e612e1dc538f168f22b8f84aaae5e8bf,31.331055,121.52962
3797,113059193a134acd9f2d7e81bf191c7a,31.152182,121.564661
3798,aa7ceba5da425d4ce621eba3d04de4ec,31.152182,121.564661
3799,39b3812f15d8f13ddcc3b41e90660306,31.279012,121.514374
3800,f39eab00f2c8d854470f3a83621bc049,31.295335,121.555781
3801,afcd9bf66142b772c75c9b00d8fe8844,31.33775,121.306733
3802,3edd258e35a7eb94a4c9332ede41a609,31.292709,121.497635
3803,949305d4e7713b7f140d45cfb54d27a5,31.303976,121.474504
3804,56ef5e69c2ef371ebe50dee703f510d4,31.197656,121.463533
3805,715c2fb84747bfc94dd87152e8c38270,31.208384,121.466365
3806,450a94883e44afa7204e887c124125db,31.184883,121.430689
3807,60574a705c9d06fc3176fb62c3218419,31.145439,121.417433
3808,e515c3d0a7d930fe65236f767aa5b23c,31.254912,121.371838
3809,325129785011e59ef68c30bead50c146,31.174053,121.282683
3810,01b672fda036d7a1ffdaba650cf3e674,31.231508,121.577691
3811,35f5d73c0bcaa5619d5b606cd0b5b524,30.892415,121.023553
3812,47137a6286ae537a37a96720923e665e,31.146522,121.352501
3813,840d90fdff8b629e0f0a1022e208caf5,31.232729,121.566935
3814,c1f77035935c174e459131eccaaa7575,31.247155,121.23112
3815,3d6d709c11fe471560d1b488bc27aa1c,31.120864,121.389141
3816,0ad354e22120f1dc5864a071d311178d,31.166365,121.419792
3817,612fecf8f742348418ef75bb812e5715,31.09201,121.395696
3818,5fd2e7dec9c4974edf7e50a1d8fe5dab,31.316181,121.405014
3819,c25cda01110b1879b78af0281fa93704,31.158559,121.319801
3820,5cda60f387f5064db2729db3a3de3ca2,31.23301,121.442524
3821,900e5f267095b3cdf5b4ff3a50353104,30.989121,121.127308
3822,c7804fbec4d2205f790e149212b7dddf,31.197909,121.426542
3823,de7bbbb8ff45dda628ea74798ba14e48,31.402222,121.493387
3824,6c37d65a3fdf4937df8fc62cc27c1fa6,30.8406,121.251681
3825,982a51fcfe0047e3d15cf36810123209,31.030356,121.535809
3826,743d2abdfec8dc260657cddb859d45d9,31.414397,121.481621
3827,3f58a3deb3b3bbb8a5779493b717b57b,24.284812,102.999068
3828,f26467d77988754705366fba8d1aafdd,31.256232,121.498254
3829,da7e30d57ae46a1c5021c79eab3634fc,31.215428,121.660427
3830,9fb5dad5a92266e998f5aeb0f28fc3c4,30.933365,121.873737
3831,9d1c28a7164ef40765298dcd99678985,30.993883,121.129758
3832,e59a23c990a6d134bf7845a23982e2c5,31.134786,121.444969
3833,8bb6549cf9aebf0f86ea3a54a2c1188b,31.230109,121.434393
3834,f38fdd1c0dcab0655501520ee2de48e6,31.177067,121.370844
3835,e3e3b5b4629d37d17985adabdfc5edc9,31.243013,121.416207
3836,564d1338f3fdc77367b9db8ce70623b7,31.32719,121.53013
3837,f0cc636841d72315c309ecde31fd48b7,31.210033,121.405714
3838,e8aaf6f83204d6f419f5fe2f97c51f05,31.155403,121.57642
3839,57ef8338d315ddd1590aac0d9a71ecb2,31.106732,121.290566
3840,1a65624e707f82f00655189e0d58c642,31.203978,121.423912
3841,de8fd834639b48b2c1eb030c2c1c5f97,31.155403,121.57642
3842,a3f2fac2fc91b5300d76ad0a149404e0,31.205839,121.462046
3843,21a0501a7e55670f88f9be696071f2c2,31.25007,121.546845
3844,9af35442cdcfde1edb42016770985fc6,31.204179,121.538588
3845,0f697fa58a4e0583e9c3c2999d6ea693,30.872829,121.424028
3846,8d259e35c66b9665f6e933cfbdd456ee,31.317294,121.460019
3847,b434350a1cebcbc2df5b5465044342f0,31.301602,121.487289
3848,2cc253df83ff2be53ee6ef608b1f2199,31.370388,121.187891
3849,caf9945605f8faf7ace5975ec53da5e6,31.282271,121.524511
3850,151bc1827b6499d7e25553d963ab73f3,31.307198,121.511929
3851,7029bed07cd190e3dc4a1f5e35683f56,31.15228,121.118001
3852,5084cea0a91bafb8129e4213f8b05369,31.159523,121.435774
3853,fbd872a5a2af1aba22b2f8713c3adda1,31.348418,121.427796
3854,b6903cfaa8282abe31cb15cff1d83405,31.230109,121.434393
3855,6c7afb9ddfb48c0a6c05f99bc82e899f,31.276178,121.553996
3856,06c391a99f1df71e7315b55f05572f18,31.002479,121.390889
3857,32075c2a7ece5f3e73f1e5bc4a824aef,31.425786,121.422506
3858,12cfbcae4fa676515421a0323529d195,31.221662,121.539905
3859,37280950a5c3eac0be49fe61a2a7e901,31.185812,121.457923
3860,7835709e372efdabd7baabda64d2dc11,31.192457,121.443575
3861,c1e49e0786dd0534aa4507b5ddf5f5a8,30.900529,121.246804
3862,efd7ac233b4079ab309280a45b2e55a7,30.960682,121.447242
3863,61f25bbcda5491ec8d5d1b3ab09987ac,31.242365,121.503571
3864,787786d35528e70b8a81d4fa6cea2423,31.30092,121.16892
3865,eefcc81608936b278eba2b0c58e2b548,31.038911,121.226883
3866,b642e81844156708e65d5318f9409020,31.062583,121.44986
3867,ad8e8c3a7b574bace29a17605c28e931,31.221591,121.351862
3868,b9c5bd812d8e444d50558dd46bb310d4,31.235682,121.487831
3869,ffaad8ea302fe3cb31cf3fbd803aa45a,31.099085,121.386207
3870,0e91f8efd1ee582cd3e678143a50f3fe,31.176978,121.499522
3871,5f3792c977484b164326ce231a8b8c58,31.229334,121.368291
3872,f8814578d1153de5639e45aac125483e,26.139329,103.078562
3873,8d979447f4a205118175ca8085a5c604,31.140384,121.620758
3874,8c053452796aa0dfbd956df33d256cbb,31.213659,121.504661
3875,e02f11dde098b2c535d041520127aa09,30.908583,121.656169
3876,10b2a9d26c62112055e7ed85e58d2195,31.268663,121.428101
3877,59c5147dee23765ce6e3e525da67f8fb,31.338059,121.289933
3878,7888479f43aec892bd81ddf579e16444,30.982046,121.207872
3879,9cf4b0104e25307b723bf10bd7b8e06c,31.201259,121.40143
3880,36ca22ac076ad27646c0be281869046f,31.260555,121.410883
3881,65607bc58dbf46cbfad2ac05f4bc5278,31.172757,121.425965
3882,ca56b7f8b48f3b0250d249b1e67ca277,31.278028,121.583992
3883,a67a99b0e57d78091ded81b534648a06,31.216659,121.391301
3884,ac3010856f906613eea54df946e90bd8,31.007327,121.431151
3885,fea1b6473147c73ce26be8f35b30aaa2,31.134254,121.280533
3886,0eaec8ecbed10b077ab201b6c1320b3e,31.211591,121.499553
3887,02434bd5e270beef1b50bd2d85b801d9,31.211591,121.499553
3888,5a7914e51d7bf71248026ccaad957618,31.183064,121.407773
3889,1f4381c3e6895648ad9b424076461faf,31.242841,121.391309
3890,6ebfb7ed02a066c6107bae6f464107a0,31.231328,121.487479
3891,e24baf477a6fb271ee29f2c2b6370187,31.143965,121.573343
3892,762f6a938f5be70fe20f9bbc05c32880,31.237926,121.46594
3893,3be429df0504c594b39abc48e9ef81c5,31.190185,121.443475
3894,0b439d97bd0d7ed315d29405deb0f742,30.976182,121.750557
3895,10df1665efbc72a293aa64b033c25dd1,31.143297,121.132883
3896,40abb53dde26ade72b83ab3d0f63dc4a,31.03333,121.427385
3897,511f719d6dae6e675bd9c40421de5219,31.260465,121.461228
3898,d160475982a98e6b46ce52e0411f40e9,30.900763,121.246509
3899,1d494c797502e3f4d17c6aaf4bb74fe1,31.254166,121.224476
3900,dcd60d6c211017d851a394d633eb661c,31.203552,121.371544
3901,4d98b28e6d246c806ecd5a398b8ee026,31.178359,121.279284
3902,4e4eef9dad4a866ce447adbf062c7a17,31.025227,121.44251
3903,72f456fc5995868f15ad42a2b09a0e70,31.127217,121.335543
3904,a8514af7cadef797cc7e2da0e3114be3,31.292519,121.549839
3905,bbe9461174c15220bd3625bfbc4c46ef,31.15228,121.118001
3906,9c6d6876f1de9d0c7bcb8a20fb5228a1,31.131416,121.429704
3907,e9ce0d255caa5a01ed3c32969fac8c39,31.199721,121.325753
3908,21d92875ac765dbf5f1004cdd7f3d991,31.255905,121.430231
3909,cb32fc66f9a51fe7c10046aafae18654,31.032565,121.409407
3910,22047ea3695a2bc02598af2378856966,30.799332,121.268825
3911,aa6c3691de739a122b8ff1fc6c01f86e,31.045834,121.408322
3912,f27eadc8d8135838c60c61cdcf369250,31.217237,121.432824
3913,5a625e83d8c37583ee032630c8fd58c4,31.31724,121.237444
3914,6095f2538a8d859fada591431fca6c17,30.978506,121.447689
3915,f9e35d3f645800dd6a8a6de66ed7365a,31.357217,121.439635
3916,69280920453b84f886fc01425a41aa8b,30.719537,121.355948
3917,1c2e4e427c5deeb73953d07ea68aa67f,31.245814,121.411472
3918,2cbf0056f0c09eea8a5449641d3680d2,31.429482,121.184088
3919,76518d99962573278baec293abf91f13,30.875057,121.324697
3920,28943ae79521e86bc510a1cb176bee56,31.124664,121.323455
3921,1326e240bf42899ae657ce6f7ed31a8b,31.263651,121.573401
3922,e584af1363b584abd161bb782b9a53b2,30.74139,121.380141
3923,45be15001934ae36ed9a31419e4063ff,31.280857,121.169253
3924,079d526476cb18509a7cfe8198cdca73,30.922611,121.473581
3925,ad79fb9ba353673abd706b5ab260b13f,31.228852,121.541643
3926,402b1923ad3d94b672acb5e6ab3850be,31.250271,121.406561
3927,7a1670dcb5d2b475f31f1890600a151d,31.265705,121.420959
3928,793e44822613d9901638f5029d9eda61,31.051898,121.769904
3929,01d1ec7ca42bd3c1cf73ca14b8359cee,31.052639,121.761696
3930,8a6501f615c6af1f61d773e5be7e7c3f,30.879349,121.094749
3931,3183e755abb22b492ba89cdfaebcf1ad,31.241762,121.50497
3932,87e753d76af0053a3c4b1acfab99b167,31.152157,121.514858
3933,f612ef4f602c9e000782a2a5a5a193ff,31.273982,121.512661
3934,2aa2772a12a1135affd3334961c17811,31.045101,121.223676
3935,89c8e2906c27f31f1277087efc6b60a0,31.128227,121.45441
3936,a07fe5313351628824c1c9707ee2c104,31.252264,121.38269
3937,d18e90d52a3a2346843c5cc66c00f5c2,31.273767,121.222048
3938,bdc8b414bc72fae62d6acbc555317a9e,31.172757,121.425965
3939,9d2c4f76e730aeb4bb1281a33ca85599,31.245814,121.411472
3940,5f44c97b4b9b8f3fd27f4a320efb5d20,31.038911,121.226883
3941,2320bbc6e209cccfe0b1622dd620b43b,31.284042,121.583676
3942,acc2a72dadb7ed9d360ed763426fea5e,31.273982,121.512661
3943,55a05d181046dc2d0eb7f0eaa12a8f06,31.168519,121.804669
3944,c1474b0dcb65e16a4281c2ac58eb5cf8,31.019982,121.244295
3945,81d90c49e70c8191e6bed8f68e747fd9,31.019691,121.249497
3946,04dbbde498eb52644e49465bfb5d168e,31.215664,121.46829
3947,87296e5ac61f559c67b1cefa434860d8,31.146522,121.352501
3948,9f3c9ae41b0368c1cc73840fbd1bb23a,31.251239,121.428578
3949,adedf3962a74890553592d60e9bd52e3,31.092058,121.38753
3950,4ef95a05f293b03aaff1e2a8a20442b2,31.104981,121.360938
3951,81f70ae4da9c9a6a3bce11352c217c7a,31.492475,121.328439
3952,88d8d996936cb1b91d67e5200bd3707a,31.066368,121.2082
3953,3f56dd47ab75cb3349e17e16ef361663,31.204349,121.693531
3954,6c0de4021f64925913aa2b5a6f7c768e,31.236991,121.441554
3955,e319103a8ded7ec8f6542db9bf57ab5e,31.171916,121.718029
3956,e04a06531072aa9b1aa996ac901c8634,31.22135,121.391319
3957,b194ae42a175e5965b947dbbe2581fd2,31.129955,121.336848
3958,c78e6a0b0afe21932d86c7c2dbcf8acf,31.11674,121.586334
3959,2005bcfa473fd6c59956864755fbe72b,31.232893,121.380242
3960,a7222796691e8c7a0e5912e542216996,31.153746,121.504388
3961,f45b5b8a4166776c101185db0dac2fcb,31.382771,121.291756
3962,4c29486f43f2fd2a89cfd46e3abb15b1,31.148773,121.387158
3963,aa4e6736e868504356d04bd23a2fade4,31.242808,121.420927
3964,cad3d9855ed8529f06e0f344afda97cb,31.054506,121.460002
3965,a490b4d4182b4bdcc1773d7b00d6b92a,31.18713,121.451332
3966,f3d278395a0d5fc8c772d50278688ca2,31.104981,121.360938
3967,897a2893acff7572323e3ab714c68bc4,31.233674,121.498294
3968,4f82941a73971516a6e8213fd2a34853,31.210033,121.405714
3969,007ae037bdfbaa0b4d726a483315efd4,31.19232,121.142889
3970,c4bc7a00963662070e05762ac66f3d6b,31.301954,121.54744
3971,5fe16955a4620cec184c511a5cef2c93,31.171686,121.441221
3972,a60459db5bcbda94385ae45a7853179a,30.801265,121.395878
3973,01e50db91319c43d3683d6c90764b7cc,31.108876,121.345256
3974,bd63af0ea7c7d5c1153fd3d32bffdd4b,31.205813,121.413544
3975,51b379efc758810917ed8561d3c49310,31.178359,121.279284
3976,f944af3ef5796854ce15c21aea110926,31.133956,121.526289
3977,4b80f6e44d04b34bf9756a0cfed9b86a,31.235461,121.498056
3978,0ab97bf1f8d46fc2b9999c42f81006aa,31.012926,121.423939
3979,e4008373a9dd7f586aea3ae5f1f1af58,30.963144,121.39936
3980,8f19023e9832e617b5b04fc11204e038,31.295335,121.555781
3981,f2fe80589cda0fc8620b1989ece10e80,31.165339,121.427732
3982,bb5a156e28b729a67b63871535d48c6f,31.126339,121.573213
3983,bdde28966a1d5e7026340dc965e62c1a,31.262004,121.350318
3984,cea56771e981a61b5089d728db825798,31.285059,121.406807
3985,a0495148276d6f83aa4b64105417d003,31.030356,121.535809
3986,2f34855b28cefc6b73eb5560dafe43bd,31.054506,121.460002
3987,7cba07b8077cda01f5e0ce8f8efb8f33,31.30647,121.492925
3988,022946707355792e2c3b14f193bb9214,31.011886,121.234971
3989,838e295dd33cae4e6460502d39ef9747,30.884387,121.408648
3990,219c34193a26412de877502a0dd427b8,31.317294,121.460019
3991,03009fd828327a5a5c8d958ecb6c0371,30.901978,121.452316
3992,e201ca3a1f55b30b102644b16745a424,31.280867,121.656939
3993,4163f8cf89542a690cec6a415136edf2,31.235847,121.536101
3994,2e5cfe011c89e4a1d27fe24279d697e0,30.903508,121.331287
3995,55d58223e56a6e600ec3b6932ee210ab,31.396658,121.496972
3996,1076a9789853b0f9310ee1c28a5f3cfa,31.217074,121.510123
3997,983925bb6a47c0133e989ccc53af070c,31.268642,121.332479
3998,94a515f033efb70318f6dcaeb5a84703,31.19382,121.49524
3999,a2e11dc917f6d8dff27370316d92e046,31.213659,121.504661
4000,9a4a61ad2c8d156319f8fa191c30a587,31.217074,121.510123
4001,bf59c59f790b2e265ab383819661f9c7,31.199721,121.325753
4002,02329c49505e845b77e8a4e77921d95b,31.120822,121.29001
4003,a189b3a02c40e1648ccd84c015cd9936,31.180175,121.422303
4004,5c635c77fdab2053caf3b6638159ff59,31.174203,121.431404
4005,fdc807fdac16a0bad1958b8da85c12f1,31.134786,121.444969
4006,09180eee4c85e677ce8c01cd9c0d6f61,31.217074,121.510123
4007,c1656aa3668251216d1a5ed4b7db2b90,31.211591,121.499553
4008,fecdc04f3cf6eaa3c86d0f3e06d38315,31.217074,121.510123
4009,b9c9ca0fa99499028dbef11fde87d9af,31.19382,121.49524
4010,f88ea79185fb1bf2c3f8201eb0021eee,31.19382,121.49524
4011,e1c08df78a179b77b2a59330dafb1ae4,31.288667,121.527375
4012,99a6d96f50184cf5f4151236ca3d2094,31.226966,121.53174
4013,779de72600fbc3d5c7f5220201c6264e,31.295335,121.555781
4014,2a15c7cc2bf73f51ecdaf33ede29f1da,31.053198,120.907525
4015,047b9a349a270f041dfa5be2e79b169e,31.199721,121.325753
4016,04984edf48d5559a019728bfc2944ac9,30.999098,121.447826
4017,a55a1af59c5fae39b5da61c68626580b,31.318438,121.497035
4018,1037c5d6c3844637dd7ec0a9a9505514,31.066368,121.2082
4019,e22f36e0c02ce858be12317be762b33b,31.295335,121.555781
4020,ac374e09597837ef908ebdd45a6499f6,30.990942,121.12541
4021,718b217d895cf5200b62c1ed8fc4dac8,31.211591,121.499553
4022,558c0851a46dc3eb102334fe326d2d5e,31.211591,121.499553
4023,137171d96c59dee3f3f94018fbda978a,31.211591,121.499553
4024,1448c686c6ccf72b332ed1eca915f934,31.217074,121.510123
4025,db637209a712f64d3e833a425ded3c7d,31.232729,121.566935
4026,0664f4278147464d07a3014f7da4ae7d,31.05799,121.626154
4027,f2e4305c1df6abbc2aae25b1354c0dbc,31.192915,121.682688
4028,ba817fd2ab6106523b86dcf2189bb0ce,31.274417,121.257132
4029,c96d389377194354d7fc30ec8e250b06,31.171916,121.718029
4030,86e8f34aa0f03ee6a3fc4ec143d07417,31.148848,121.314851
4031,b29fce9754c618a47e8166dbe548f5a7,31.250826,121.578689
4032,0bddf8ad0f6a9cf61f2a2a46a7853e16,31.19382,121.49524
4033,d1b924b17b036bf74f9c337dd41f9edc,31.211591,121.499553
4034,1c18ad2e1935c1d8a7ccc24b04df4e58,31.211591,121.499553
4035,c2f12b5184ceab015068c31b7e9fb79d,31.211591,121.499553
4036,fca2fb2ccf8659cebf8733b5d04c8471,31.217074,121.510123
4037,2addd1cfa7a5bbc3fc1ae4d978d69ed1,31.213659,121.504661
4038,cec6759cdeea7484d5216322a2ac0aff,31.19382,121.49524
4039,407fbc135e8626d9f372dbebe8a53209,31.19382,121.49524
4040,6efba845bbd62274ac4405862f5c5000,31.19382,121.49524
4041,51d35a3582e07bf55e4575fbeefff9e9,31.273966,121.429374
4042,6e82ea8907f1b1b0d1406ca6c9a27d94,31.286022,121.497436
4043,34a539fadfc71a427662910f37c64228,31.342417,121.40922
4044,60653462db993cb5a5da3f6b51075000,31.321416,121.215
4045,13622eb96e109626b6658a26b5f3307c,30.741693,121.367052
4046,fc7259e960ea23732a7c5133d850ffaa,31.216371,121.601926
4047,fb78ccc57863a4b7f34da9afe7bdce23,31.318661,121.194317
4048,076a3a7eb147545959a8ed9a561eea8d,31.295335,121.555781
4049,81e1595436a03bdcbaaed5fc06a4ca1c,30.738649,121.382934
4050,4d1f357f752ad4af3d55c48e74fc2092,31.275929,121.473484
4051,99ea9c661a8070c7322cf29390e375fc,31.371973,121.278978
4052,edcc44b85eaa65bf38f0f554806cbc07,31.402222,121.493387
4053,7a1093cc167cb8bcca45e10d5d55f615,31.211617,121.486703
4054,be96f51b864963af9cad314fcf68d0b4,30.940039,121.548407
4055,cb66569ce6ee2c775e0e6ffd77a35304,31.058968,121.787072
4056,f0220fcaf970fde730d5abab3fb96edc,30.716044,121.291037
4057,b76c67acb1f1c838885afc5348b69331,31.155384,121.771585
4058,c9375c630496655e2a3564e1b1026708,31.24448,121.37062
4059,87b4548d2bc1c6d3881b7133b82725bc,31.303976,121.474504
4060,4a7b6e8eb207ec84c267dde1d7061b4c,31.273767,121.222048
4061,fd900ba84a43b9b9263984fb6061febe,30.998611,121.216212
4062,75bfcc6b450f8d93a4d975c80edd6f6e,31.264477,121.44249
4063,cb08becadf7d696ea928a23d1b0acf22,31.254042,121.464758
4064,f83f70da4a601b5a53dfb3f1ed5c1554,31.071955,121.234457
4065,9413f4423eeb527bb219d69995b9ff8a,30.897457,121.36324
4066,274355180e955586ef7ff4a4c516b718,31.20172,121.743118
4067,c7da177780a47b0ce5beae36e702ba31,30.800042,121.417303
4068,073d07899b5ac19a224aea95f8a0fd78,31.232857,121.475333
4069,cb98de450b0fa0456eac8bf5513d1e54,31.054594,121.339133
4070,24eb84c19988600aede50e8037106164,31.06623,121.321933
4071,ae41c9f786a2ff7114e098818033a455,30.771941,121.373524
4072,629621ebc898ca5e034b6fca776e7672,31.145439,121.417433
4073,87c0623909b14bf778c751e8d62aeb46,31.004198,121.067198
4074,98dec1273f264d784f3836203b15262b,31.240686,121.480699
4075,bb4b4dcd28e3108c4cb56043cb94180a,31.145439,121.417433
4076,658c0f5f714bc0ca59d617c47c494935,31.051162,121.311884
4077,1135cc21b2884d43a5a7083cb2c6f782,30.844717,121.528288
4078,e0720d50a6d9aba1c93766b3268f82d0,31.242841,121.391309
4079,3daed1f96c73e2f3802558eb9b80297a,31.174053,121.282683
4080,8106f1549c7e801b11df02ecb965e4ce,31.203981,121.483421
4081,bdf8edb0a2fb85ff87968fb4cbc003e8,31.370992,121.177459
4082,39debfc72bc453807d9b16338f9aa97d,31.359545,121.18156
4083,ea230c4dc0c44c698146fba42a13de99,31.292661,121.305822
4084,b1e29e2ac7ae258793b07e023e8625cc,31.423448,121.433415
4085,d247e1b5042cbab83d80f8100833f0af,31.094914,121.43682
4086,de39c89c277ef6d9483adc500c7050bf,30.93817,121.865652
4087,04196217429168e5fa045613b3fde4b7,31.25423,121.461072
4088,2f4095d70a72da2714d8e0310e02d7f1,31.174053,121.282683
4089,82f6d5cbc2e91e27ad1a54cbc8ef2792,31.114038,121.415096
4090,4709b82b8488bdbe93a09084a8b05a40,30.814573,121.352883
4091,8c613716f9e96647f6c597e1e407d267,31.051898,121.769904
4092,eaed0185e7f46f80afa2a3d8631f903d,30.934254,121.279662
4093,a0af1644eb563a4c0bf1c6837b7c2496,31.017385,121.715431
4094,7340a8a4e5fb017696569982acece315,31.265326,121.394456
4095,c66b83ed422c3748a6964d2d170aa151,31.266232,121.402951
4096,eb5d9f6f2c48a4f3a06b98d2ae38e1a6,31.175943,121.424363
4097,b85707c7942aefbe5c72c647c2125524,31.096325,121.341209
4098,b36816b82ea94f2b4c4edf3043fe6127,31.211591,121.499553
4099,5c3610dadc3f7daeadbbd3f1f76060c0,31.19382,121.49524
4100,e4ebff1763afb82f537f23ae47fe5d8c,31.211591,121.499553
4101,b5bd25993262c006a5df1d344c62db5f,31.19382,121.49524
4102,6529075f1506d5cccf2624c53aa66c12,31.334186,121.50238
4103,94ab33b3cf9df36625c09b2843e4e911,31.396351,121.44222
4104,b7f9454c76d65fe25b06cfeefdb0d48b,30.950067,121.449083
4105,4771c2974d1c89394f0c0de79c9393f4,31.194194,121.456589
4106,97e7eb80bbfa14781a646032479d43c2,31.105808,121.038742
4107,acf9dec8ef6f194e68d4d7639e052aa8,31.201965,121.452457
4108,5673977c9530a1472204713ccfced071,31.217074,121.510123
4109,3b99123d015525d1e0f35039286bc725,31.319501,121.584673
4110,04d650eca366f73eb36df0032c98ab6c,31.245624,121.522839
4111,3d88ac4dc7277952dcf7ef5d253c7b80,31.16346,121.405127
4112,8d05f4f58b3f71ad530854b770c8df9a,31.20901,121.478403
4113,58d0a0b1738e9b311483f689d3557f1c,31.211591,121.499553
4114,127c939ebc30e2c7088d461bd769ec46,31.217074,121.510123
4115,2f58dff9b6f5b8380eb0e2bc53c67fd3,31.162463,121.364262
4116,ca239755095e4ed67748d936ad834607,31.152157,121.514858
4117,d74f712e521e1c29bc0c43747fcc35b3,31.318646,121.53899
4118,e0477113d9ccb734168e294ecf3642a0,31.311405,121.553882
4119,e77181d90af3066fbff2e889fcc9d8e4,31.263879,121.49436
4120,2220c43162167024ac2e2bdda0f1c878,30.987088,121.588932
4121,720cceaa6f470ca6a63e2bea3d18ef18,30.801265,121.395878
4122,80242b7c3e4ee5d4eb6f475001980923,31.171972,121.140685
4123,09ae53f39ca7298f01a993e55e1d7e7a,31.341417,121.271089
4124,5f2b981b7df6885cb0d9b1bba239b39b,31.045516,121.216817
4125,a2b2042cd1f0cf78a57b5d497ba91d0f,31.19382,121.49524
4126,b3656b390357ebbb42f76d38e7953ede,31.211591,121.499553
4127,b78eb550b70ad812380498f0e61cee4c,31.19382,121.49524
4128,df82f039b522d0bbc7cdec389f33694b,31.211591,121.499553
4129,f7d7a2adbe6f843e98dedc311aa4611c,31.217074,121.510123
4130,76d27d304808c85c712201446a4a5b21,31.254042,121.464758
4131,d52d509f6397585d84de67195aa96ca7,31.178088,121.413515
4132,4c9be6c3ac6b49d0c9e63ddf7042eb76,30.900013,121.049649
4133,246ed44cb216dfce92ff915dabb725e9,30.910136,121.843044
4134,b20bf4835fa0a51d0d17b6d167b960fc,31.410197,121.500761
4135,04ddf40f324f1aea2b88fe7330131d01,31.177067,121.370844
4136,c27f9b93f245ca6eebd486dd0e06cbab,31.211591,121.499553
4137,a3fa20b9afc6a6bee0202e66903d8b98,31.211591,121.499553
4138,1c461d88d2946dbd968cbcd19d0606a8,31.211591,121.499553
4139,857597f3ad738b57c7263281cc13fda8,31.19382,121.49524
4140,002d1289c415748e861ec695df8ba668,31.432457,121.359456
4141,a09b766dae8e9aa2dd797477667e06e4,31.030806,121.396875
4142,cf5fa3b5bbb1d3dcdc3c4a9420b3e2ea,31.140384,121.620758
4143,181d2c4f977fcb5452ed38fe37c8952d,31.111358,121.020928
4144,dc54546eb836a2224e199596524e0071,31.183323,121.447822
4145,2fa260b8914d24613e16726d528ed2b5,31.040378,121.255563
4146,c927f07dfd5f70b8ac81b1d6a800d639,31.214958,121.527054
4147,1dd74f1fefcc8cb72c0478bcf5cabcb6,31.01294,121.637001
4148,5d29beecfad9a4a1d0bf5ac7f109f50a,31.058407,121.330724
4149,7903bd2f0f5b90ffcbb739a0ee9cc551,31.164838,121.410811
4150,92aa48309e5629b87cce2543c1721d56,31.267478,121.5468
4151,54269126780e525d2e7f4541a6f5f568,31.19382,121.49524
4152,fcb9199238384b49c4d2816e3ccc4948,31.217074,121.510123
4153,9027ea6f44d986060126bc3e61ae14ad,31.211591,121.499553
4154,71edf9b27a39651b225770a7ce464d84,31.217074,121.510123
4155,5b62470036f8e6ea974fa7473fe36ee0,31.211591,121.499553
4156,d6d87a03c5242770a0d63bde9028b5b4,31.125764,121.562057
4157,2a9281a15c30d23dc0db34abdde2fcc0,30.80226,121.311879
4158,05f0c11c31d5ee5c517d7bf6fb0ec732,31.086916,121.387535
4159,19dbd4c1ce458c66e0b3841c18b81e67,31.19382,121.49524
4160,6995a3464286d5e6d6ecd10a0c9b4b74,31.19382,121.49524
4161,963b8c019f01c64890001248e14a6f6e,31.19382,121.49524
4162,6f4f9812172a9f20ab59d1ae20881556,31.288667,121.527375
4163,06185d92b105e6a596d92ad3a175dc25,31.19382,121.49524
4164,ab23af98eae21927f68be9bbd0de82ad,31.19382,121.49524
4165,ab7a241e9c55e6f8891049a3f6b56d52,31.211591,121.499553
4166,32e201b43c54e1201d76a33bb4849734,31.211591,121.499553
4167,08b4f26e30fe730436126fed030976b1,30.982046,121.207872
4168,beaa5c558a73c704eba3b235271704cf,31.188821,121.387044
4169,935c4605ba84e14582b7d820d561eb19,31.23095,121.537305
4170,8f2c8143262c4eb1833cbcb06b504cc8,31.121932,121.33481
4171,a72a286142eeaae359709be994972ed3,31.151539,121.41109
4172,c319e03271616a77f4e0344d4ed70cbc,31.219945,121.285654
4173,c08fcd937f09765587279c160e9c99b1,31.19382,121.49524
4174,e9ff7b73b5aaf2e9790f0b278464bd77,31.109806,121.242241
4175,011901d863ed1613038b302c1a7b315d,30.899117,121.175731
4176,9fd394588600ec2ef069425f772ceeb6,31.308192,121.667576
4177,a861898571d65a3478d2c1de04642d71,31.199721,121.325753
4178,b8de7143e8a6a95d863a7a7870c90579,30.994999,121.264867
4179,bb3d6f293c3cec7fc3cb72448a30542a,31.311942,121.54204
4180,eb87233aeb6a86d48bd0ba0b1222de17,31.087108,121.371206
4181,da96196d2f6f9ffbdbcda2ca1edaff62,31.228927,121.486896
4182,ecfea8bdf6995ef53d04b8de8973a496,31.134254,121.280533
4183,93d9c6077d1350f0abc4f02f6cbf8f05,31.116021,121.287621
4184,e2653c555dd516a2c408199aaae25520,30.793053,121.176224
4185,7d3b225c4b7e3886460fe7782d111d9f,31.122643,121.734179
4186,a28e3d7835440303897c72dd80cc7c46,38.052584,114.484137
4187,53a417326b010f0ecfbf40d393abc1b6,31.154923,121.36045
4188,f91a3a1e2807676b7d19a2db6d87b1be,31.406426,121.476433
4189,582421438e47fdc1c903472698dbfd47,31.261563,121.376836
4190,2fef013f1b713682623abe96c9424b6a,31.111061,121.395692
4191,30f23242b559b64d2010ec627fd8e941,31.19382,121.49524
4192,57fc11b41e867418a004d760ceb12bec,31.19382,121.49524
4193,98a6841c5f4b0f0ba095ead5deb387b6,31.211591,121.499553
4194,35990dcb726d2c0579bae1cc2aaa73ca,31.211591,121.499553
4195,ae1d592c6e282a819b63bc46a24c5bb7,31.085146,121.589124
4196,db0adefcdf13c2b677e433ebfa6102e0,31.234004,121.276012
4197,533f2ed4722905be044f432ac77455dd,31.396687,121.378844
4198,0728d2f75497e32d58335f6bf6c1c531,31.260165,121.541462
4199,832ba1cdf51561a2cf0d5b757c7abd27,31.217237,121.432824
4200,f5da0ff35508f70b823321c25d1a4aa4,31.211591,121.499553
4201,c25505dce905b8f27ff60716a7e74292,31.284292,121.273506
4202,e342288accd8dd17af17ffe4f9653926,31.211591,121.499553
4203,1b3efc97430f206e1d5fd819762eb248,31.06623,121.321933
4204,5ab4782bc0220d72f43b0c0c513ddaa6,36.406412,102.003965
4205,b98959bdab764b3a703caf031c4baddf,31.284042,121.583676
4206,64328ed236c624899d4ca1d859a72318,31.234787,121.498324
4207,73366151524ec475b09ac50add84c587,31.244555,121.5099
4208,302c78c54cceb4263103922be8b173fa,31.211591,121.499553
4209,593913e9e603e74a39db4e806a65631e,31.211591,121.499553
4210,7a87b523f9e8198f556df65e45be4501,31.211591,121.499553
4211,36d341b0fec9aed0d8f37addafd91cc1,31.211591,121.499553
4212,d1ab3cf83398e3d59c920902c245cbae,31.22135,121.391319
4213,c3841fa75344902b08609be49416b790,31.244229,121.475231
4214,726d32f45799cc79333b7c9dddd1c494,31.124664,121.323455
4215,f260ae6602272f5b860e7f9b9ce497a1,31.19382,121.49524
4216,51fd1577caa19d26a2b4e0dcc1eacfd1,31.217074,121.510123
4217,892316a89727ed8678bde32da73068ce,31.211591,121.499553
4218,2cf84df73f1b68bc84b7792bdfd4fc08,31.254111,121.408424
4219,36793f2689391373377f3eb7a956c3fc,31.03333,121.427385
4220,87d3973560bab915bea64a9ad5b3d4b6,31.16346,121.405127
4221,1696d78ca630972d340926a98e882b55,31.155342,121.8105
4222,1886fcac2aff276999e425af1ef19792,31.134254,121.280533
4223,d080fa51f6dc25bd7bfb53b053570fea,31.260365,121.454262
4224,0b7cbcd464f2d1157a0f83e0058c6872,31.102,121.462298
4225,ca3717850b8823c68035872ab179fdda,31.202395,121.6278
4226,f22d03d09716731c368b7fd3685e016f,31.246097,121.39928
4227,d9269d19a1620e39f6f27969b927f66c,31.163705,121.503747
4228,4037792cf9743e2ef5e6fe8cb37abede,31.211591,121.499553
4229,1cf3a16c12f3f4f4bc8d7ba20ae3c4d3,31.19382,121.49524
4230,d6e3a9a5a916d2070ec32697c1223b4a,31.19382,121.49524
4231,57e0c5ec14e6207ad8112af43674430a,31.19382,121.49524
4232,dcf5cefcf29ed129fd074419d9a30473,31.211591,121.499553
4233,5ce4cfbe6de11087af6dc26a1bfdc676,31.211591,121.499553
4234,2e8827ce3d945b1c2926b1962e209f7b,31.215028,121.438872
4235,90959e47a268bfd6a1651db8ea6213d6,31.06623,121.321933
4236,7c4abcf3bbc2d6e672ad3b24aa944d5d,31.27975,121.497791
4237,945e2b549b1e69131d7aa324c065c2b4,31.236009,121.478941
4238,07f0749628c5cd383c3c0b93dfcf4e30,31.125764,121.562057
4239,e94db7f638b5b5e583e85c7be374fd58,31.294393,121.497298
4240,1f34d6f0a1229f0a2229a378882f23f6,31.213728,121.386102
4241,5a298a18fb6982bf5bd2e79db1a8f8c7,31.19382,121.49524
4242,c35248a37ffd0c357f55d5fc5a512b46,31.211591,121.499553
4243,88dee40409236bb36668d4befe40f435,31.211591,121.499553
4244,58c075830b763cba913df4b7182dfc2c,31.211591,121.499553
4245,24a93d3b7d6874e5b00fa3cac7ba1a56,31.211591,121.499553
4246,79c79fe945e31edf0ad631f649bde50c,31.217074,121.510123
4247,18d5547232a3edc968c89de0cd307b45,31.19382,121.49524
4248,763e11a37cdb3dad174daa7df5e348d0,31.31394,121.382812
4249,92906ebca2f104b1929e04361483da2e,31.148848,121.314851
4250,0b6d354a748958d9361a6cebb9b49536,31.058805,121.593285
4251,66192e173ccefa41c7e2156645e16573,31.201279,121.709485
4252,ff93c5dfb0a5301dfb803737cd4efcb7,31.217074,121.510123
4253,272fec1384720c85429590d17b2ca4a8,31.211591,121.499553
4254,d488dd2e3e0a82aaf9036fe3e6f539a0,31.211591,121.499553
4255,3abf6d00f1aaa457543d2482dbcae6b1,31.19382,121.49524
4256,8e30de5b0c481f1ed0f4521caa3fd416,31.19382,121.49524
4257,fe77bad107edc756ac24ca713999442f,31.150662,121.434931
4258,bfd448c34fc8da1438bbaaf8056d2ad4,31.365408,121.245027
4259,da12a774ad02be08c3c6160025bb59b4,31.214958,121.527054
4260,b4ed0bd6f6087ff2309cf8ddfab1737e,31.199721,121.325753
4261,e65eb705c180a0fb146ead34ef487c62,31.198093,121.126168
4262,69f5b5b0b506a5e484bf8344fb14b3b5,31.248482,121.53958
4263,57a36e87b848abe648a555f3eeadf221,31.241014,121.48529
4264,c97d6ffe4ac6ce2bc81681dbb667aaa8,31.211591,121.499553
4265,66f7909cf7c753a14c84566975f94a14,31.213659,121.504661
4266,df1b6e158554366db228c7191702879f,31.211591,121.499553
4267,0626ed6600fa931c539fd317ea039a61,31.211591,121.499553
4268,51dd44b5ed2c42e672da5606ea01f83e,31.19382,121.49524
4269,ac3bec1b45e4bd7601d9036671f65a97,31.211591,121.499553
4270,6e1a7c256ef03a4712cbe352e412d49e,31.217074,121.510123
4271,85680442c6d9b9e8b3ff559abcc64205,31.234835,121.527767
4272,ab9e987d618704410a8885933e07479e,31.240453,121.511773
4273,f3c9261c7264a174384072dcafd9d82c,31.070388,121.532962
4274,bf3ee07ecd7c60a4b0faf044c543f173,31.120602,121.581473
4275,2362994269409f3fc10f6d05f0bdbc0d,31.12408,121.716759
4276,fa20a971daa76c541ec70b05c3931906,31.239454,121.46057
4277,2a2d078df5c95da564d583ecb7656687,30.978506,121.447689
4278,4587e20c31f5ed3d3b9a74fbf3206eeb,31.431346,121.222574
4279,afa3ecf4659a6034716edc9d6cef4cd4,31.171972,121.140685
4280,e1c74638106512002b626c23d1e47a74,31.123394,121.278015
4281,cd95cb58b1b0400eb61a77f967601d6a,31.112806,121.462647
4282,1b5fdf2c907b634571bf21e4d2735942,31.213659,121.504661
4283,679b1f218128e8df1a16879be7b3e19c,31.19382,121.49524
4284,d6441410457f8c193a4f332999412502,31.19382,121.49524
4285,d66bd7858f6f1a47937a305574c39fb8,31.19382,121.49524
4286,0923c0dcf50ddc698120314dd8bb70b3,31.19382,121.49524
4287,8a960d402e038c3e00da5728604760e6,31.19382,121.49524
4288,917f2472c6084579616b4deed17656b8,31.211591,121.499553
4289,7636d2a64775940ccbc14e61fdb3b612,31.211591,121.499553
4290,08a90d1113823c35b8b12f04db29fb83,31.217655,121.534591
4291,91956729beced43929a3819da99bb478,31.13756,121.339005
4292,599f1ec4a67a463e8b981c612b7f3bda,31.067235,121.762108
4293,3e2a1c15cfa71acd8fefee58d23424a3,31.260959,121.562594
4294,a834614af6266591dba587a22794e34f,31.28915,121.229167
4295,f9518241c94fe8ad3a59f5fb33c52c9a,31.215664,121.46829
4296,230a33601d544d380c4a637521b8fcf0,31.318258,121.167266
4297,e62c3fde6925e86e534d8200c763258e,31.296226,121.494005
4298,146caa343975816df8b9e2ee6fac8d65,31.296226,121.494005
4299,9a85c8556fdb89c0a270a9388a2152a6,31.153746,121.504388
4300,abe7edfaeb722fc11728a928795c6166,31.318369,121.407014
4301,440494cbda335c3758b3da8242534faf,31.183323,121.447822
4302,d73abc5b9d212192132bb6c7b786011f,30.926464,121.682732
4303,7162d7b9e86a44397e7bd6a8c95a4f25,31.19382,121.49524
4304,9c9860b8922b5189b1247a44dd5e79cd,31.211591,121.499553
4305,738a6d738faf8b777ba270f5da7aa342,31.215428,121.660427
4306,81b0c4adcd874b2d055e304bd62cc621,31.100465,121.401931
4307,6b91005b52972e347568cac73dfa1f50,31.121127,121.243829
4308,605bbb93033f03b71d3229855e68b08d,31.182725,121.41492
4309,3b745d6c76c674d095326d9ffb3edef2,31.155403,121.57642
4310,0cc9862da65106f07ebae06d82d38a0b,31.254166,121.224476
4311,1c88125aff25f0d1b8bc3dcdb0fa8659,31.303373,121.4429
4312,1345b33eb28d8248ee74c4ad54e3b5e3,31.171916,121.718029
4313,0f2b7833d9e0c959434827a230f37766,31.241274,121.36272
4314,600ea51b2a18ea1492f3e3a064063d6e,31.177169,121.445517
4315,337078f6861d2a756470298472b613f9,31.211107,121.59082
4316,6187ab264edbb7532c1d2de42bf119bd,31.211591,121.499553
4317,c71a67a4e62d8911c52f9b543ea3c2bd,31.142941,121.443942
4318,757620987ed88ec7f08679d1a63a01d0,31.19382,121.49524
4319,af88f4b7e27ab6a700afa250c900f04d,31.19382,121.49524
4320,a16e4f552a77362fd0c8f135f00cc86d,31.211591,121.499553
4321,a5a8da4fab3803a30051957863ca9e59,31.211591,121.499553
4322,3f48a0522fef49853a8c109cf78ec8ea,31.19382,121.49524
4323,77ebab71dd0816aa14fdcce0ccc34de2,31.245663,121.449725
4324,da9604a9034c330d1d26acc1082419b7,31.266813,121.512658
4325,ef8d49684fb905c08497b6b30a7d41db,31.266813,121.512658
4326,7939d8b205c189c7a3f51afb61de142b,31.266813,121.512658
4327,e0e8ee96afc5e83e699a49cb38d696d5,30.999472,121.378674
4328,682d3e340f28909f420ccbe9bc19ceb0,31.260465,121.461228
4329,e670f53021de999041114739f52b4b1e,31.005717,121.202014
4330,083fb78a61aee2ab7e22aca039853789,31.31394,121.382812
4331,1234da7c8eb647d29f242b22dc72ad5d,31.13756,121.339005
4332,e9a6b9dbdf2c81bfcde3a814b1854a08,31.22135,121.391319
4333,5c307b76ec7a3b3da38d37f58fa9a4da,31.180753,121.749174
4334,cee7ad618860f852ed199b3dc5680668,31.167947,121.670231
4335,2c289ea42b312b987d1c2f6f0ca20160,31.141245,121.500503
4336,1b4c9cffdac8b3da643d6acf4589e3ea,31.19382,121.49524
4337,0202d5acc43953610b37716cc744cab8,31.211591,121.499553
4338,923fc3218365934aad3a976ff717c4fc,31.19382,121.49524
4339,655e994ab34b89482d9c38a280c83c46,31.211591,121.499553
4340,97ea13789bacc8e71e5ae3368b3c5774,31.247519,121.322265
4341,7b6f31d6bf729b3760c18c5a4b265b6e,30.87366,121.082631
4342,0bf36b262c94231291e54726274cf546,31.266813,121.512658
4343,5cd040bd6e08b68ba0a9ec1115be4c14,31.266813,121.512658
4344,682b1c7f15c9f9dc068beedfa924a51d,31.266813,121.512658
4345,4e278beee6ba6fc44140a8a9f692bb7f,31.266813,121.512658
4346,2603da96b3d6af67d814263944891976,31.016895,121.42971
4347,a7eb44e7c1221442d07697602e9fbe28,30.715526,121.351073
4348,45297c2442d90ed8b4cdfea49586c90b,30.935314,121.733322
4349,a91e75def1dcdbd82001c88f63fc132b,31.292519,121.549839
4350,cf701bfd22e2cc1ff5d64a2f826abed5,31.211617,121.486703
4351,d9470846388e1d7477ca32e4b108f1f1,31.08532,121.237002
4352,59b15c46b5a0a27789aaaa64a9dfd5ed,31.19382,121.49524
4353,50f4c29ff3e192b8fd2d7343f3e10de1,31.19382,121.49524
4354,bfba3460ae11de05ef7dba4862cd8fad,31.19382,121.49524
4355,694cbe4921dca16e95c859dce4cf374a,31.211591,121.499553
4356,0b487f73fe5ef3a40f5f5c466af7ca4c,31.19382,121.49524
4357,925d58b19f79ff3f95fca78f229213c8,31.211591,121.499553
4358,b68f84ff65b603c464f0124eaca29663,31.266813,121.512658
4359,570871bfaed927fe7397e693d97f4e21,31.266813,121.512658
4360,b43e08b250c8008007e2939d3ee5cea0,30.97935,121.815249
4361,dab81c9dfaf9f148c55164e633dd29dc,31.300493,121.323029
4362,a4a01c2f1c0176a221a1dceeb68f1b4f,31.19382,121.49524
4363,3516f0c8ce9ae060ff5fae45ddbaa5c2,31.211591,121.499553
4364,f144e6bb76fb955a7db83e4e41df611a,31.266813,121.512658
4365,929531c4d9cd6f6863fecee79ad1e3d5,31.266813,121.512658
4366,b17a97792dfb5b73b58dde37f81c41a9,31.406017,121.240101
4367,cbf106c936d21436b7e2841bafda5d1e,31.324375,121.433451
4368,3254059a206072a9ee9b49649178cb58,31.289489,121.341656
4369,994b5d39a0cc25e021dd53aadfb3e5de,31.124812,121.508263
4370,2d9c7dcd8b7860dd79c84badf909ce9f,31.270144,121.354637
4371,d7d87e07fb998e5715fe656f1283e729,26.139329,103.078562
4372,897100781cadf5c440583b25fb8d50b1,31.19382,121.49524
4373,205d3f822ef765d0234f22d7e85ca864,31.217074,121.510123
4374,18a4842fd0c0d1eba0cfa10cc1cbb819,31.19382,121.49524
4375,4fd1c17f35e4f1aff8e717fc8ace15f5,31.19382,121.49524
4376,bf86f1d6a414203f0c1edaab54a10cbd,31.402222,121.493387
4377,bc0e5e811788a2680105c211efc2b62c,31.211591,121.499553
4378,c143838090e4f25d4c3a45c6ab6ea2c7,31.217074,121.510123
4379,b95c646d047d5dea955605691b42b082,31.217074,121.510123
4380,a77691d45ba93a0237f99de1d9636be0,31.211591,121.499553
4381,9a172696c1e8ba1eb331e49026b96c65,31.211591,121.499553
4382,e613812fd0c3cc7ea41c6bdad1dedc6f,31.300493,121.323029
4383,ed7e4b051498fbf2b55981d256ec8986,31.266813,121.512658
4384,2582ac71024020f24ad4bf189e87895c,31.266813,121.512658
4385,62a7d5b32e413e91cfd10db85cc17d76,31.266813,121.512658
4386,adcfb33ea7a609053459e0725759fbbc,31.266813,121.512658
4387,d8c130b638ff4443b2aea827244605e9,30.956624,121.334663
4388,6d9e516da2adde03bf40fab7d5669c0b,31.140384,121.620758
4389,9bdd40524951c8b733a1908ac0a1ea61,31.371694,121.443832
4390,530c23c1559b026aea444622cd469195,31.176978,121.499522
4391,a4c1eb678068ba979204f80cb72ea23f,31.19382,121.49524
4392,e86f4ded61de0eede9bf56041bf08c85,31.19382,121.49524
4393,5d3a8796cf139db68da972a87700ac9f,31.211591,121.499553
4394,7646b3af6142d89c852539b9d52a68ef,30.915122,121.560642
4395,73281c8c69d0afde61127ecb0d993a8c,31.178359,121.279284
4396,c437de47019de3020802b9466226425b,31.338059,121.289933
4397,1bc0772c09bea03a76e5ae244188d916,31.31394,121.382812
4398,a0b101858cb6e8025d7af473410dc3d4,31.266813,121.512658
4399,83ae21ce11191877c78d14b9d83f8838,31.266813,121.512658
4400,321464ecc1d6bb73d711d1dcba4a014a,31.211591,121.499553
4401,f8287d6768b9144439d7590c6b0a2307,31.211591,121.499553
4402,39b917f44f6a920a0dd3cee06da4dfd5,31.211591,121.499553
4403,68f56e8b9d8c74e700f6f45109be52c5,46.777465,131.812182
4404,dff16c09760d8c08a6788ceec8fe0a42,31.19382,121.49524
4405,ade3b2ecd9793c6a78f813e9d4dcba71,31.211591,121.499553
4406,7b8d28a9bd80aeae265df12fb37c0618,31.211591,121.499553
4407,21ec519e2ac3db3313e81bccd912d127,31.211591,121.499553
4408,7930cac082ed383b0865600b1493f4d5,31.211591,121.499553
4409,33ac2ee93fce7fbec26db848d74e8191,31.300493,121.323029
4410,fe72075c944d6f8c48d460efc5e6f963,31.217074,121.510123
4411,beb932528f65c4a3f5f2a2bd96eb0037,31.31394,121.382812
4412,210caba006c9d705380426506684b73a,31.31394,121.382812
4413,a68e55ee899a5973452221f329ddb892,31.134917,121.334281
4414,8d3ab17798f6b718101887c80538ff62,31.311942,121.54204
4415,9039dc7ade1b6c862ebc5d2f5966c3a7,31.26748,121.57859
4416,fee49e4c735fdc6a4c44cf635990652a,31.164195,121.330502
4417,889690447204347dd855e2848879030b,31.242948,121.608734
4418,c0a9b861d1d23b4bd3f07857369bfc9c,31.266813,121.512658
4419,3b63ddbd480103ed5dd695b6f336d91d,31.266813,121.512658
4420,5a832785520aaa09f726c122feff92f8,31.211591,121.499553
4421,85f95dcfb302256f93bbfb59a9cf8763,31.19382,121.49524
4422,3e09f52216a03cdf59c82c4ff5c21ec0,31.211591,121.499553
4423,bc33d6deb33404ad35306bcce4211435,31.211591,121.499553
4424,57d2894e02e3dde924d729238e8ee0a5,31.217074,121.510123
4425,5d91310b96eb7791c20798f2d6d73b97,31.31394,121.382812
4426,141d4ea17c84dd001e04556e4c65ba99,31.124812,121.508263
4427,93480f96ccc873787ee5a9d5ba7d38be,31.248325,121.158122
4428,4b7be5b5e4c344a4893f17f4cf0161ab,31.266813,121.512658
4429,96e8d341afd1078f5aaff8c788f427a6,31.259633,121.594477
4430,004e454405b477be4aff55767c02b056,31.141245,121.500503
4431,f25ebd4d00662ecfafc624c8c323e55a,31.08093,121.159291
4432,dc423563bedea242e9c77b8b26b3b500,31.395915,121.363062
4433,b604285dd7c829df9665ea940e90f5aa,31.007639,121.416247
4434,2a2223cce6914a982d7778822aa838a6,31.099085,121.386207
4435,9d224f478e9b8b49b1450505ceb24419,31.261924,121.568031
4436,a5a127a88f146aa40f6e0ab41ad80f0a,31.168922,121.412651
4437,bd278b97e61639ad0fdded7cde1ab555,31.157677,121.424531
4438,7fb8a1a2013234a5c8046a2f9278be1b,31.121152,121.141999
4439,66965cfeb406cc76389eba307e79f254,30.746286,121.344028
4440,e85bd0807e9bbed15d7e84e2d62c5b60,31.25393,121.455087
4441,669b8d3ac4dcf964b984bee90cfbf153,31.174203,121.431404
4442,65d7f3ae691fe92c331246ea9f48ddb6,31.209025,121.616514
4443,77601cb2337f9fefb20433c1e2907537,31.20414,121.406657
4444,8b2b44ca07fd035cb1274369c54098d7,31.185812,121.457923
4445,76a84145f73dad9973f7a92336596da1,31.263762,121.481215
4446,d3fe911e29d7d4d9f3e01f3465b6c5b1,31.171686,121.441221
4447,82a59999ed4b4247fb07642817229d9a,31.155342,121.8105
4448,6630bfdd095c6f81b223c3570f5764bc,31.270362,121.612773
4449,61527e8b2910b0d9ce39675a33e0de32,31.252264,121.38269
4450,2a3df512d648249c0205ccc17ae39985,31.205759,121.26316
4451,6bb2ae6160b7ec3d486f271d56f9f5ae,31.273045,121.546148
4452,8f35ad6ff47ac9d920f621dc8c4814a6,31.157677,121.424531
4453,a59c1b930ec88e796d49ffa70cc6a40a,31.266813,121.512658
4454,b60e39b60e6ecc9b1b25722f15da1d31,31.266813,121.512658
4455,353bf99f952d21bdf642e568e0b1b114,31.279012,121.514374
4456,7878a7d943f3282d97474611180919bb,31.264433,121.541398
4457,c806ea36fe44f5443ada5746a0a5342d,31.030308,121.650922
4458,9297e4a312eb96a8690cd3fb4e854e88,31.111821,121.385462
4459,2c150a981d685e723093cb9e17a8d5b3,31.211574,121.366182
4460,6cf6462b9ff27662cff3991c13806ce1,31.203981,121.483421
4461,0668ae04013c80e40ba4691f52cf4253,31.211591,121.499553
4462,ff00be663e06c5c6d15d22116177db0e,31.111821,121.385462
4463,8e0b8fe8186664c3a48ac33f54a2cda6,31.211591,121.499553
4464,3efdc7f7e7b88422be8e1be99c35e681,31.19382,121.49524
4465,319c9d392cd7face2ea65ca74bd388b4,31.211591,121.499553
4466,79d677a8aba3ed254909bab53020eb5b,31.211591,121.499553
4467,101649cbedbad2f7b511782c09b59fe1,31.211591,121.499553
4468,2bba94f4b65878972a46722b7b873404,31.19382,121.49524
4469,30bcda1fa9473572d71897cda3996b78,31.217074,121.510123
4470,b147d300099f3d0b378fb441a184a516,31.364407,121.561457
4471,0bc4f5b33579d4f19ec2204796cf7bd6,31.158559,121.319801
4472,695a3e537b428caa6b9cd4c1ca6cf556,31.217074,121.510123
4473,f4f636f1af9de4a8d36ae3e903a37b83,31.19382,121.49524
4474,7af60b969597a805d1f7f094980c4c82,31.19382,121.49524
4475,2c66efbab4342d165df8ebcd2dcd57d4,31.19382,121.49524
4476,d49a0df62f4d4958fa7542badd367d2b,31.217074,121.510123
4477,49fe51f69f218a55492a7b1423706026,31.051731,121.423756
4478,e63f8e0c522ad45607854397a942e378,31.231687,121.32576
4479,a79c59dc54c8d43c8bc48c2e390efd0d,31.211591,121.499553
4480,cb228888385d0807c8e43f17b6fd332d,30.895162,121.094602
4481,468fc78c7c8798ab5ba9e26a0b69a2df,31.344291,121.487858
4482,3802fcfde08038837789cd0aac361d4c,31.266813,121.512658
4483,f1da10171adf7240818268b7891d09aa,31.266813,121.512658
4484,40efe1e8c5cec8ff9b90cf78b11ae6ae,31.266813,121.512658
4485,e9a36ac388f1a2d50ad7c6bcc7b46c8f,31.266813,121.512658
4486,1e21bb150cac18cd65416cc3ac1818a8,31.266813,121.512658
4487,fda5888db2001d32b1b1ea661c57d59e,31.266813,121.512658
4488,013165c7397f3dddd576848fc48c5ed9,31.266813,121.512658
4489,afb01141e4966b44da9cd15cf5d58285,31.211591,121.499553
4490,69e967fa705483ba00fce46136156fec,31.217074,121.510123
4491,946517586f7bf68ba16372563c23701f,31.211591,121.499553
4492,4a73db4c5bf53841b337f0596adc7523,31.19382,121.49524
4493,01b286ad44512d992dc70e1a5927218f,31.19382,121.49524
4494,e209d2b73843aaa54b57f871ad6201c5,31.26604,121.399004
4495,ef0fba10c273b537562a50ddef8ce6de,31.113501,121.393037
4496,8003c87ff9210c572559d17f04ebd1c2,31.258255,121.471554
4497,59364fc7b32f7662a941361ef81997d1,31.039193,121.604274
4498,a066a592161f1247b51538210bccd348,31.149062,121.392526
4499,a431ed4c8cc79a4abe8ff1ea6245014e,31.260217,121.525816
4500,d72404322ea4fbd999d93dd3e9b2ff88,31.295335,121.555781
4501,9147492c72f112197ab9fe88616b13ac,31.113675,121.383752
4502,da7c2f86617c55000e6da357207e406a,31.235177,121.451385
4503,6bcc83c55c5f2307c1b29ccb7506fae2,31.211591,121.499553
4504,2e5ec15496350401ae0335e30076741c,31.217074,121.510123
4505,b2942cb57ad07d9688ca936a804098d0,31.217074,121.510123
4506,df96121f4b72617d6e8523069edd3af8,31.19382,121.49524
4507,905af8a884a35d3247a4eb45a646586e,31.30647,121.492925
4508,297533e75f3d5962c541fde138abd521,31.214683,121.551574
4509,fb34a34cbb3f6e047eb97643affe7526,31.266813,121.512658
4510,abc4543fa645c5024f0c2424c7d06b56,31.184883,121.430689
4511,39de3d7778e8d9473d9d9632005c5c86,30.933365,121.873737
4512,744f5f6e6ca96cee120062490644c1fa,30.843004,121.438792
4513,ff64edfde943dddb203ed74a93b75c21,31.211591,121.499553
4514,583818f57fd8b80c3cc5ffc751df7bfb,31.217074,121.510123
4515,2bb45f922b6bd876f342fb7361ba2a2a,31.211591,121.499553
4516,b0b7c89206b5e2ccd37d6e183fa2f334,31.168853,121.394657
4517,86981a27cdeadf681fcb8dce67d83bd3,31.19382,121.49524
4518,73724ec3be687b9b36076d772b43681a,31.300693,121.496182
4519,e204249675062347c1cef61d65a04af8,31.193811,121.373792
4520,bad78c08810b683f8d0151ab9fc3b5a5,31.212718,121.447853
4521,52514bf20454f2b59aaf8973e0924c82,31.211591,121.499553
4522,e1ee85ab45f210ed54603f7f6739bf24,31.19382,121.49524
4523,a83696731db2511bdcea0cd42e62a226,31.260555,121.410883
4524,48a45bdf8f681e2b44edbe5ff5809889,31.19382,121.49524
4525,03da01f2695d466da398498b512c1782,31.266813,121.512658
4526,d43aad71f4e703f77d9f416eb7ef86c2,31.266813,121.512658
4527,c33b09803793ad63c0325ae1f8580fe6,31.266813,121.512658
4528,5735b4514651d06a324aafb109f7666b,31.117005,121.271194
4529,967da2d00225df2b13db3ec7ea9214c5,31.201965,121.452457
4530,b5d187b41dde57ac7be3093937615c63,31.225275,121.47164
4531,71115c6d0da3b8665028128afbb31fda,31.211591,121.499553
4532,4e879bef8860da367c2d94bd0db725e0,31.211591,121.499553
4533,a065712cf0b434f97f34881b08afc267,31.19382,121.49524
4534,a92471516b6984a9681f53d46aecba28,31.13756,121.339005
4535,1c932af6947c2c057a7e3e07caeea10d,31.276317,121.524794
4536,f64c9382c068e98f62c64f110aa54cfc,31.263678,121.468663
4537,f8f4076e46f94ec1e769d57c5e7d7f34,31.266813,121.512658
4538,c1b08df1bba5acaa840b4638c9c3d6fb,31.236842,121.433815
4539,a14df8a6fd664fea5a96795c72df3dc6,31.19382,121.49524
4540,d9dd0f9fb9f1533be184306c32c63c97,31.256071,121.462096
4541,b150d94d6cb52f7eb72b7e5951b04d69,31.19382,121.49524
4542,9be1dfcc085b0d0e7c30b3e0bf3e871b,31.211591,121.499553
4543,7c8ca739b3464b9ff038c70bb83beb06,31.211591,121.499553
4544,a53bdfe0252f040f0b645a56251fd54d,31.19382,121.49524
4545,d97c7971b56bee281647834cd33fa6e8,31.211591,121.499553
4546,24f00507311e506eb52ea40a1c9b740f,31.116021,121.287621
4547,3452fd2c3f57cf221b0b1d6441c7224e,31.212718,121.447853
4548,3ce9c9bf42d3b379e4706594bb0c1633,31.38417,121.344688
4549,20078ec916f200fb26ade86d41b90a9f,31.116903,121.595022
4550,9c36fd2b17e9de660ed97631645f33d8,31.266813,121.512658
4551,ed2826c9c3072ad3f6898f1d85db0be4,31.266813,121.512658
4552,c46154e3a031010fb178d3c800d05778,31.154923,121.36045
4553,001206b37d90ab19ba2eb6bdc3caff05,30.824298,121.363989
4554,4e500d3f2eb81ed725873c876c9f703f,31.19382,121.49524
4555,00746d98879c3f1461ef55de39bda1c3,31.19382,121.49524
4556,7f9c25d51dec47c0a5ce4098c48a594a,31.19382,121.49524
4557,4420ba846f963c788d78070b394eeda7,31.211591,121.499553
4558,dbb69646807f52c15ae72dea573201a8,31.077825,121.33981
4559,c150c622280f1d6e32dd45e7c59ed751,31.198372,121.355749
4560,670a41b38031603da52ab76a26e0273f,31.203978,121.423912
4561,a8c52f8fcbd0e78b06b53bd97369c9d3,31.319806,121.526248
4562,f62e01b63700573959efdc220aa2d74e,31.233973,121.41641
4563,1ac3bb6dfebe2c8b8f02443b47c7858e,31.167947,121.670231
4564,b99a3ff10dfa702135af79992e5378f1,31.382497,121.548578
4565,c2c9bdda66820345bdb28686006fa2f4,31.143297,121.132883
4566,33b8d3271261a2e50fe489a5b87b12aa,31.266813,121.512658
4567,20eeda0579b8f9a164f1df31bd717c51,31.266813,121.512658
4568,a7451b54bb433cb26fbabb07b0ef93d1,31.298177,121.473198
4569,f5d9386817b4058fd4f928ab704e4d88,31.211591,121.499553
4570,b29bb9def70de37c80536c0c8acec66d,31.211591,121.499553
4571,bbf0440719f575586539859082a9c410,31.30048,121.469206
4572,2f8cc8d8ff1edafc07492e5f161d0fb4,31.19382,121.49524
4573,3ee53c56de6938100d137b3ccd30db6e,31.211591,121.499553
4574,aac0822f9673cc17453f81fa98e914dc,31.211591,121.499553
4575,2b1f1dcdf125842494e4083c685785ce,31.19382,121.49524
4576,f8fcf87034c220a0fa1407c07b20ea3e,31.217074,121.510123
4577,5dce900d8bfe1dde9be1888ba7068550,31.217074,121.510123
4578,a0152fe9974dce1f1cf59612f3f2693b,30.715526,121.351073
4579,bf2048ceed452d13b4c109d88016ffc5,31.277512,121.287969
4580,d9a7237ad339a9c3c49d15873ae2b16e,31.370336,121.265507
4581,5a9dacc3bdf59c2ee86db15e92640e8b,31.266813,121.512658
4582,23b3f280d3476b42098e263cecadbebf,31.217237,121.432824
4583,f30cefc283763458cdf1720030e90477,31.19382,121.49524
4584,905b7f12514482c99f77d46651fc8b6e,31.211591,121.499553
4585,69905e6ebe8d734a6e194fcae4302364,31.211591,121.499553
4586,dc013f4072ba0cb1db612f0821b1f7b0,31.19382,121.49524
4587,b5ec0fac8ddc0327731bd7d2980fef01,31.217074,121.510123
4588,cd5ff9c58df9b797bcde37f0a2e94f30,31.356238,121.568226
4589,55f54f695d65b774dcb39f44dc901ab5,30.903508,121.331287
4590,7cb66bd3b6c5d0995fca6837ad9ca58a,31.243013,121.416207
4591,29a32918e111879cd037b507ad82aec7,31.211591,121.499553
4592,06b6aa1b3cf72e0890f523d75f6b563c,31.19382,121.49524
4593,3094c3fd447c316f7c1e846cd42d1c29,31.19382,121.49524
4594,004f967f5008d6d093073281ddf6020a,31.19382,121.49524
4595,5ee822da52e743ee253d0de0abc175ec,31.19382,121.49524
4596,99e2f3619e267f688d52b4f175b46753,31.19382,121.49524
4597,65486990a20c1750fa2cf87a6dd87813,31.211591,121.499553
4598,b6c25e4f1dfa213b11a2965d7027d890,31.228726,121.482748
4599,aeddb94b59f32187830b7a4af9357492,31.266813,121.512658
4600,0ed464bc13148b4a8b62411fd3f08495,31.266813,121.512658
4601,bd3227b7b19f7ba91c2422c154bfcad6,31.266813,121.512658
4602,9a24882982591e48c4ebecb71e4bd662,31.266813,121.512658
4603,ebbc610e32796daac5e7e843e469a2ed,26.139329,103.078562
4604,50b6871fe06fa2004eb988b8e75c2b37,31.219947,121.467027
4605,75aafafb1b401539726bcd930f7cbc5c,31.243061,121.517168
4606,2ada958a04ccf69601add4bfe6cfd13c,31.19382,121.49524
4607,633c4ad0329d281dc6178e54a2ba080a,31.19382,121.49524
4608,0eb29e07b230a2ffdc0a975d8648f5d9,31.19382,121.49524
4609,287539d8fae7b43b1b3d34f082e879ba,31.217074,121.510123
4610,6ce5bec521a82b5a4ec4d5968629dbfa,31.266232,121.402951
4611,417376cb424b8e65879e10a48798cc54,31.120753,121.381579
4612,06c0bc05ee3880ffd6fedfd4e0915fe4,31.257756,121.601633
4613,88414bdedd33ec72d116101d29662d7f,31.16346,121.405127
4614,a10e237ba10e4b0a663e55ce20e63eff,30.9269,121.467678
4615,851edb7529453ff65d8085403c338790,31.294194,121.316828
4616,aee96aeb9c8965e490991d682505868a,31.266813,121.512658
4617,97aad420f6a1888c378e41f535b97451,31.266813,121.512658
4618,f1eeebd10b071c5706202d28db16522c,31.266813,121.512658
4619,6df712b62d8c6b4713b3d9cdacdc9443,31.19382,121.49524
4620,8ead899d8ac7644b1038b61b5fa93cf1,31.211591,121.499553
4621,4ebcbec1a9c29be0735e7c007e16538c,31.19382,121.49524
4622,23545486430b2a00c4392c5757721a02,31.19382,121.49524
4623,d32eed2ccbf747b0aa5657ec779696a7,31.19382,121.49524
4624,aeb878af101637a77e26c14c3afb5b43,31.19382,121.49524
4625,44d0cf37eecd38b8d3a84b1016ec8bc8,30.991472,121.430726
4626,1bdfd40cfed83d6a9f22a51ccca64459,31.242867,121.490229
4627,0f0aa750a0ad789817beac07fe9a124a,31.299874,121.298501
4628,b0e0cfb949493995e145f72a5c004bee,31.230277,121.448573
4629,4fd8b2fae531e0010439e58a9c0725a9,31.160355,121.454785
4630,5f09c4fdc1f8d9881f2c7d6a41e10dc5,31.030308,121.650922
4631,512f604448956b3840141f5f1505123f,31.27369,121.537119
4632,3962e237398898fb0b5036e3ebdbee4c,31.211591,121.499553
4633,394827a7d04bc66e673019956f065aba,31.211591,121.499553
4634,77293fe28ce7591ddf07b61d0cf96440,31.211591,121.499553
4635,e58cbdc776b9e673e1829f35ec7bd0ec,31.19382,121.49524
4636,918b4ce22b7989f6b814fd1046986283,31.19382,121.49524
4637,8b4a13f162980d899bf5e2d981ae060b,31.19382,121.49524
4638,d3c14d2941333521092339c00ac7ef90,31.19382,121.49524
4639,ea223bd397d285021f53738da2a35f11,31.19382,121.49524
4640,521a8e24286dd130317bda13b3050fe9,31.266813,121.512658
4641,820fb15b785020a8f2909652d69896fa,31.218812,121.401309
4642,064efe4e66cb70d9f955df8034772188,31.111396,121.379353
4643,dd584ed6b03586d363afc7bb8ea38bdb,31.211591,121.499553
4644,21fc2fee935595bf7a5ec9618c728608,31.19382,121.49524
4645,bb759cb15ca54241baa3df36b4f76c8c,31.186628,121.372116
4646,2c3164a47b6c07055dac2931c4ad6b35,31.19382,121.49524
4647,70c07aefe58c157236d590d4b64bf3d0,31.19382,121.49524
4648,a288edf7ce0f63ce79262bef41e413ad,31.339843,121.232133
4649,d0a0c7b59a5b8319b33233f31fb97dd7,31.211591,121.499553
4650,fb46cac9b0b978c176949fe6ee83daa3,31.174053,121.282683
4651,b47829f34d0f0c35bc365f7ab247dbe1,31.173163,121.356571
4652,0583e0c071043f48eb7230f75fcf9d02,31.191847,121.381117
4653,9dd892d799ea4c7f5a4840478c40e084,31.266813,121.512658
4654,5078f03cf4cea7b65b3d770a4a6ee14f,31.266813,121.512658
4655,464cfac2edce2c5f2a13a40d9b3052a8,31.235453,121.653548
4656,0a085c6d94c05e21c101707388529054,31.020065,121.23311
4657,6709c5f5883a1cee2191d3faf10ae8dc,31.19382,121.49524
4658,9b698eb3ff7e8b7a3f0d2930bf7ce5e4,31.217074,121.510123
4659,367ca8e3eecf7382fd8855f8ad2f58c7,31.19382,121.49524
4660,c072e224fe67a01f4671dd97447272a6,31.19382,121.49524
4661,d5410bf476b4d554c2ecfb66d64b8109,31.19382,121.49524
4662,1e88cdbed4908a90ac900a0a6175639c,31.211591,121.499553
4663,0810bea5a330a5e3cca87406b3e336f2,31.371973,121.278978
4664,ef7c199feb06245adb32765e755ff6f6,31.217074,121.510123
4665,234024a25ae7c0cb4b024c478a395666,31.19382,121.49524
4666,cd490ef3c6d402fc1b01add954b21255,31.241036,121.374063
4667,2c7ada22137f42b28a22f919f35dbe96,31.224226,121.43839
4668,0081016efdf84bf9f5571f55022f2802,31.285059,121.406807
4669,dd23e25c338edce2cc4cf52bc16b815b,31.48259,121.348661
4670,dfd68c18f420334f20ca579f8ca2ddc7,31.204999,121.471193
4671,38c06f943c67595a4efa33d14a9c15bc,31.217074,121.510123
4672,edcdd11ed37e6be4d4ea64fab84880b5,31.217074,121.510123
4673,8ffa8ef16e62def33936a1f02ab87517,31.145439,121.417433
4674,7bcc07ecd578cab47bc6e1aff51e3bad,31.266813,121.512658
4675,ec6a1ff830ff761e872c6a0eec650287,31.266813,121.512658
4676,b676fc288ed035fd275dc928e8da442b,31.266813,121.512658
4677,3aecc7956cf9e187c00673d70a975d74,31.266813,121.512658
4678,bf1dc03e5eafdd06f9036901c48d8763,31.266813,121.512658
4679,443f2f7ffa2323baba0c5d5b26541170,31.266813,121.512658
4680,9285bfe89e41e6fbaf6c6c8f4661d649,31.19382,121.49524
4681,966174e2e7e30e2674fac0ded09e6533,31.19382,121.49524
4682,20e5542c6958c81c24823077e583b332,31.19382,121.49524
4683,6cc391210da21efcd6f84c0f54caa49c,30.442177,120.618727
4684,8bf6f750ccf4b77b1498c23f41cbd87c,34.689694,112.407126
4685,5f6db920c8282f748c8383e9750891a1,31.266813,121.512658
4686,1d59a8724c4d821d06c56a4f840b1b8d,31.266813,121.512658
4687,a5763ace7396d9177ef3978f6b0c8089,31.077825,121.33981
4688,6958d6d884f8f647458408b137ea6db5,31.198048,121.604048
4689,5c14fad8f564a92196d2d1fedf763357,31.367578,121.31858
4690,722ad2b3ff7af22cef61eb95610537a4,31.031459,121.300841
4691,25b6fd47282696dde7667466375f0317,31.25901,121.65797
4692,90bc44d09b29702285dfe1b146ac14ab,31.164195,121.330502
4693,fd8056f297f914a04c29295079131f42,31.204179,121.538588
4694,f56dd559b48909f008656904f003b214,31.123026,120.926117
4695,993f7802d7c12a55991203ea6ab69377,31.266813,121.512658
4696,6d0d8bf23ebf09857b35ec971ba4f93c,31.266813,121.512658
4697,08b28184c180f7d8565e8411e23230ef,31.266813,121.512658
4698,c4c6e5973d2c2910296b92a6d1d160a3,30.999098,121.447826
4699,636b021079059ea6e6aa7b1be034150a,31.147903,121.403379
4700,fe365edd0c1141b963d63e61eb49dd82,31.211591,121.499553
4701,0f13d565624cfd86c9ed5f89b16730de,31.211591,121.499553
4702,a52840fd767070e73a70db013eff2f48,31.211591,121.499553
4703,afcb3ed31c04b43283ac06f9ad8276f9,31.211591,121.499553
4704,12ffac752100c87b50ec64cb69eb09d2,31.19382,121.49524
4705,8d7a66f6ed5396b7d459058f15a89c04,31.211591,121.499553
4706,3e73770c92ce966f72a9f2cc63d41607,31.217074,121.510123
4707,62996dc12b4211263a32ffa96255283a,31.19382,121.49524
4708,0f71697e98b90fc28d29d7be0cc21a09,31.19382,121.49524
4709,dc6e99733df01aa6037ba37f322c6e9e,31.396658,121.496972
4710,ca2921dbac18d82bc54d2781075c4724,31.157241,121.418919
4711,ca06792c2f4dc27a633bf0b56c957a59,31.395694,121.391302
4712,0819359c87696d42e57d53ce0f3a786c,31.054594,121.339133
4713,ebddb4ede635985d380697e7388a724c,31.242365,121.503571
4714,0800875f91d16e717fc2146837c74f88,31.007639,121.416247
4715,2c6fd44dc8735e71222fbcf550c5dd25,31.266813,121.512658
4716,8172c2a4708eba1d0ff576a568996f79,31.266813,121.512658
4717,5bb65ecaa4f0b044d194a2e40abe91db,30.855815,121.311882
4718,9304bbd3323408b19b2d33dc8d6c6c20,31.26338,121.517162
4719,1a42e2b83d6807945d7165626d7bca65,31.293561,121.362372
4720,a3445e5f7ecd1ac41c194744c091bea7,31.202883,121.476296
4721,a6e1e32ed2b9d531834829bf8b2e5445,31.294609,121.526886
4722,da8e32bf9160ca2ff2eb67a00e9aaa42,31.266813,121.512658
4723,78f44c28165fb6b026c2f41dd8f4f9f1,31.266813,121.512658
4724,025388f0830dfa7359529dc54b1c0147,31.266813,121.512658
4725,c759cfab970c5470c5fda42217b6b491,30.8406,121.251681
4726,e0f6fa7539ab0e3a5105c98b73639ba8,31.26748,121.57859
4727,91975030ded22ae1900d4abf26b0600c,31.086916,121.387535
4728,a551fff6fbb77c8d5e1b428fada79468,31.116103,121.43571
4729,921f07e7de583279380bf484771367ba,31.13756,121.339005
4730,ae0fecc29010fa2d0663232e653ba8ec,31.300493,121.323029
4731,6e49a6011a4434f5c182a3ba09048faf,31.388641,121.444174
4732,f2680e00165d340470090df552b24717,31.122623,121.433813
4733,0a756026a1932695736f074f5bc5e687,31.338059,121.289933
4734,81f8bb3f1f7910bf355d4ca076614bce,31.266813,121.512658
4735,b6e81cad772e90bb11b82606b7add813,31.24448,121.37062
4736,0ec21954ea50d9d762baf460c8ef59a8,31.108567,121.766873
4737,4d1abd5efcef9da9ae2ac81e25fad4db,31.247519,121.322265
4738,1a759326d2db9f955990b1848f7a46e6,31.268642,121.332479
4739,0fe486b998e0d8946073c868f12ad3b3,31.03732,121.18963
4740,a8e4426ae9146097ee668dcb59544291,31.217074,121.510123
4741,d25aee8d599b492367c095e30b9c95f0,31.211591,121.499553
4742,10d63134c56e636821ca3227a0aee7fb,31.211591,121.499553
4743,eb5fd752dab5404390f9a610d30dd728,31.266813,121.512658
4744,621a22df7014b4ded6d8003f5d216425,31.266813,121.512658
4745,85b1b0480552c4cb4ec33c6a7e8fb2e2,31.211591,121.499553
4746,771310790927e9664af004f76d50eb7b,31.211591,121.499553
4747,27b4ebcf5dd7f56d0aeaad4f8f093626,30.900763,121.246509
4748,0cbc9a5dda6ce922cae22695ef6bc511,31.16346,121.405127
4749,f229bd8a43737ce4dd5aa0855e2d294a,31.138371,121.416975
4750,4d6fb2460b3944764d17fa9b62398032,31.145439,121.417433
4751,538a1b63dc801878a1207b00baa95e31,31.141245,121.500503
4752,b8428a103297bf7420d71a40426d38dd,31.261924,121.568031
4753,c1665900cf30e2821599cc12879fc0fb,30.844717,121.528288
4754,6037a47853230b7098bdff2e903ebf8d,31.184979,121.31046
4755,a26280925223c7a4e351f856f1979525,31.109998,121.164842
4756,9fac0ae984ade3db2dbc00301fff8c53,31.337218,121.465181
4757,b0f2311f8cf48d6b5cf3e078cff3703a,31.271472,121.494721
4758,a0d63ce85e75396d0b3f59d846d1f1bd,31.24143,121.475172
4759,024ca7316a0ef290922565a5e049d2fb,31.266813,121.512658
4760,24ccff12b31a8915403147e5862078cd,31.266813,121.512658
4761,90d8ce2298260e1bfb105d06c935b75a,31.137509,121.40768
4762,ec8121e670f37618c9fe47eca6763b99,31.145387,121.61623
4763,d45e0eb266ae55bfc13c4ca2c39dce43,31.202075,121.187355
4764,51b20d4294206c954ee680ce30e5417e,31.199721,121.325753
4765,a995cadedf7325b6984a84b8fa2e4714,31.266813,121.512658
4766,0d92c7d76853479ab02990392c30b573,31.266813,121.512658
4767,4d01e76f1973679b4f422b5279e4ea23,31.253346,121.448039
4768,4da1afd539a297a5575c01c52e7909ab,30.919514,121.45936
4769,0b04fd360db147f11ca6c655416a397e,31.266813,121.512658
4770,0668cde68f39d617bff7e0bdf9ac7b95,31.266813,121.512658
4771,521884fd1c6612a08051fd17b686e92c,31.123394,121.278015
4772,8d3d9fe9653fcbe976b591a342949b08,31.266813,121.512658
4773,0fdd36c7449e949117fda6c5e35016fa,31.162282,121.426688
4774,e6ef8b0f555d09ab79f54bb745602f52,31.211574,121.366182
4775,bcbdeae4ea7f8bce9c6a62c2c569907b,31.276178,121.553996
4776,8cdc5e1a91ee3720e18ff4a366b0ee4d,31.273451,121.681542
4777,ea909ab59b41b656cd99be2f9b604746,31.146522,121.352501
4778,38185597968b8503fb22fc0e45e92d50,30.741272,121.3348
4779,0049dcbab4b47f5b9b47c91d5fa5b0bb,30.8406,121.251681
4780,057504fd9c0a429805f6486a4f481314,31.302901,121.553485
4781,04d1e5d2fc3f6d0d37a73f453a8345ca,31.250674,121.47282
4782,8f8235f220b54fbdcecd25c76b35c789,31.159523,121.435774
4783,d5cdc62d4029cd5b4abe9d92d88c399b,31.051898,121.769904
4784,ad13aea9e409a4f30d20a8871fe4ee29,31.155403,121.57642
4785,aa64bfdd1a960b5145598b9a12983504,31.220133,121.471187
4786,91eebb59e22f5636c1aa57a633dc1fcd,30.938138,121.327668
4787,80744c3598639034f4eee94309184a7e,31.011886,121.234971
4788,58b0ef99f591e0f3e022f2c22e2e420b,31.10366,121.420217
4789,bb67f703adc54f32dbfced8e77051c7c,31.280339,121.402957
4790,16e0555168b1945fa8e05ce79d1073a2,31.165339,121.427732
4791,4be3320f3de88d6c2478c31b025ac038,31.272162,121.459351
4792,99e8a072af8a1bf21d4a344a6413d318,31.159523,121.435774
4793,2072218f302735ba893c20410b57a740,31.258903,121.441965
4794,11343a2a402766b37debe375fe8e94eb,30.880562,121.486561
4795,1c3319d07412c4de756c23ab74127e73,31.32719,121.53013
4796,2e67e084655d800ee739e4aa6de420d1,31.205839,121.462046
4797,34ca1c9c5a0d3c4af430e70763dad0e6,31.382812,121.242351
4798,e7686449f2fe504bab3b727f4dd33089,30.999472,121.378674
4799,27ccaf4dbfc8477693fd22f59eaef299,31.358014,121.37617
4800,8e221ccb71fdfa2b0cc80b5440e70c92,31.040378,121.255563
4801,2512d1ab7a6a79f99f106433ab352b1c,31.292519,121.549839
4802,0f2c8e20330b733d75add50bdcbca46f,31.242841,121.391309
4803,9f55f95bd8033ee5a1e4a0cfda42e7c0,31.172757,121.425965
4804,916c1eb3b6e471e7d5ce073bab3dd5c8,31.218201,121.487151
4805,b9ba7d113d8995c37c25e1c2e7fa6aac,31.249162,121.487899
4806,478a3399e4a4008c39725137f0d0579b,31.254166,121.224476
4807,ff2d1a637bbeb47275af42f5f96742af,31.250332,121.594504
4808,b7c94213b095937475a3c9a72f3d7c48,31.277484,121.382842
4809,98de587bafabda43a0fd4c50bb4c7775,31.273982,121.512661
4810,a1f417c2ae944db0d5692f0a2a526929,30.99055,121.126163
4811,ef5df572b5dce6420b62ee0b65008d65,31.301307,121.33124
4812,d1319b21d65ba6421729cc5423093b23,31.19382,121.49524
4813,c2b655e455c3b7e57f47071f4c721477,31.211591,121.499553
4814,054f79be0f64ec923431916121ecfc3d,31.211591,121.499553
4815,bd501d9ffc9376bc9dda9cf27ce3c246,31.19382,121.49524
4816,fda920750c55b648bbeeed7a76e243e4,31.099126,121.813976
4817,6c9390d9a9681a72dc37781b6b1aa940,31.148773,121.387158
4818,4dbc281e101f8c68ebf9e483262885b1,31.258677,121.392956
4819,ec573b3d7863613e59d12cfa30a899a7,31.07195,121.150279
4820,4e118564e3bbe749e07912de2aaa1300,31.211591,121.499553
4821,324661fed4b8a2ab2d251a0246a99133,31.143297,121.132883
4822,fca1785db79b3db18fce010e1b7f45c5,31.19382,121.49524
4823,3a5289cd5c41a8c73082214e3eec0c95,31.226966,121.53174
4824,aa061c8e429c36450fbbec39ed2e8c89,30.919873,121.464262
4825,cf5303302ccd95e8d7a108e3623d130c,31.211591,121.499553
4826,f56c674f249167e8e99a3f33db05590d,31.211591,121.499553
4827,dce083c67b2e218337c5cc77a805f113,31.228726,121.482748
4828,be290bd7a982ab0f77ab99d2fa87fd87,31.217074,121.510123
4829,2a3a1670a34d76fd59efcf9fe22c9a3c,31.07195,121.150279
4830,9d5fce5cf0d1ca420323a13ddf4535b5,31.19382,121.49524
4831,0fa98c1b0e63d855499093087a09f476,31.217074,121.510123
4832,47564418173ef6108e53c8d5f51ce7a4,31.19382,121.49524
4833,091abc68d00581bd9ad2484912eecb80,31.19382,121.49524
4834,9c7177fad3e915013e006a9a994ec9fd,31.19382,121.49524
4835,70ded58eee41d0affaf468462cb8291d,31.211591,121.499553
4836,907d38b7ea6a2356844f00a68ca910ac,31.211591,121.499553
4837,cea8350ff2bb5fba9947835922bf33fe,31.211591,121.499553
4838,dad6be4533ae593a42846674f502fde2,31.225207,121.452948
4839,fad852359557e15c0947aad1c27171c9,31.211591,121.499553
4840,9297c2565bf72d7ee664fc5d8db57349,31.217074,121.510123
4841,481745d4e0ae97d76d0e33d30fa5a968,31.19382,121.49524
4842,2ddd0529ce1a40cda6b22743820441b2,31.211591,121.499553
4843,7d6d7fb702cf008a341a8cda540e7874,31.19382,121.49524
4844,e3f024380dc6b48f7694d08bae393972,31.19382,121.49524
4845,9bdd588f29967b0b0fac807c9ba439d6,31.382771,121.291756
4846,2cf0719369038466705c86a5a9c83fe0,31.195613,121.40425
4847,5f3d7831ba28569259c29af7d1ca46b1,31.224539,121.550163
4848,c275adb3fc3cc113b0ac23b38a3271b9,31.223004,121.465956
4849,0048795d43ebb3eea4a46138ce396577,31.19382,121.49524
4850,ff0ce4e5195f8d316ca0c6c4786c345a,31.211591,121.499553
4851,880cb1ab4b1ad76891ffde42d5533e43,31.211591,121.499553
4852,ea0fc5a626ffcb5f5e068faa63caf523,31.19382,121.49524
4853,f3563cfa0d0c05e3135335967bc1efa7,31.217074,121.510123
4854,d9e17f44c7f8a70b37208b50bfbc80db,31.19382,121.49524
4855,317f8a76a5d872d3f922bd6f1cfe767c,31.284953,121.489071
4856,e06eddd500e69d6391ba7efd0e9d2ef3,31.235453,121.653548
4857,22862ce08e97a040d628ad0b23886ccc,31.195613,121.40425
4858,8902278467a8efb12982ccbee4bb8d1b,31.19382,121.49524
4859,020244d127dbffb6b3ac6abb063124fe,31.217074,121.510123
4860,4835e8198a2534594913148fa5b84db1,31.19382,121.49524
4861,5cbc2ec1a0db14af72e4febe13cce6ea,31.217074,121.510123
4862,2cb13fe616e0848ca8fb7f27dcd33590,31.127217,121.335543
4863,052c2300de1bbb554c80f6795613338b,46.777465,131.812182
4864,655211667879b0a6df293a6c42d9aacf,31.08111,121.263537
4865,168c2e393ce7370a8ee71f94d1f86ab4,31.295335,121.555781
4866,6a4aa051de25ac0e906c354b88f2d442,31.19382,121.49524
4867,c71c6d383623a7f432aefa3aff23ddfa,31.217074,121.510123
4868,47f564edc9ac292abaf4468d12c5e0b6,31.19382,121.49524
4869,ae6ddf63075ae05a7f559769958034b2,31.19382,121.49524
4870,23c497c00ce6d82b5634de5a9efd39d4,31.19382,121.49524
4871,7061e430bb73746b17652e6ccb4f2583,31.211591,121.499553
4872,8fdcd41c013ed3db65bcb3044eac8555,31.298177,121.473198
4873,fe5eaffb02fdc6d4c92e559c0d1eecf2,31.211591,121.499553
4874,937ce56c746906bd409d242ddc456141,31.19382,121.49524
4875,6f99323ba715e455c6211efc7559588d,31.19382,121.49524
4876,3d204560176b98215ad59980a003f74f,31.19382,121.49524
4877,a9a9473e56d9c8f7543dec3badaa791b,31.217074,121.510123
4878,6511f922c09ce93526e3acd710bdb6bc,31.211591,121.499553
4879,db85772733828b84850b9a124cefbc4c,31.211591,121.499553
4880,cf9bb649200de03a6aaa03c134eb931b,31.211591,121.499553
4881,dce66c7ea6b9c617eb7adbee67a0bca0,31.19382,121.49524
4882,4d181d39747aa6d0b0368d4b73395e01,31.211591,121.499553
4883,b614217dce1eba3fd25523c85d4c8b42,31.19382,121.49524
4884,54cfc4e1ab5df90f7ec6e1f7e3c6c6d9,31.211591,121.499553
4885,99cc3bd57ad859ca0ad3b64800424cae,31.211591,121.499553
4886,08c3722e35c9e5b834f80c3d6c24e6bf,31.211591,121.499553
4887,02ef78d0689fbc7a1be43c5b7c759062,31.19382,121.49524
4888,3cb766ea54944066d803159f6fdc3193,31.211591,121.499553
