ServiceID,total_requests,slow_requests,E_pct,n_replicas,avg_response_time_sec,p95_response_time_sec,p99_response_time_sec,deadline_violations,deadline_violation_rate_pct,avg_distance_km,avg_network_delay_ms,p95_network_delay_ms,p99_network_delay_ms,cycle,servers_on
1,34,31.0,91.17647058823529,2,11.961689984757337,25.37093215694479,26.688904474860323,30,88.23529411764706,15.52319442632415,20.513514169100485,33.86213160300524,36.463317249595924,0,2
2,33,30.0,90.9090909090909,2,22.987983316817356,48.81572878491763,51.38009788605079,30,90.9090909090909,13.33459167116602,18.286347120385148,32.92475723140045,38.6849687132376,0,2
3,18,14.0,77.77777777777777,2,23.572106134779634,48.62604560939486,51.33930315101351,14,77.77777777777777,11.714460511105907,16.55057922407827,27.668521995299866,28.28326740260023,0,2
4,17,15.0,88.23529411764706,2,45.725278113053,92.4213557753674,96.89998957522178,14,82.3529411764706,14.370095646461962,19.395760111830946,28.320026580353122,28.6715225419919,0,2
5,19,17.0,89.47368421052632,2,55.81068459851959,111.02623688465398,118.22307222197207,16,84.21052631578948,16.064324397611873,21.21091430906087,32.04186401284629,32.24880762912286,0,2
6,16,13.0,81.25,2,75.95647336582459,153.76633334896763,162.7632040083429,12,75.0,13.975841237199731,18.973365824599643,31.59428806873366,34.42282969144112,0,2
7,11,8.0,72.72727272727273,2,81.8384914488775,137.52984873185972,147.53631101161162,8,72.72727272727273,15.223084235741055,20.309630695698864,33.41543096826877,37.024351433320064,0,2
8,14,12.0,85.71428571428571,2,116.0893691401282,233.7733813565734,246.7735128486707,11,78.57142857142857,13.011848984720467,17.940568699655774,24.96995950669919,26.571027199377912,0,2
9,10,7.0,70.0,2,138.01694531888637,256.5206885787332,267.321076914337,7,70.0,12.082902644624353,16.945318886380917,23.228732825118197,24.573650009471812,0,2
10,13,12.0,92.3076923076923,2,187.71578969451775,376.02493606667366,395.2278682486942,10,76.92307692307692,18.184112580986167,23.48200221007702,34.37441310770256,34.9788546992349,0,2
11,8,7.0,87.5,2,225.01855918683904,382.52183346629926,396.5209465764262,6,75.0,13.589254826809881,18.559186839067188,23.32837626936636,23.77952948625177,0,2
12,7,6.0,85.71428571428571,2,188.58939198984726,342.0151603585214,356.417775322535,5,71.42857142857143,13.03317645708241,17.96341841870807,28.307620081718827,28.866123457494428,0,2
13,6,4.0,66.66666666666667,2,186.68332016387888,332.5203981116118,346.5215449115113,3,50.0,11.810522110047652,16.653497212214987,25.181729062049357,26.075093748970755,0,2
14,9,6.0,66.66666666666667,2,370.0194693908196,684.0084870220173,712.8057980426024,6,66.66666666666667,14.438821081690485,19.469390819683618,37.02703156980287,37.74667155362688,0,2
15,2,1.0,50.0,2,225.02125786580928,292.5245786128913,298.5248737904097,1,50.0,16.108147992125744,21.257865809243818,24.57861289125484,24.873790409655818,0,2
1,24,22.0,91.66666666666667,2,9.186858405739383,18.865696532006375,19.79390137194126,21,87.5,15.113046544462167,20.191739072715368,32.237741848499645,37.95932265551488,1,2
2,36,34.0,94.44444444444444,2,25.740724792662345,54.52903599217934,57.3184934877711,33,91.66666666666667,13.536410208419802,18.502570440126572,29.917749043353247,33.93302006402778,1,2
3,16,14.0,87.5,2,24.271548824755854,49.01749701120293,51.41808803222154,13,81.25,16.379723273995545,21.548824755853175,38.290571547834666,41.9127006192872,1,2
4,25,22.0,88.0,2,59.099637112112994,124.6253685657839,131.33783139933635,21,84.0,14.595368794134712,19.637112112995993,33.534324149865725,38.56489319290487,1,2
5,17,16.0,94.11764705882354,2,59.4339185302452,122.02109942992644,128.4187564489356,14,82.3529411764706,16.94441784935597,22.153824362855914,35.79678686002315,36.17784369167211,1,2
6,15,13.0,86.66666666666667,2,106.01844861060616,199.51986295186302,207.92542871229634,12,80.0,13.48604517482996,18.448610606159537,28.498003859292986,31.629993241266735,1,2
7,13,11.0,84.61538461538461,2,98.09681569920357,185.01572083495316,197.01481851745373,10,76.92307692307692,14.833856892095874,19.89262228050423,35.30016028119915,42.19178266630439,1,2
8,8,7.0,87.5,2,90.64403524292472,166.2634011900165,173.26426473247474,6,75.0,14.033596089223483,19.035242924719775,29.185327481914786,29.676668862665853,1,2
9,14,13.0,92.85714285714286,2,197.1656504389264,370.52140772931335,386.1195083994399,12,85.71428571428571,17.541287995233223,22.793296069232643,36.07448933231898,39.36828495860713,1,2
10,13,10.0,76.92307692307692,2,212.32972272046098,416.0269706557995,435.2370587621726,9,69.23076923076923,16.829227926969352,22.030412768667855,34.04062342278886,38.47275569725288,1,2
11,8,7.0,87.5,2,150.02348451879197,282.51398497148324,296.5132511997954,5,62.5,18.186461508369486,23.484518791970654,36.964733782097724,39.05757776911466,1,2
12,8,6.0,75.0,2,180.0234831908493,339.0180870094455,355.8195855793629,6,75.0,18.185222033147447,23.483190849300506,34.059751733963736,35.65901346396974,1,2
13,4,2.0,50.0,2,175.01362781171323,269.5156971186873,277.9153737694632,2,50.0,8.986407568073366,13.62781171322706,17.583322494501598,17.906671718589795,1,2
14,1,1.0,100.0,2,90.02900574930143,90.02900574930143,90.02900574930143,0,0.0,23.339868026196736,29.00574930143833,29.00574930143833,29.00574930143833,1,2
15,0,,0.0,2,0.0,0.0,0.0,0,0.0,0.0,0.0,0.0,0.0,1,2
1,32,28.0,87.5,3,6.892119873293603,13.466068374845515,14.013447803700508,27,84.375,12.245828249405847,17.119873293602865,30.25002683666346,32.41299058676017,2,3
2,30,26.0,86.66666666666667,3,15.215085324576082,29.113230803058507,31.433125028790688,25,83.33333333333333,10.471271701574372,15.085324576082524,22.033219778562525,23.134960489032423,2,3
3,25,21.0,84.0,3,22.257537850495282,43.217089751564465,47.05516799300072,21,84.0,12.635959839048832,17.537850495283465,31.685544152868722,35.366499562623346,2,3
4,21,16.0,76.19047619047619,3,38.350077492868664,84.00990144976655,89.61689742013262,16,76.19047619047619,11.895144515515883,16.744159535328727,29.774605437559153,34.99427037361806,2,3
5,13,10.0,76.92307692307692,3,33.094962418896706,60.018517812885136,60.02244103142808,8,61.53846153846154,13.391235857671013,18.03934197362871,31.186718447540905,31.947644142487263,2,3
6,11,7.0,63.63636363636363,3,42.289240376195636,75.01962871653522,75.02741052995016,6,54.54545454545455,11.679481387618893,16.51310346835769,26.38890968385716,28.762568579890115,2,3
7,15,11.0,73.33333333333333,3,101.68323648599501,207.5170322050872,221.51693370140154,10,66.66666666666667,11.732418840953242,16.569819328329544,25.233283391956054,34.086005964497424,2,3
8,23,17.0,73.91304347826087,3,115.23425185306374,222.5172302733662,244.51452834155444,17,73.91304347826087,12.003779856989624,16.860548715898197,25.949491056622662,30.100254305177113,2,3
9,11,5.0,45.45454545454545,3,81.83452180182078,165.02111940216838,177.02804356478373,5,45.45454545454545,11.517894789195147,16.339983638968715,29.750859149717265,29.769856179990775,2,3
10,7,2.0,28.571428571428573,3,68.5866696385573,108.01182832397487,117.60713171552828,2,28.571428571428573,10.492188020264921,15.241067128735255,23.48681703677347,25.11877562930526,2,3
11,4,3.0,75.0,3,87.52208366748435,142.52307505607337,148.52415273105152,1,25.0,16.878934817208798,22.083667484353768,24.84980491732538,24.910179757973772,2,3
12,9,4.0,44.44444444444444,3,126.68291342762258,216.01959011903136,235.2193787741705,3,33.333333333333336,11.430882594780877,16.246760955907735,20.906824102484165,21.39772194621018,2,3
13,2,1.0,50.0,2,105.01588669898348,136.51058028644698,139.31010860533263,0,0.0,11.094807925848635,15.886698983472794,21.193111519971616,21.664792634327068,2,3
14,1,0.0,0.0,1,90.01565640561006,90.01565640561006,90.01565640561006,0,0.0,10.87985668092104,15.656405610063032,15.656405610063032,15.656405610063032,2,3
15,2,2.0,100.0,2,225.02940087798567,292.5315875034625,298.5317818701715,1,50.0,23.708673265058266,29.400877985699843,31.587503462536862,31.78187017158904,2,3
1,35,30.0,85.71428571428571,3,7.616326879150563,17.313293194591544,18.67940336834313,30,85.71428571428571,11.50566332089439,16.326879150563986,27.87539478874487,31.040641530613733,3,4
2,24,21.0,87.5,3,14.350339774452452,29.720513084587814,31.558065875162438,20,83.33333333333333,12.139952918479452,17.0064411191201,30.14356383029215,34.098006816991216,3,4
3,17,12.0,70.58823529411765,3,14.368005677494796,28.807067347212044,31.366179520175734,11,64.70588235294117,10.547003577245516,15.064501024208793,23.87262904098182,27.276253876390143,3,4
4,17,12.0,70.58823529411765,3,25.132873614894205,50.419416714709264,54.893255675248156,11,64.70588235294117,10.478643687881831,15.226556070675857,22.15814329137412,24.76967529298888,3,4
5,19,14.0,73.6842105263158,3,41.59451330518989,81.01292010196978,88.21259438906972,14,73.6842105263158,11.1884170022141,15.565936768845077,24.646207371060946,24.963820271045726,3,4
6,10,6.0,60.0,3,40.52018259334739,83.27169308595484,88.67116977967734,5,50.0,15.10451010672042,20.182593347390018,29.13048101851637,30.158679451121053,3,4
7,9,6.0,66.66666666666667,3,69.46069933392874,115.01807204816033,123.02176330916849,5,55.55555555555556,11.438469601168364,16.25488948428934,26.110439017869844,27.51617011639986,3,4
8,13,10.0,76.92307692307692,3,90.40099754697954,185.01388188315659,197.01434141821034,10,76.92307692307692,11.55726357063401,16.38216236413796,28.445615556245862,29.50880746129649,3,4
9,8,4.0,50.0,3,78.76384815736373,139.50935251239804,147.9080572776852,4,50.0,9.192073806692152,13.848157363720834,23.525957830976054,27.37974117295847,3,4
10,7,5.0,71.42857142857143,3,74.30734036532682,120.01697446616788,120.01884009637344,2,28.571428571428573,16.45183141751607,21.62607961254056,33.445330566950055,34.847392485710635,3,4
11,8,4.0,50.0,3,106.26485780403341,182.5151325811357,196.51516820998393,3,37.5,10.134457885625974,14.857804033403651,22.70048800397308,25.94132465971088,3,4
12,5,2.0,40.0,3,108.0153542913072,168.0079971711869,177.6061610428405,1,20.0,10.597869211846596,15.354291307192588,21.06664908570713,21.809915196508914,3,4
13,2,1.0,50.0,2,70.01987990365373,70.02118565975746,70.02130172696668,0,0.0,14.821985579341536,19.87990365372019,21.185659757455205,21.301726966676096,3,4
14,6,6.0,100.0,1,315.03818714747223,517.5350211528114,535.5359606763993,5,83.33333333333333,31.909602090930363,38.187147472250714,47.72609646156392,48.077163451972666,3,4
15,2,2.0,100.0,2,225.0269578143035,292.5251146728054,298.52495083800557,1,50.0,21.428366315053143,26.95781430349927,28.800955801644424,28.964790601479546,3,4
1,21,15.0,71.42857142857143,5,4.299972462275757,9.006461713201308,9.811179788453982,14,66.66666666666667,9.57477755407189,14.258176561471121,22.750228822535373,26.39817138960571,4,5
2,27,21.0,77.77777777777777,5,8.608018618257676,17.41348207856403,19.49447675445584,21,77.77777777777777,10.66482463181732,15.426025665085323,26.989386262886175,29.133848851950823,4,5
3,19,15.0,78.94736842105263,5,17.910205868732827,40.40777802977213,43.29296019669478,13,68.42105263157895,10.70496087317219,15.469026627562721,23.154649719561554,25.853918675007066,4,5
4,22,14.0,63.63636363636363,5,26.107114743504358,55.665632282294425,56.02224438474458,13,59.09090909090909,11.39251287026032,16.20565259526707,26.191958361854333,27.294772951956467,4,5
5,24,17.0,70.83333333333333,5,42.5173995351605,88.5103140711183,90.01242811041077,16,66.66666666666667,12.66242240718013,17.399535160501827,27.622565568886213,27.993879781672675,4,5
6,16,10.0,62.5,5,45.95199392083011,93.76287569775972,102.75257513955194,9,56.25,10.49485160825525,14.493920830112387,25.273381864293523,27.9241293535604,4,5
7,21,14.0,66.66666666666667,5,127.39386226229284,300.0138620329787,320.0114722082346,14,66.66666666666667,8.494092346642773,12.909881340466805,20.46603385394325,22.29338982881695,4,5
8,7,2.0,28.571428571428573,5,35.730185424745194,67.51341356018256,73.51442186289195,1,14.285714285714286,11.10695257823521,15.899710459484183,24.735191264528023,26.795163878004235,4,5
9,10,5.0,50.0,5,60.01567192752778,106.52482041680587,117.32681220898628,3,30.0,10.894344529555926,15.671927527773729,25.616161130032395,26.97135785110511,4,5
10,6,4.0,66.66666666666667,5,140.01764482976918,230.0251800873827,238.02943420710906,4,66.66666666666667,12.735812161172332,17.644829769175846,27.90356636583425,29.97890290568192,4,5
11,5,2.0,40.0,4,70.015326469077,100.01845423654314,100.01969970218556,1,20.0,10.57190049667637,15.326469076985532,20.765465112763525,20.91634441608079,4,5
12,3,1.0,33.333333333333336,3,80.01862521679719,114.01661799021086,118.81602473561546,0,0.0,13.650885873721231,18.62521679718523,22.633606369815375,23.160404801283825,4,5
13,3,1.0,33.333333333333336,3,93.34930262584862,133.02046864576744,138.62092489163985,1,33.333333333333336,11.171899082316877,15.969292515271652,20.468645767447633,20.924891639855705,4,5
14,1,0.0,0.0,1,90.00808223476896,90.00808223476896,90.00808223476896,0,0.0,3.8102765732406367,8.082234768965174,8.082234768965174,8.082234768965174,4,5
15,0,,0.0,1,0.0,0.0,0.0,0,0.0,0.0,0.0,0.0,0.0,4,5
1,25,18.0,72.0,5,4.575217212394978,9.819448300774123,10.782848609386578,17,68.0,10.76860410951702,15.21721239497943,25.130556560962603,25.526765277438212,5,6
2,31,24.0,77.41935483870968,5,8.079871872804267,16.01545503311194,17.414945211197995,22,70.96774193548387,10.719661051586963,15.355743772010406,24.79573101857911,27.939694998766146,5,6
3,13,6.0,46.15384615384615,5,7.703039577414496,12.011738168351062,12.015542652803838,5,38.46153846153846,6.570601257890657,10.731885106803572,20.035352963203003,20.03654404427035,5,6
4,20,14.0,70.0,5,30.465901025949883,56.37645131233987,61.698775049111084,14,70.0,11.108180430748565,15.901025949875716,26.45131233986097,28.77504911109087,5,6
5,7,4.0,57.142857142857146,5,24.301685992041282,47.01279581002585,49.41238907624811,3,42.857142857142854,11.174152086071489,15.971706326995003,20.520170912246808,20.93519666881554,5,6
6,14,8.0,57.142857142857146,5,36.445826259751435,80.26148526733621,88.06141428377228,6,42.857142857142854,12.371795250832827,17.254831180014286,27.389680922093707,27.50783070259261,5,6
7,6,4.0,66.66666666666667,5,41.68452477228826,68.76686401899588,73.76401185811424,3,50.0,12.934879591170409,17.858105621593975,26.666172330909195,27.380932307811445,5,6
8,4,2.0,50.0,5,31.268347451496595,46.27199180934922,49.27128959452521,1,25.0,13.391625278092185,18.34745149659463,26.088062489285523,26.790277313295718,5,6
9,10,4.0,40.0,5,60.01478113392773,106.51681314391502,117.31319254302596,3,30.0,10.062895537039505,14.781133927721523,22.257753177104785,22.327244631913644,5,6
10,9,7.0,77.77777777777777,5,106.6847704136252,224.01793679468005,236.8214122039773,5,55.55555555555556,13.164156319361199,18.10374695852689,24.197727441574642,24.31074345440071,5,6
11,2,1.0,50.0,4,50.02113632975181,50.02330478250073,50.023497533856194,0,0.0,15.994708658363667,21.136329751807978,23.30478250073498,23.497533856195158,5,6
12,7,3.0,42.857142857142854,6,111.44369714189806,222.0129148665958,236.4138075011394,2,28.571428571428573,10.3845190804099,15.125713326625302,23.07052325298114,24.41060360169408,5,6
13,2,0.0,0.0,3,105.0044189970938,136.5004418997094,139.30008837994188,0,0.0,2.2578436760381533,4.418997093791541,8.396094478203928,8.749614245707251,5,6
14,0,,0.0,1,0.0,0.0,0.0,0,0.0,0.0,0.0,0.0,0.0,5,6
15,0,,0.0,1,0.0,0.0,0.0,0,0.0,0.0,0.0,0.0,0.0,5,6
1,21,11.0,52.38095238095238,7,2.681191152144501,6.018771668236118,6.818406407968285,9,42.857142857142854,9.823344988992318,14.52448547783455,20.741402625531656,24.62589097458071,6,7
2,20,9.0,45.0,7,4.713163951669847,8.118212286671923,9.63805234215615,9,45.0,8.740125862387206,13.163951669845218,21.71555200145423,24.681157035004897,6,7
3,21,10.0,47.61904761904762,7,11.249499836345947,24.01696690929368,27.208159432592062,10,47.61904761904762,7.444664471278001,11.404598250709274,19.31733150050232,22.643220866601325,6,7
4,14,3.0,21.428571428571427,7,12.511589118524546,23.464845241944968,27.10572107574542,3,21.428571428571427,7.350211997416226,11.589118524544947,18.5607400455868,19.667110843642334,6,7
5,15,4.0,26.666666666666668,7,20.678883347492256,43.0115906095175,48.6113687477032,4,26.666666666666668,7.669286121792766,12.216680825585643,16.266361546951256,18.051316949047063,6,7
6,20,8.0,40.0,7,34.51329164563907,60.76652683958321,72.16831292108273,8,40.0,8.672636854343477,13.291645639072035,18.78733595976957,19.211332392355768,6,7
7,5,2.0,40.0,4,40.018246375855064,70.0207134086121,74.02243832974459,1,20.0,13.297283288752045,18.246375855061842,25.736671690135292,26.310094022617488,6,7
8,11,3.0,27.272727272727273,7,45.465580845429066,87.50591841355009,97.50118368271002,3,27.272727272727273,6.90610456784533,11.035390883614053,16.325182688806034,16.682627210240994,6,7
9,9,1.0,11.11111111111111,7,40.012347527477715,60.01188321193961,60.01283084788667,0,0.0,7.79141577908272,12.34752747771904,21.202663338542553,24.037031618806363,6,7
10,10,3.0,30.0,7,80.01343733317233,142.01848516629408,156.4148509155086,3,30.0,8.808618694302677,13.43733317234135,20.876288497884854,23.40525280611754,6,7
11,5,1.0,20.0,4,60.01754372509386,90.01922967378454,98.01899747014636,0,0.0,12.641443072272299,17.543725093854174,20.1004374277163,20.332641065896173,6,7
12,6,3.0,50.0,6,120.01927505975418,180.0264711366167,180.02877901396647,2,33.333333333333336,14.25743633820999,19.27505975416567,29.08873289800698,29.302533222720076,6,7
13,3,1.0,33.333333333333336,3,70.02268451384663,70.03567233227683,70.03747573169504,0,0.0,17.43975283671661,22.684513846629738,35.672332276836705,37.47573169503365,6,7
14,2,1.0,50.0,2,135.02205450406566,175.51724737754196,179.11682007740652,0,0.0,16.851714263441032,22.054504065666087,26.861630589375732,27.288930724816588,6,7
15,1,1.0,100.0,1,150.0496675863317,150.0496675863317,150.0496675863317,0,0.0,42.625214913897,49.667586331700626,49.667586331700626,49.667586331700626,6,7
1,33,22.0,66.66666666666667,7,4.558109029751376,11.412496971452162,12.69280133173288,22,66.66666666666667,8.077923156303934,12.654484296830656,17.735734359124343,22.31447219988098,7,8
2,23,12.0,52.17391304347826,7,6.534453149220351,15.811797979442625,17.568265722774957,12,52.17391304347826,8.13349146155178,12.714018785567859,18.81852370211376,19.034704435199476,7,8
3,16,7.0,43.75,7,9.511435562521372,21.008585346583597,23.40857128102905,6,37.5,7.6402409168369125,11.43556252137245,18.61085170261425,22.446672524151275,7,8
4,9,2.0,22.22222222222222,7,10.900874954662804,18.21554202067247,20.45651496935016,1,11.11111111111111,7.8688702153266945,11.98606577391508,18.902563342235517,19.82787871784198,7,8
5,14,6.0,42.857142857142854,7,22.86947012908789,43.50945112847071,48.701890225694136,6,42.857142857142854,8.03918968849223,12.327271945035292,18.79119899263583,22.984598501553968,7,8
6,12,6.0,50.0,7,36.26457261234893,66.76664941459688,73.36264835963557,5,41.666666666666664,10.179392341194728,14.572612348930015,23.27639675595458,24.993325985904974,7,8
7,11,7.0,63.63636363636363,4,56.83612743423251,112.52088138683375,122.519637027731,4,36.36363636363637,13.355971016021781,17.94561605069012,25.884147950985955,26.516153135522945,7,8
8,6,1.0,16.666666666666668,7,41.677155943248785,68.76314654033378,73.76233638849243,1,16.666666666666668,6.0569614286032865,10.489276582118531,15.711608106562005,16.09000941241303,7,8
9,13,4.0,30.76923076923077,7,62.320928260512495,132.01242074336488,146.41508303029022,4,30.76923076923077,8.620654287167287,13.235952820184027,18.70392925337289,18.722336097519182,7,8
10,8,1.0,12.5,7,65.01118465951062,106.00514679203654,117.2010293584073,1,12.5,7.17270802973659,11.184659510614791,17.351889444051714,17.408194885673723,7,8
11,5,4.0,80.0,4,110.01582396346726,190.01137913838403,198.01088255946513,3,60.0,11.036251845361255,15.823963467269413,22.874693975401755,23.2086223224011,7,8
12,4,2.0,50.0,3,90.02131536165128,120.03021645004897,120.0322964329721,1,25.0,16.16181346516623,21.31536165127202,31.375305133992303,32.528203989101094,7,8
13,8,0.0,0.0,6,96.26438301725418,140.0179286206243,140.01891528858025,0,0.0,9.69130136854283,14.383017254187855,18.69107991427607,19.06778043824327,7,8
14,4,4.0,100.0,2,157.5217515279012,256.51057656426025,267.3081253980548,2,50.0,16.568922349930453,21.751527901200095,27.906329950564157,27.932459229013173,7,8
15,1,1.0,100.0,1,150.05205019820832,150.05205019820832,150.05205019820832,0,0.0,44.84909735338185,52.05019820830647,52.05019820830647,52.05019820830647,7,8
1,33,17.0,51.515151515151516,9,3.3448776900709616,8.407268162064781,9.690320796537039,17,51.515151515151516,7.041752217705486,11.544356737628219,18.180781578841614,19.179426311652733,8,9
2,30,14.0,46.666666666666664,9,5.143918101240756,11.10669841517305,13.428110287388114,13,43.333333333333336,6.27054180443432,10.584767907422657,17.95548265684388,21.3294161613615,8,9
3,23,9.0,39.130434782608695,9,8.534204661572952,16.012156297777565,16.014905087099763,9,39.130434782608695,7.901558043899837,12.465531138168966,19.266044930980733,23.505815528991267,8,9
4,14,2.0,14.285714285714286,9,12.011253928084074,21.008460691337852,21.009142360632325,2,14.285714285714286,6.770671900803053,11.25392808407249,15.706268963533711,16.1849366022039,8,9
5,14,4.0,28.571428571428573,9,19.29510161425467,33.51222318861657,38.71313478791343,4,28.571428571428573,5.295105108509506,9.387328540386486,14.879102606617868,17.132061840513863,8,9
6,17,7.0,41.1764705882353,9,33.540395932583024,63.01741625946581,72.61395611119784,7,41.1764705882353,6.73850193998409,10.984167877141072,19.932858004274244,24.525825059324603,8,9
7,11,3.0,27.272727272727273,8,52.283324712338796,112.51146056398366,122.51575924927509,3,27.272727272727273,6.157918644530908,10.597439611524855,18.141101874953563,19.186846896571165,8,9
8,7,3.0,42.857142857142854,5,39.30560583920397,67.52017898918947,73.5178127421444,2,28.571428571428573,14.832859304046423,19.891553489684902,25.41251407181951,26.74693727113762,8,9
9,10,1.0,10.0,8,48.01204635111071,76.51389156272974,87.3158863213127,1,10.0,7.510303760652958,12.046351110715332,17.028976513417582,17.4504812403219,8,9
10,4,2.0,50.0,3,60.01802973106304,80.02605892455918,80.02643477364293,2,50.0,13.095071357669672,18.02973106303773,26.058924559173374,26.434773642929425,8,9
11,8,0.0,0.0,6,75.0130798638736,100.01192218865148,100.01197470847967,0,0.0,8.474963975326187,13.079863873603099,17.053259142960858,17.383579441119984,8,9
12,1,0.0,0.0,3,60.01106969734922,60.01106969734922,60.01106969734922,0,0.0,6.598714604663676,11.06969734922051,11.06969734922051,11.06969734922051,8,9
13,6,1.0,16.666666666666668,6,81.6805452938784,122.51041812881903,136.50784717448764,0,0.0,9.220513755555618,13.878627211734859,19.4688214741238,19.941130344219637,8,9
14,3,2.0,66.66666666666667,3,120.02000600522736,171.01731237301155,178.2167744369207,0,0.0,14.939686274942757,20.00600522736686,23.029129505229015,23.297149127866035,8,9
15,0,,0.0,1,0.0,0.0,0.0,0,0.0,0.0,0.0,0.0,0.0,8,9
1,17,6.0,35.294117647058826,9,2.187701259517208,5.209687268389431,5.855080525742582,5,29.41176470588235,6.748964465182792,11.230671281913708,18.60633989541636,20.93762510479662,9,10
2,16,7.0,43.75,9,5.261638661706803,12.515019326474706,13.714993013896018,6,37.5,7.363119613835925,11.638661706802598,19.425314958202236,21.101420117353793,9,10
3,22,8.0,36.36363636363637,9,10.009779821904639,23.81125503137492,27.167115795680935,8,36.36363636363637,5.564476039498031,9.779821904637005,16.60961898478652,16.953730982322668,9,10
4,12,3.0,25.0,9,11.678870596202588,24.15615211303605,27.24216751244909,2,16.666666666666668,7.968511012061501,12.20392953592163,21.344048642202168,24.127286088330422,9,10
5,21,11.0,52.38095238095238,9,26.67969311870264,50.02403749388318,58.018700151510146,10,47.61904761904762,8.425110430593367,13.026452035970696,24.03749388317571,24.64130285004247,9,10
6,19,9.0,47.36842105263158,9,43.43368946526489,106.5150996446246,117.31021328425582,8,42.10526315789474,8.061448427877464,12.636833685936915,19.31120724560055,19.909607498514987,9,10
7,11,5.0,45.45454545454545,8,45.47042916303705,87.51461293213404,97.51583041853661,3,27.272727272727273,11.431427594774904,15.883708491597817,26.46205739200628,27.32230599657513,9,10
8,10,4.0,40.0,5,50.017772519695065,88.76437336860054,97.75994506907018,4,40.0,12.85499539309474,17.772519695058975,26.996319368161114,30.83031488565173,9,10
9,4,0.0,0.0,8,30.010164170177415,30.01419194229598,30.01449252134482,0,0.0,5.753513589916213,10.164170177414121,14.191942295982564,14.492521344822075,9,10
10,11,9.0,81.81818181818181,3,98.20211316444635,180.02144629538975,196.0259618731951,7,63.63636363636363,15.209412021445416,20.294982628165293,27.290154339052517,27.449663693178163,9,10
11,7,0.0,0.0,6,64.29828527955979,100.01166261474985,100.01217093545996,0,0.0,7.999994833035457,12.570993845515947,15.39689579104664,15.479389563664869,9,10
12,4,3.0,75.0,3,105.02099685173793,171.0226078664265,178.2239192396075,1,25.0,15.86452266005069,20.996851737934122,24.890454066236057,24.98128293637303,9,10
13,2,0.0,0.0,2,105.01129808343984,136.5117067451304,139.31174307061403,0,0.0,6.811885629841337,11.29808343983337,11.706745130412315,11.743070614019333,9,10
14,2,0.0,0.0,3,90.01624347584962,90.0186345453655,90.01884708487802,0,0.0,11.427816342055623,16.243475849631363,18.634545365496898,18.84708487801828,9,10
15,0,,0.0,1,0.0,0.0,0.0,0,0.0,0.0,0.0,0.0,0.0,9,10
1,14,2.0,14.285714285714286,10,1.511257233034068,2.360222606116002,2.8776502200946554,1,7.142857142857143,7.04043669517842,11.25723303406824,19.714230883647005,20.535968277154723,10,10
2,23,11.0,47.82608695652174,10,4.96771250256473,8.019492204378933,9.570994123197966,11,47.82608695652174,6.711715275590135,11.190763434294766,19.813945204415397,20.031026601386248,10,10
3,18,4.0,22.22222222222222,10,7.121226572680486,12.010389779688584,12.01219900869856,4,22.22222222222222,5.915467739217034,10.115461569373373,16.6642437177034,17.492443128318573,10,10
4,17,5.0,29.41176470588235,10,13.598024789055827,28.00720019072115,28.007392314111478,5,29.41176470588235,5.623418028933616,9.789494938181049,14.20298430435077,14.471139053804807,10,10
5,14,3.0,21.428571428571427,10,17.15392761861654,30.01202889384525,30.01369481345178,3,21.428571428571427,6.866121177127622,11.070475759398297,17.6126137005275,18.504072986950103,10,10
6,7,3.0,42.857142857142854,5,19.30265292041404,30.01539713276307,30.01787747119227,0,0.0,12.076663758046081,16.938634699755646,23.2823796403655,23.886471034613667,10,10
7,10,2.0,20.0,8,40.011656442674955,75.01010043408166,75.01059094097134,2,20.0,7.146370997702763,11.656442674956484,15.25121379339404,16.193314823374067,10,10
8,14,2.0,14.285714285714286,10,39.29682593753554,75.01104215716359,75.01409808242856,2,14.285714285714286,6.637874072702094,11.111651821261537,16.835166756952113,18.16507799104723,10,10
9,9,3.0,33.333333333333336,7,60.01136045316022,108.0157969775804,117.61793545731315,3,33.333333333333336,7.284935870340988,11.360453160218073,18.21988185598805,18.420038168267688,10,10
10,3,1.0,33.333333333333336,3,80.0159845112383,116.01998097626567,119.2202662196368,1,33.333333333333336,11.18610393508564,15.984511238308171,19.980976265681182,20.266219636799534,10,10
11,3,2.0,66.66666666666667,3,66.69037825321037,95.02061642570486,99.02006817497089,0,0.0,18.398402022307916,23.711586543699756,26.547761903998083,26.736949550426974,10,10
12,4,1.0,25.0,3,90.01810836514447,120.02777487284027,120.0290572451216,1,25.0,13.168466842079557,18.108365144470895,27.8313683295651,29.068544219472113,10,10
13,2,0.0,0.0,2,70.01731097724772,70.01961375889286,70.01981845059464,0,0.0,12.424200871426464,17.310977247724693,19.613758892858627,19.81845059464831,10,10
14,1,1.0,100.0,1,90.02048913107284,90.02048913107284,90.02048913107284,0,0.0,15.390626310263974,20.489131072832986,20.489131072832986,20.489131072832986,10,10
15,1,1.0,100.0,1,150.02005284513078,150.02005284513078,150.02005284513078,0,0.0,14.983405707250993,20.052845130774795,20.052845130774795,20.052845130774795,10,10
1,27,11.0,40.74074074074074,10,2.5662643472730817,5.716958155368692,6.016208562098158,11,40.74074074074074,6.538409538685884,10.70879171752631,16.763217510498137,22.21065546368888,11,10
2,21,9.0,42.857142857142854,10,4.963585200303349,10.016771988340599,11.615353449957524,9,42.857142857142854,6.9020881079800604,11.204247922396709,16.771988340599734,18.5059330575735,11,10
3,17,7.0,41.1764705882353,10,9.18710742992641,20.80705654134033,23.370086520183865,6,35.294117647058826,6.414314600258916,10.636841691115977,16.47521220141267,20.51139956599588,11,10
4,13,2.0,15.384615384615385,10,11.856946342422464,23.808639543494866,27.16750355671445,2,15.384615384615385,6.33998064072483,10.792496268616267,15.398829383732812,16.02745366784719,11,10
5,15,8.0,53.333333333333336,10,26.011939769678783,53.01219442066984,58.621739068187686,8,53.333333333333336,7.410822776280733,11.939769678777497,25.031200981689633,26.722346688818583,11,10
6,11,5.0,45.45454545454545,5,34.10432009967395,67.51126836822037,73.5072766329635,4,36.36363636363637,8.784048017014769,13.411008764862343,24.315375967908537,30.157602320656313,11,10
7,14,2.0,14.285714285714286,10,41.08198259897241,75.01204133373423,75.01656516053714,2,14.285714285714286,6.117398685767001,10.554027543838032,16.0517676101445,17.367247312318803,11,10
8,5,1.0,20.0,10,25.015411466989864,25.025066129988698,25.02621421537576,0,0.0,10.651235854521847,15.411466989861356,25.066129988700254,26.214215375760077,11,10
9,8,4.0,50.0,7,63.76409680803598,109.51366541868938,117.91233314085486,4,50.0,9.424159388498108,14.096808035978464,23.881100822083297,26.492326656897315,11,10
10,5,2.0,40.0,4,64.01791783432027,112.01820331369223,118.41902171776,1,20.0,12.990629168113992,17.91783432028017,21.061620881102087,21.428681301933764,11,10
11,7,5.0,71.42857142857143,3,100.01695447004072,185.00890780987797,197.00818306234882,3,42.857142857142854,12.091444149704044,16.954470040725063,26.10367269842149,26.596518299024726,11,10
12,4,3.0,75.0,3,105.02218905668708,171.01663113978333,178.21790301690933,1,25.0,16.977302998607158,22.189056687091536,33.44839600267653,34.1312922750336,11,10
13,6,0.0,0.0,5,93.3467295717261,140.01456053505962,140.0156295521698,0,0.0,8.77026164608595,13.396238392774729,17.648580779445734,17.858721048584872,11,10
14,2,1.0,50.0,1,135.02074201744392,175.51820902801413,179.11798387339815,0,0.0,15.626665408964197,20.742017443947447,23.27500687375301,23.500161489735728,11,10
15,0,,0.0,1,0.0,0.0,0.0,0,0.0,0.0,0.0,0.0,0.0,11,10
1,20,8.0,40.0,10,2.160285648875452,4.060990334672811,4.820990334672808,7,35.0,6.426927427387345,10.285648875452269,18.76208987944881,22.783007893591243,12,10
2,18,4.0,22.22222222222222,10,3.7896584294839957,8.310892250941206,9.68028789938077,4,22.22222222222222,7.355643238931815,11.88065170621794,19.118444153235124,21.93313802317912,12,10
3,12,2.0,16.666666666666668,9,5.6768408437329,9.807643457278353,11.570254772897586,1,8.333333333333334,6.385107200307775,10.174177066232648,19.057876749928333,21.725495571822663,12,10
4,12,4.0,33.333333333333336,9,13.431072959792077,24.17047073425121,27.246983235944413,3,25.0,10.335279982655717,14.40629312541045,24.03749388317571,24.03749388317571,12,10
5,21,6.0,28.571428571428573,10,19.536440051388038,40.008902453882584,40.01581463088035,6,28.571428571428573,8.0555624328908,12.630527578513314,17.542675129788428,18.757798824008713,12,10
6,8,1.0,12.5,6,22.512210274155734,39.76383934239638,43.96394253134833,1,12.5,7.6633062638376135,12.21027415573143,17.27080781432636,17.70743880691847,12,10
7,11,1.0,9.090909090909092,10,31.829613531662186,50.00937741613044,50.01116722730546,0,0.0,7.276024180828648,11.431713480364108,20.785678187585503,24.466532946553283,12,10
8,5,2.0,40.0,4,40.012997638089495,70.01103795037821,74.01049961121544,1,20.0,8.39821606722496,12.997638089496903,19.025664251764262,20.08486786369651,12,10
9,6,0.0,0.0,5,40.011600879612935,60.01429833616825,60.01627725790613,0,0.0,7.094509543001171,11.600879612936579,17.228446735818636,17.350168974543678,12,10
10,8,4.0,50.0,4,95.014196868846,186.0109491502614,197.20988181135687,3,37.5,9.517554154338223,14.196868846007174,20.434715377472564,21.141874799685368,12,10
11,6,1.0,16.666666666666668,5,83.34752335894747,137.5121538331973,147.5116831201297,1,16.666666666666668,9.511166818097072,14.190025614135818,18.65954698593479,19.288408267228046,12,10
12,6,3.0,50.0,5,120.01465203810811,225.0165129178353,237.01917029340348,2,33.333333333333336,9.942400071938637,14.652038108118324,22.98677973625811,23.827351053792192,12,10
13,3,0.0,0.0,5,93.34681097501847,133.01522995630086,138.61499213049902,0,0.0,8.846241856797665,13.477641685149608,17.60821431932297,17.846040121166535,12,10
14,2,1.0,50.0,2,135.0184450443303,175.51557081462127,179.11531532753602,0,0.0,13.482716484007746,18.44504433028733,21.319274039288672,21.574761124533236,12,10
15,1,1.0,100.0,1,150.0452678659528,150.0452678659528,150.0452678659528,0,0.0,38.5186035999325,45.267865952811235,45.267865952811235,45.267865952811235,12,10
1,16,1.0,6.25,10,1.5106497437586879,2.2647255891587594,2.8598142311223422,1,6.25,6.2067382930560715,10.649743758687745,17.747307952657415,19.130802557168185,13,10
2,16,3.0,18.75,10,3.5094321320596773,6.512664731220628,7.709791815621534,3,18.75,5.536933835406995,9.432132059677294,17.130680053041537,18.054105756741993,13,10
3,20,5.0,25.0,9,7.61045889804187,12.213486209743035,15.261997426002326,5,25.0,6.215282718530547,10.458898041869627,18.795431475070263,23.059270348739062,13,10
4,13,3.0,23.076923076923077,9,14.010390824090745,30.810129779137966,34.17295009641636,3,23.076923076923077,5.965067835342168,10.390824090745541,16.122404902372914,18.832885473793112,13,10
5,10,1.0,10.0,10,15.010924055980052,25.51737035256079,29.120690427637875,1,10.0,6.4627758533555095,10.92405598005136,19.371909228352777,21.090738971383903,13,10
6,14,4.0,28.571428571428573,6,27.869783784379226,50.2631205626407,58.059112342438624,4,28.571428571428573,8.065269266268446,12.640927236372551,19.295277856873653,20.19246408040194,13,10
7,3,1.0,33.333333333333336,3,33.35177053197234,47.51765327903113,49.51684261812464,0,0.0,13.475393472127735,18.437198639000755,25.759888096056212,26.570549002548965,13,10
8,6,2.0,33.333333333333336,4,41.68330470812076,68.76943842101505,73.76885169784686,2,33.333333333333336,11.796096013450182,16.638041454088597,21.10962128684536,21.532830574044574,13,10
9,9,3.0,33.333333333333336,5,46.68030593603117,78.01515425668697,87.61527895968834,1,11.11111111111111,9.411937497959858,13.639269364503857,21.17325914426508,21.19162337243879,13,10
10,8,1.0,12.5,6,65.01000431702187,106.01514065709314,117.21488852420222,1,12.5,6.537689910169647,10.004317021876679,15.78605001135174,15.811932531336854,13,10
11,3,0.0,0.0,5,66.68237879871401,95.01740806572327,99.01739200529805,0,0.0,10.931870626841693,15.712132047350963,17.568669975561768,17.58473040078982,13,10
12,5,0.0,0.0,5,72.01359623680662,108.01743507782913,117.6172241797461,0,0.0,8.956936179539024,13.596236806615426,18.228099803699255,18.437274556216646,13,10
13,2,1.0,50.0,2,70.01835509772116,70.0211261476206,70.02137246316722,0,0.0,13.3987621117181,18.355097721168626,21.12614762061783,21.372463167235537,13,10
14,6,4.0,66.66666666666667,2,195.020619713021,337.51599413683437,355.51572254851635,4,66.66666666666667,15.512508898148205,20.619713021000937,32.045371507606745,35.06258843258701,13,10
15,0,,0.0,1,0.0,0.0,0.0,0,0.0,0.0,0.0,0.0,0.0,13,10
1,15,2.0,13.333333333333334,10,1.5433416512039217,3.009269806727545,3.0108222477758955,2,13.333333333333334,5.608044152906485,10.008317870588572,15.621925740754744,18.757128540749818,14,10
2,14,1.0,7.142857142857143,10,2.7268185611289866,4.0179063666491635,4.018562823576677,0,0.0,7.9643891814217005,12.532846843272035,19.1932322221715,19.886012493829174,14,10
3,14,5.0,35.714285714285715,10,8.012799278825677,17.413139433123703,19.489378400128906,5,35.714285714285715,8.213071483731433,12.79927882567579,24.50973234676754,25.211343778389683,14,10
4,11,3.0,27.272727272727273,8,13.376364930230944,24.518366650960665,27.318052418563102,3,27.272727272727273,8.486481030983015,12.728566594580327,18.366650960668107,18.680883358234215,14,10
5,11,3.0,27.272727272727273,8,19.104857530504123,35.01166982897584,39.00625511657472,3,27.272727272727273,9.285675242742077,13.9484395950296,18.749899612403006,18.999243720531627,14,10
6,10,3.0,30.0,8,22.51255058256727,38.26482213814691,43.661412366480775,2,20.0,8.354295380606601,12.550582567268028,20.95330680144662,21.556663709156833,14,10
7,12,10.0,83.33333333333333,3,64.6034294587964,111.27329839250034,122.2706848877207,8,66.66666666666667,15.023802706817646,20.096125463061174,25.845134837548887,25.946063060252868,14,10
8,13,3.0,23.076923076923077,10,46.16296355752513,85.00820783911156,97.00852475797015,3,23.076923076923077,4.776482602629742,9.117403678974608,13.840313921699236,13.840313921699236,14,10
9,10,4.0,40.0,8,81.01223222879784,166.51464699640385,177.3160137238271,4,40.0,7.683798289210166,12.232228797830075,19.06317978144671,20.301794416066283,14,10
10,9,2.0,22.22222222222222,6,53.34756085154607,80.01952268349852,80.01992974592034,1,11.11111111111111,9.54616166239196,14.227518212735719,20.379473455144,20.56505315080574,14,10
11,4,1.0,25.0,3,75.01596721694908,100.01450978803676,100.01455245632849,0,0.0,11.16996179019836,15.967216949078011,25.216335941142894,26.720318887928872,14,10
12,3,2.0,66.66666666666667,3,80.02212001823735,114.02714782509673,118.82736358190542,1,33.333333333333336,16.912863885561972,22.120018237336538,27.147825096734714,27.363581905415224,14,10
13,3,2.0,66.66666666666667,2,93.35496926258317,133.02205177385548,138.62172693559384,1,33.333333333333336,16.461024872660218,21.635929249834593,25.300156471965035,25.624994733612464,14,10
14,0,,0.0,1,0.0,0.0,0.0,0,0.0,0.0,0.0,0.0,0.0,14,10
15,1,1.0,100.0,1,150.03688338524594,150.03688338524594,150.03688338524594,0,0.0,30.692696413251774,36.88338524594449,36.88338524594449,36.88338524594449,14,10
1,13,2.0,15.384615384615385,10,1.4711939956127003,2.4186324220755964,2.8969500960915378,2,15.384615384615385,5.565956656079853,9.655534074238718,17.931452915573242,19.61377889963215,15,10
2,21,8.0,38.095238095238095,10,4.393345133786128,8.009312777955941,9.608049330796792,7,33.333333333333336,7.83362822504402,12.392752833746076,19.398804596244783,20.085606439969336,15,10
3,19,3.0,15.789473684210526,10,7.167964087495752,16.413168976775793,19.287828705287257,3,15.789473684210526,5.861512003519548,10.069350653646215,18.757668434640408,18.978928942449937,15,10
4,14,5.0,35.714285714285715,8,12.51358357619621,23.461995464874025,27.096440544140176,4,28.571428571428573,8.94511901811507,13.583576196208787,22.43212068814679,23.78660819135437,15,10
5,15,6.0,40.0,8,24.013828883414632,53.019442149654516,58.61627502007229,6,40.0,9.174083886749651,13.828883414633799,21.494525717139243,22.15849811844567,15,10
6,3,0.0,0.0,8,15.008121525326578,15.010166785498225,15.010341408088129,0,0.0,3.8469495966431726,8.121525326576739,10.166785498224062,10.341408088128262,15,10
7,9,3.0,33.333333333333336,7,38.90447074433929,65.01392461411832,73.01395711706526,1,11.11111111111111,10.810273047695963,15.581855450398182,21.970543358837084,22.210595066407965,15,10
8,6,1.0,16.666666666666668,10,29.179279732853704,43.7608208678105,48.75729764632563,0,0.0,8.039264318097255,12.61306618703689,21.840556401789,23.594469983384613,15,10
9,5,0.0,0.0,8,36.01057032611575,54.00934252439415,58.80827000525209,0,0.0,6.132611447950955,10.570326115746294,14.548926713224573,14.673881426229523,15,10
10,2,2.0,100.0,2,40.033068749713884,40.03401114183,40.034094910018105,0,0.0,27.132191634407185,33.068749713882795,34.01114183000413,34.0949100181038,15,10
11,5,2.0,40.0,3,70.0198826812734,100.02467922893035,100.02726464431943,1,20.0,14.824578154194688,19.882681273402973,27.303574258086854,27.78951338497192,15,10
12,6,4.0,66.66666666666667,3,100.02205585378243,165.0251472433589,177.02488159757002,2,33.333333333333336,16.8529740621739,22.055853782436078,26.22520748305328,26.24701879392479,15,10
13,1,1.0,100.0,1,70.03367529734155,70.03367529734155,70.03367529734155,0,0.0,27.69833110140038,33.67529734154684,33.67529734154684,33.67529734154684,15,10
14,2,2.0,100.0,1,135.02990219151502,175.53489110262333,179.13533456138853,1,50.0,24.17658932200142,29.90219151501823,34.89110262335415,35.33456138853956,15,10
15,1,1.0,100.0,1,150.04563405563133,150.04563405563133,150.04563405563133,0,0.0,38.86039774758994,45.634055631323044,45.634055631323044,45.634055631323044,15,10
1,11,2.0,18.181818181818183,8,1.8294586301526727,3.513321743266805,3.911757395743884,2,18.181818181818183,6.792031264642972,11.276811970854531,16.333622231886263,16.876798867956314,16,10
2,23,9.0,39.130434782608695,10,4.185965997772542,8.012546033191912,9.58033314860957,7,30.434782608695652,7.841120977881168,12.052954294280957,22.262200386768438,23.470641018794442,16,10
3,14,4.0,28.571428571428573,10,8.581234100042641,21.415866243752234,23.494640846330334,4,28.571428571428573,5.952124742357297,9.805528614071335,15.534871504932802,16.45979868379866,16,10
4,9,2.0,22.22222222222222,7,11.678373176059278,21.007450042343205,21.008457503025483,2,22.22222222222222,7.193102274117525,11.706509392611103,15.644677425648313,15.783658014196169,16,10
5,11,3.0,27.272727272727273,8,19.1037721111876,35.016783073062506,39.017961423161566,3,27.272727272727273,8.272566485420812,12.863020278509344,18.658795216946555,18.98102284144034,16,10
6,5,1.0,20.0,4,24.01446269724355,42.015338103566066,44.41449483594593,1,20.0,9.765673082571624,14.462697243553475,18.89499336397152,19.42255200617546,16,10
7,12,4.0,33.333333333333336,7,52.09546465508739,100.01095020266506,100.01279873674517,4,33.333333333333336,7.589613665654465,12.131321754052417,21.338893318250435,24.57717597268627,16,10
8,8,2.0,25.0,6,40.63854239768146,66.26951148106886,73.26690805633612,2,25.0,8.906683813150277,13.542397681462248,22.554517034248317,24.955019908463637,16,10
9,5,1.0,20.0,4,54.014010927880484,84.01285037709104,88.81144780556467,1,20.0,9.344000562979822,14.010927880488373,19.01821606651641,19.69423099165087,16,10
10,8,6.0,75.0,2,100.02161003767087,160.02949560349884,160.03139825682638,5,62.5,16.436858188882063,21.610037670870845,31.96994284110624,32.011306458330736,16,10
11,3,1.0,33.333333333333336,3,66.6818280277793,95.0223275562177,99.02296510271793,1,33.333333333333336,10.417792013405103,15.16136111263968,22.327556217698152,22.965102717924484,16,10
12,4,2.0,50.0,3,75.02318210338481,111.02841017696947,118.22763183821469,1,25.0,17.90419299455977,23.182103384818692,32.95048637236993,33.72882512714972,16,10
13,4,4.0,100.0,1,175.02575685135446,269.5315010402444,277.9338031330777,3,75.0,20.307411433969207,25.756851354473717,33.74232589655319,34.25139020811612,16,10
14,2,1.0,50.0,2,90.0247796923629,90.03198662598295,90.03262724230474,0,0.0,19.395350706289882,24.77969236289595,31.986625982962543,32.62724230474624,16,10
15,0,,0.0,1,0.0,0.0,0.0,0,0.0,0.0,0.0,0.0,0.0,16,10
1,19,9.0,47.36842105263158,8,2.3808691521964565,4.119300091069446,4.83051649546442,9,47.36842105263158,8.081788828114071,12.448099564877795,20.54139111108636,20.69515580585644,17,10
2,18,5.0,27.77777777777778,10,4.009766847338103,8.006490889654186,8.006536385494693,5,27.77777777777778,5.797495956999693,9.766847338102101,20.06870176216411,20.93924066562051,17,10
3,13,3.0,23.076923076923077,10,6.166512879689687,9.618967669040755,11.529295437529111,2,15.384615384615385,8.089349172019535,12.666725843534259,26.711886820367422,26.96466693777829,17,10
4,14,4.0,28.571428571428573,7,12.513522813455925,23.471451016468038,27.1076150033435,4,28.571428571428573,9.155084307271355,13.522813455925393,22.399822097216322,23.706323122470074,17,10
5,8,2.0,25.0,6,15.012012274109878,26.51464120627698,29.312016791820497,2,25.0,7.478496967236319,12.012274109878549,18.623630073275088,20.311603598294184,17,10
6,11,7.0,63.63636363636363,4,64.10382634313869,127.51419478583813,133.51584471728998,7,63.63636363636363,8.323185507717097,12.917252229607106,18.649717090833054,18.76572185245764,17,10
7,5,0.0,0.0,4,35.014507985596225,50.015566618916324,50.01615437752814,0,0.0,9.807944328347197,14.507985596226982,18.20274140243448,18.58302624670436,17,10
8,3,0.0,0.0,6,25.00771464167647,25.0091123310536,25.009194574984615,0,0.0,3.4671725069374375,7.714641676465587,9.11233105359996,9.194574984615217,17,10
9,5,1.0,20.0,4,48.01192853962459,84.01232243750572,88.81265621498571,1,20.0,7.400340867521235,11.92853962459097,16.6200619537691,17.3182716894323,17,10
10,5,3.0,60.0,4,88.01553934514237,152.0119432271172,158.4126914162683,3,60.0,10.770594773426476,15.539345142371465,25.02880909394885,26.145446195228352,17,10
11,1,1.0,100.0,1,50.03286157449494,50.03286157449494,50.03286157449494,0,0.0,26.938818414106738,32.86157449493906,32.86157449493906,32.86157449493906,17,10
12,3,1.0,33.333333333333336,3,80.0189497060549,114.01919005343692,118.81881956093423,0,0.0,13.953757679704642,18.949706054896303,22.894978463708327,23.265470966388555,17,10
13,3,1.0,33.333333333333336,3,70.01600424044456,70.01993758259331,70.02002979262329,0,0.0,11.204518782990489,16.004240444558004,19.93758259331218,20.029792623282273,17,10
14,3,2.0,66.66666666666667,2,180.02371208793014,261.0289212084455,268.2302061652623,1,33.333333333333336,18.398870006419738,23.712087930141365,30.089005526604097,30.439724678543563,17,10
15,0,,0.0,1,0.0,0.0,0.0,0,0.0,0.0,0.0,0.0,0.0,17,10
1,13,2.0,15.384615384615385,10,1.625907343355719,3.015581096796871,3.015906250426694,2,15.384615384615385,6.088184288386208,10.52272797110365,15.58109679687115,15.906250426693749,18,10
2,12,5.0,41.666666666666664,10,3.6795847017998504,6.916485249149089,7.796204881939614,4,33.333333333333336,8.323916254312277,12.918035133183999,24.739277513575974,25.425465952189573,18,10
3,12,5.0,41.666666666666664,9,8.34636428093645,17.810480567594745,19.571796706483536,4,33.333333333333336,8.740433193273999,13.030947603116951,24.074475138551254,24.115079081435265,18,10
4,16,4.0,25.0,10,12.699451316335919,29.75841854534323,33.96441772534532,4,25.0,7.421600195929089,11.951316335919717,21.295020874617826,24.56840148395974,18,10
5,14,7.0,50.0,6,22.870261988390073,43.51455299240001,48.709001241735315,6,42.857142857142854,8.511615359247058,13.119131247216663,22.247511404053434,22.247511404053434,18,10
6,14,2.0,14.285714285714286,10,21.43924293048591,35.271949611626795,43.0731273911764,2,14.285714285714286,6.227046922029599,10.671501914483567,21.949611626800586,23.127391176412896,18,10
7,13,7.0,53.84615384615385,4,76.93832796606897,160.01300384884635,172.0186237515862,7,53.84615384615385,10.50149929225352,15.251042992041901,19.234501141350865,19.86988204520652,18,10
8,5,1.0,20.0,4,35.01812705947769,50.02968539020342,50.033075805893354,1,20.0,13.185915760126093,18.127059477693482,30.47987202133289,33.23470225694231,18,10
9,4,3.0,75.0,3,37.5191227074541,55.520379347484095,59.12010071296954,1,25.0,14.11523373775206,19.122707454098144,22.078062570079013,22.29801941712837,18,10
10,12,5.0,41.666666666666664,4,100.01359628455818,218.01718811576333,235.6184136581947,4,33.333333333333336,8.956980749894129,13.59628455817618,20.589019722758138,22.41646284479879,18,10
11,2,1.0,50.0,1,75.02723013367189,97.53751561315677,99.53842987799987,1,50.0,21.68254378610796,27.230133671892293,37.515613156774165,38.429877999874776,18,10
12,7,3.0,42.857142857142854,6,111.44176816707828,180.01386022708493,180.01494316833697,3,42.857142857142854,8.58405242864543,13.196738506840996,19.75942315025319,21.317886978918143,18,10
13,0,,0.0,3,0.0,0.0,0.0,0,0.0,0.0,0.0,0.0,0.0,18,10
14,2,1.0,50.0,2,90.02269772957635,90.02746737475967,90.02789134322042,0,0.0,17.4520881354478,22.697729576353836,27.467374759676943,27.891343220416775,18,10
15,1,1.0,100.0,1,150.0465876310153,150.0465876310153,150.0465876310153,0,0.0,39.75044600598135,46.587631015319936,46.587631015319936,46.587631015319936,18,10
1,16,3.0,18.75,10,1.7604105086541726,3.0177286125506546,3.019447059407488,3,18.75,6.216786031954223,10.410508654172649,17.728612550654315,19.447059407487494,19,10
2,20,7.0,35.0,10,3.812040356485741,8.006186921193935,8.012288939914228,7,35.0,7.691384511119438,12.040356485741395,20.343488725206736,20.40210625406856,19,10
3,12,1.0,8.333333333333334,9,6.345215227723794,9.819707846821299,11.584250966673299,1,8.333333333333334,7.35680313563707,11.881894390460824,19.707846821300308,24.250966673296247,19,10
4,9,0.0,0.0,10,9.340783132299297,14.006900867546406,14.006926308540585,0,0.0,3.634809185886005,7.44979896596448,15.256436422134474,15.95911939422218,19,10
5,17,4.0,23.529411764705884,10,17.0693506808505,30.00749758274642,30.014300574482903,3,17.647058823529413,6.311931904847314,10.52715143873775,17.120672494855082,20.01725659939634,19,10
6,6,1.0,16.666666666666668,10,22.508623851480337,41.258963694650774,44.258471802160656,1,16.666666666666668,4.938064196868788,8.62385148033892,12.547916451154935,12.747289472326905,19,10
7,7,2.0,28.571428571428573,5,46.440983232470344,75.01374122359039,75.01583256926439,2,28.571428571428573,7.851410109585207,12.411803898921121,16.631385139096878,16.726006666939195,19,10
8,15,9.0,60.0,4,73.35036496453232,157.52303867264968,171.5202512878633,8,53.333333333333336,12.163464836989863,17.031631198995758,25.731495928529114,26.274123931087242,19,10
9,3,3.0,100.0,3,60.025459132790665,87.02247879999412,89.4219221141202,2,66.66666666666667,20.029526860124665,25.45913279066288,28.452658432593314,28.683744547085233,19,10
10,10,0.0,0.0,8,52.01130539399717,80.01194233567887,80.01452154599964,0,0.0,6.818709158352685,11.30539399716448,17.241537441175005,18.599842877688552,19,10
11,8,2.0,25.0,6,93.75990300451909,150.0089678137301,150.0095512948148,2,25.0,5.5097467695368,9.90300451908329,13.49292006764958,13.635673855404034,19,10
12,1,0.0,0.0,6,60.01986323472293,60.01986323472293,60.01986323472293,0,0.0,14.806427131562739,19.863234722934486,19.863234722934486,19.863234722934486,19,10
13,3,1.0,33.333333333333336,3,70.0180759362862,70.02164149201525,70.02193942484726,0,0.0,13.138198392077067,18.075936286190466,21.64149201524929,21.939424847261993,19,10
14,1,1.0,100.0,1,90.05109220886617,90.05109220886617,90.05109220886617,0,0.0,43.954929194435266,51.092208866170914,51.092208866170914,51.092208866170914,19,10
15,0,,0.0,1,0.0,0.0,0.0,0,0.0,0.0,0.0,0.0,0.0,19,10
1,19,3.0,15.789473684210526,10,1.747470305131923,3.113880830932961,3.8343771856676394,3,15.789473684210526,6.383130722886171,10.628199868765131,17.582019861197452,17.86530192734242,20,10
2,25,11.0,44.0,10,4.491286455807773,9.606596998134291,11.532206856940544,10,40.0,7.099714252127016,11.286455807773743,19.87264559981297,23.919271110875002,20,10
3,11,2.0,18.181818181818183,8,6.1946032876169035,10.009529153480681,11.601905830696138,1,9.090909090909092,8.539253597285501,12.785105798721169,20.28937668425126,21.2742324625636,20,10
4,18,5.0,27.77777777777778,10,13.230150721965146,29.05989149910858,33.82266845001183,5,27.77777777777778,4.4964545369950795,7.928499742924028,15.622507109569977,24.325490799934002,20,10
5,18,6.0,33.333333333333336,10,21.12195248537279,41.515878439198666,48.30942963395309,6,33.333333333333336,6.385602385296643,10.841374261678462,17.326586913006462,17.442717972335668,20,10
6,10,0.0,0.0,8,21.01338856618527,30.012159356395973,30.01336896112107,0,0.0,8.763100560510361,13.388566185270028,17.37428039125514,17.63109739744132,20,10
7,10,4.0,40.0,5,45.01503834205673,88.75985950982954,97.76252615238381,2,20.0,10.302968478422931,15.038342056728718,24.242802131904295,24.319758392466643,20,10
8,8,2.0,25.0,6,43.76071978422394,91.26133395059354,98.26099287156062,2,25.0,6.738802702253663,10.719784223941431,16.942440069126175,17.396564425590658,20,10
9,5,2.0,40.0,4,48.01666742976954,84.01474640258091,88.81138003663055,2,40.0,11.823526481373303,16.667429769538234,28.616983534281516,30.985982573017875,20,10
10,12,5.0,41.666666666666664,8,86.68065983033972,178.0099076558892,195.60873137480286,4,33.333333333333336,9.327419805799549,13.99316367304673,18.37110635143581,19.699430490909755,20,10
11,2,0.0,0.0,6,50.01189749725152,50.013620453222984,50.013773604864895,0,0.0,7.371366535175618,11.897497251515087,13.620453222983613,13.773604864891926,20,10
12,7,3.0,42.857142857142854,6,111.4444997230174,180.0207192001668,180.02385763158534,2,28.571428571428573,11.133632301537599,15.928294445973844,24.178989820644542,24.54958951609421,20,10
13,3,1.0,33.333333333333336,3,93.35096269432643,133.02198705082145,138.62244680621177,1,33.333333333333336,12.721373913861257,17.629360993079615,21.987050821443702,22.446806211752232,20,10
14,2,1.0,50.0,1,135.04504167804657,175.56908998880868,179.171227616432,1,50.0,38.307484316252044,45.04167804658626,69.08998880868903,71.22761643198704,20,10
15,1,1.0,100.0,1,150.02730684879668,150.02730684879668,150.02730684879668,0,0.0,21.754148154637573,27.306848796687756,27.306848796687756,27.306848796687756,20,10
1,19,4.0,21.05263157894737,10,1.8543336746323795,4.113321251962352,4.833856928556039,4,21.05263157894737,7.68023527567989,12.228411474484645,17.559845118454565,23.232413919009502,21,10
2,18,6.0,33.333333333333336,10,4.234275160756477,8.009452416582846,8.013462838721859,6,33.333333333333336,7.516452330495152,12.052938534254476,19.78106359066863,24.55976713624705,21,10
3,17,6.0,35.294117647058826,8,8.010753827882453,16.011698057708916,16.013435149064442,5,29.41176470588235,6.7431260196167395,10.753827882452812,20.61750292765377,24.622094116146997,21,10
4,17,8.0,47.05882352941177,10,15.658070366925127,35.00614703784045,35.00990461948388,7,41.1764705882353,6.764053703419983,11.011543395716004,23.960701141531132,24.51258512362481,21,10
5,15,5.0,33.333333333333336,10,16.01515015912921,30.014231438511516,30.017195185657407,4,26.666666666666668,10.407336305329743,15.150159129209097,22.129541876572834,24.73530568435074,21,10
6,15,6.0,40.0,8,33.01213222070193,64.51291209396302,72.90867202711146,6,40.0,8.088255429534819,12.13222070193095,24.063814738369878,24.112947001398993,21,10
7,10,3.0,30.0,8,40.01530843268819,75.01937292062561,75.02078564509827,2,20.0,10.555065690841543,15.308432688186263,21.82829194991065,22.279578611819122,21,10
8,14,5.0,35.714285714285715,6,48.226614921978516,83.76757572738956,96.76731872004714,4,28.571428571428573,8.0409964768757,12.329207692799892,20.055312625675484,23.482260491220874,21,10
9,4,2.0,50.0,4,52.51655933385736,85.51600208056647,89.11413750595517,2,50.0,11.722631911328035,16.559333857359267,26.961357344570136,28.75985871951953,21,10
10,9,3.0,33.333333333333336,7,53.347135091513195,104.01116555052566,116.81013394267548,1,11.11111111111111,9.14876573322458,13.801758179859002,23.007781298277067,24.322001154973997,21,10
11,10,2.0,20.0,8,80.01251900772517,150.01002730833133,150.01184387417626,2,20.0,8.324824052287331,12.519007725169313,18.381198964159736,18.47428443248876,21,10
12,7,1.0,14.285714285714286,6,85.72700326150246,162.0094948254355,176.40920657825387,1,14.285714285714286,8.136784828898298,12.717547216754026,17.56464546661899,17.815179707311827,21,10
13,3,0.0,0.0,3,93.34681388602404,133.013209539623,138.61267056631766,0,0.0,8.84895893135816,13.480552690696719,18.59927267663575,19.138245981999358,21,10
14,2,2.0,100.0,2,135.03009334109134,175.52770286228255,179.12749037527732,1,50.0,24.355004526871674,30.093341091337287,32.483819900129035,32.696306905354966,21,10
15,1,0.0,0.0,1,150.017176122716,150.017176122716,150.017176122716,0,0.0,12.298330339194067,17.17612271598916,17.17612271598916,17.17612271598916,21,10
1,25,10.0,40.0,10,2.210923751315997,4.016118424875457,4.783112095060216,9,36.0,6.761173108307348,10.923751315997048,24.746808450265394,26.12300554147163,22,10
2,18,6.0,33.333333333333336,10,4.01132099051098,8.310018617219145,9.670672984951953,5,27.77777777777778,7.040684426774483,11.320990510979875,20.039376894998345,20.279581226067066,22,10
3,18,3.0,16.666666666666668,10,6.6780778625457025,12.609008665190185,15.327339633841838,2,11.11111111111111,6.917462526230088,11.41119587903645,19.209716745124144,20.43506544945015,22,10
4,22,6.0,27.272727272727273,10,14.01003511380977,28.010760026443197,33.53948708663459,6,27.272727272727273,5.8027604157074455,10.035113809769221,17.561537753828564,18.48017089105271,22,10
5,12,2.0,16.666666666666668,10,16.678391284516135,30.016620659891064,30.019066545527075,2,16.666666666666668,7.521131036746724,11.724617849469565,19.67801693607607,19.67801693607607,22,10
6,11,5.0,45.45454545454545,8,32.739170512741026,67.50856250597138,73.50808111405753,4,36.36363636363637,7.37163555097642,11.897785468297867,19.953315409315323,22.851819501638253,22,10
7,12,3.0,25.0,8,50.00989437592168,111.2595091383387,122.2574985304485,3,25.0,5.50169300869437,9.894375921683617,14.866806890367965,15.748336221226337,22,10
8,9,2.0,22.22222222222222,7,38.90238127750279,65.01139342656673,73.00787538809408,1,11.11111111111111,8.860006346182939,13.492388613900198,21.79929795574292,23.831057557234367,22,10
9,8,0.0,0.0,6,41.26062905635706,60.013325927175615,60.01481203211338,0,0.0,6.187429084687043,10.62905635706477,16.56248657143926,17.15648642161204,22,10
10,10,4.0,40.0,7,68.01485665323763,142.0169366199642,156.41591023301362,3,30.0,10.133383755784177,14.856653237627473,22.408163922074444,23.71162789095546,22,10
11,6,1.0,16.666666666666668,8,58.3451281587076,87.51788519075848,97.51661809189656,0,0.0,7.275534651227055,11.794825374261427,21.052937913270114,22.320036775186125,22,10
12,5,1.0,20.0,4,84.01379177676895,120.01912261286792,120.02124122830944,1,20.0,9.139449283224277,13.791776768960471,20.771103403971072,21.570926416645342,22,10
13,1,1.0,100.0,1,70.02694018556922,70.02694018556922,70.02694018556922,0,0.0,21.411912005825275,26.940185569222855,26.940185569222855,26.940185569222855,22,10
14,2,1.0,50.0,2,135.02516925483704,175.5377063074259,179.13882071210045,1,50.0,19.758960555568095,25.16925483704445,37.706307425899254,38.82071210046413,22,10
15,0,,0.0,1,0.0,0.0,0.0,0,0.0,0.0,0.0,0.0,0.0,22,10
1,19,7.0,36.8421052631579,10,2.2740837121336086,4.11854463876546,4.832700284877079,7,36.8421052631579,6.85742205922768,10.925817396766385,19.703182803694563,22.2003459905859,23,10
2,24,9.0,37.5,10,5.013104302671743,11.729795802969743,13.561055780009545,9,37.5,8.653338007389971,13.104302671743147,20.80255253919148,28.982727432968762,23,10
3,9,2.0,22.22222222222222,10,7.1222833807509165,14.412590427593933,15.691479221740401,2,22.22222222222222,6.694453536400584,11.172269639805599,14.79456091590606,14.85889283409121,23,10
4,10,3.0,30.0,10,14.01127417220917,24.861857080070507,27.379619141171506,3,30.0,6.789567363696155,11.274172209168192,15.667415383583448,15.92351414403621,23,10
5,17,6.0,35.294117647058826,10,20.011990456860747,40.01035527192007,40.01649276756428,5,29.41176470588235,7.458133181719629,11.99045686074556,19.26696813877998,21.72908762424868,23,10
6,11,4.0,36.36363636363637,8,28.64853223880674,52.51678986154901,58.51777968549007,4,36.36363636363637,7.963821652240526,12.168602443103083,19.592008433407035,20.843901999869097,23,10
7,13,5.0,38.46153846153846,10,44.24362281357358,85.01088111213741,97.01213933863392,5,38.46153846153846,8.263757735131808,12.853582804349742,22.59485684224746,24.828368677485667,23,10
8,11,3.0,27.272727272727273,7,52.286323210414714,112.5130051817373,122.51473411521134,3,27.272727272727273,8.956656987660327,13.59593768743798,18.620716801427946,19.771509409680466,23,10
9,9,0.0,0.0,6,40.01135787301103,60.01286021959328,60.013527210220765,0,0.0,6.867692023976566,11.357873011033881,17.329540373604747,18.483242663615346,23,10
10,6,0.0,0.0,5,60.01199441343132,80.01697723826402,80.01811568899824,0,0.0,7.461826165834931,11.994413431316474,17.218066836929236,18.163854712818996,23,10
11,6,1.0,16.666666666666668,5,83.34850409610733,137.51374540172313,147.51264685326373,1,16.666666666666668,10.42656733674801,15.17076277400749,19.20990734744364,19.568560387858742,23,10
12,3,1.0,33.333333333333336,4,60.014734037714106,60.020451251691206,60.02115484535342,0,0.0,10.018936869886831,14.734037714100637,20.4512516912127,21.154845353427593,23,10
13,1,1.0,100.0,1,70.02813716241435,70.02813716241435,70.02813716241435,0,0.0,22.529146336971312,28.13716241434645,28.13716241434645,28.13716241434645,23,10
14,4,1.0,25.0,3,112.51888244433138,166.528500863915,177.3302802602634,1,25.0,13.890976927516903,18.882444331376693,28.500863915054627,30.28026026343525,23,10
15,0,,0.0,1,0.0,0.0,0.0,0,0.0,0.0,0.0,0.0,0.0,23,10
1,31,15.0,48.38709677419355,10,2.7209464806993267,5.517303085452358,6.010728649679122,15,48.38709677419355,7.146105398547151,11.269061344488133,21.732417645639565,25.049798434709825,24,10
2,35,17.0,48.57142857142857,10,5.496557071538654,10.616741910723809,12.014362955713558,17,48.57142857142857,6.600263925712445,10.842785824367883,17.881809936901426,19.345734526770013,24,10
3,19,9.0,47.36842105263158,10,11.800299505213838,24.413991876360477,27.287633560297806,9,47.36842105263158,6.37108528391605,10.825821003309596,18.736690752709173,19.23916045985898,24,10
4,16,4.0,25.0,10,12.260805326553086,21.00847184168838,21.01180934179865,3,18.75,6.351956172539035,10.80532655308751,17.86482593758206,20.4984655007041,24,10
5,9,2.0,22.22222222222222,10,14.454737423541324,26.018765871012107,29.215954338814207,2,22.22222222222222,6.28857685468502,10.29297909687904,20.523078635797535,23.334610833700076,24,10
6,20,8.0,40.0,10,34.511243439968275,75.75920038542532,87.1587937400746,7,35.0,6.760882502546162,11.243439968272133,21.90984994041225,24.98552440619578,24,10
7,13,4.0,30.76923076923077,10,42.32026231501901,75.01179723271412,75.01533183851257,3,23.076923076923077,7.999074036031896,12.570007326697471,19.915427782200517,20.576207656865428,24,10
8,10,3.0,30.0,8,47.51267016054008,88.76519722316455,97.76260266046029,2,20.0,8.46590707720925,12.670160540083538,22.585222933223775,24.826441895680933,24,10
9,7,1.0,14.285714285714286,6,42.868166531629456,81.00862774909659,88.20869304437615,1,14.285714285714286,6.555757781946108,11.023674486603799,15.25785795009181,16.097116155319558,24,10
10,10,6.0,60.0,5,92.01453870430595,160.01571179424175,160.02102476575146,5,50.0,10.209968587658121,14.538704305953274,27.052553848739674,30.128619810822645,24,10
11,4,1.0,25.0,5,62.51632135196296,92.51788006235897,98.5174200015791,0,0.0,11.500504354147782,16.321351962964837,20.56375024159675,21.02381102147085,24,10
12,6,3.0,50.0,5,160.01149027300264,285.0062537315483,297.00648895387354,3,50.0,6.991271537342473,11.490273002608518,16.373668087838308,17.11550943162062,24,10
13,7,2.0,28.571428571428573,5,110.01487714711115,189.01923126682263,205.81758341754477,2,28.571428571428573,10.152512328870282,14.877147111138173,21.977682285825665,23.6255315637057,24,10
14,4,2.0,50.0,3,112.51811918342825,166.52777877277865,177.32854896741628,1,25.0,13.17856441255502,18.119183428258083,27.778772778676974,28.548967416301963,24,10
15,3,2.0,66.66666666666667,3,200.02227593401742,285.0161504772425,297.015213059723,0,0.0,17.058392567229262,22.275934017402502,26.5420491403112,26.66554929746611,24,10
1,23,9.0,39.130434782608695,10,2.0968786344338888,4.00674541577127,4.010718585886665,9,39.130434782608695,5.852235897171564,9.922112694758022,17.269951596910676,20.737532628731298,25,10
2,22,8.0,36.36363636363637,10,4.738762390644583,9.908053202547123,11.594350987441349,8,36.36363636363637,7.1604079873682105,11.489663371855485,17.93252390842519,18.615317616352403,25,10
3,14,3.0,21.428571428571427,10,7.153374724939532,13.412838004419532,15.490420093804444,3,21.428571428571427,6.350061238336752,10.517582082388813,16.529984110975807,17.933966568328845,25,10
4,21,6.0,28.571428571428573,10,14.010954867123868,28.013283198139735,33.60971238477394,6,28.571428571428573,6.669321040866557,10.954867123870413,15.384088822121084,20.44282011329173,25,10
5,12,3.0,25.0,9,16.679181981867416,30.010079101342328,30.01016992664958,2,16.666666666666668,8.259152185606938,12.5153152007504,20.93407625321103,22.29626444317431,25,10
6,20,8.0,40.0,10,34.512252447821126,60.76215592056065,72.16077177689355,8,40.0,7.702670322580988,12.252447821123159,19.62035548261998,21.2900734453915,25,10
7,13,3.0,23.076923076923077,10,42.32056417263304,85.01477089006373,97.00864395279423,3,23.076923076923077,8.280821916864834,12.871864940734206,22.9409499321044,26.618084504594744,25,10
8,12,4.0,33.333333333333336,8,54.17659187308459,111.26492903089483,122.26714269996927,4,33.333333333333336,5.841596269321225,9.925206417915932,16.351932088142128,17.427280207918333,25,10
9,13,4.0,30.76923076923077,10,53.089984694807804,102.01166109321248,116.4189253407429,3,23.076923076923077,8.745127400553233,13.061617884718713,22.994611148904973,24.53914100428969,25,10
10,7,1.0,14.285714285714286,5,51.44347524984734,80.01849564199067,80.01928046936477,0,0.0,10.177409462642775,14.903821275908113,26.899306789615302,29.44420870321054,25,10
11,3,2.0,66.66666666666667,3,100.01617139808752,145.01884447681002,149.01868946855615,2,66.66666666666667,11.360540395441278,16.171398087530605,20.39455934863513,20.549567602497714,25,10
12,5,2.0,40.0,5,84.01642581703621,120.01821352660465,120.02038961046928,1,20.0,11.598009971474635,16.42581703618722,28.279600584280136,29.74879441404949,25,10
13,7,5.0,71.42857142857143,5,130.01860513638272,259.01217123614697,275.81039829996223,3,42.857142857142854,13.632143215063298,18.605136382715163,24.3498282734975,25.179362963735677,25,10
14,7,1.0,14.285714285714286,6,141.4400192925288,243.01126873743857,264.61171698299495,1,14.285714285714286,6.9516877797564804,11.447863957386271,17.596191328992578,18.275493767728175,25,10
15,3,1.0,33.333333333333336,3,150.01960547963074,150.02182252823056,150.02210994120506,0,0.0,14.565843665652102,19.605479630751443,21.822528230563957,22.109941205070484,25,10
1,36,21.0,58.333333333333336,10,2.871921198833588,6.002109535470053,6.00947226796147,19,52.77777777777778,6.563817946425066,10.81008772247684,22.803673678766106,28.771330599894277,26,10
2,21,7.0,33.333333333333336,10,4.487482031406227,10.005785472593915,10.006044832880166,7,33.333333333333336,6.805792315591919,11.291555215750664,18.497555799571014,24.008908468950384,26,10
3,18,5.0,27.77777777777778,10,7.123251787927505,12.61595383233884,15.330436677142528,4,22.22222222222222,7.5983454943945805,12.14067681639353,18.200166344145423,22.866391971855887,26,10
4,19,6.0,31.57894736842105,10,13.643315972087153,28.012272886998026,28.01354400090914,6,31.57894736842105,7.418085738647119,11.737024718731586,19.9911254952287,21.36422744791325,26,10
5,20,7.0,35.0,9,20.012228729592543,40.008181101730074,40.01651795920709,7,35.0,7.680532200733177,12.228729592540642,18.941402229345275,24.097677754905224,26,10
6,19,5.0,26.31578947368421,10,27.643036434123097,46.51920442714582,57.30813820369219,5,26.31578947368421,7.157170574273927,11.457486754680689,20.127427068122397,20.618607514049806,26,10
7,13,3.0,23.076923076923077,10,44.24057741469529,85.00827874958964,97.00712752880912,3,23.076923076923077,5.421243117803808,9.808183926052816,12.998984704077884,13.291160526950813,26,10
8,14,3.0,21.428571428571427,10,46.44134238098775,108.75803740967876,121.75715276176813,3,21.428571428571427,8.186632177798462,12.770952416326692,18.531378411581798,19.33901907491523,26,10
9,11,2.0,18.181818181818183,10,49.1015228240544,90.0131815555899,90.01517302922953,2,18.181818181818183,6.173126704231108,10.613733145309952,14.646770647227353,15.466072240989714,26,10
10,7,1.0,14.285714285714286,5,62.87266441623459,108.02593793142292,117.6280600515951,1,14.285714285714286,10.753993628245567,15.521559091737219,25.937931422957103,28.060051595121088,26,10
11,13,9.0,69.23076923076923,3,173.0971869249267,370.023523218758,394.0257734026421,7,53.84615384615385,15.180351583432437,20.263848003636703,26.89655844619885,27.37094451460743,26,10
12,13,4.0,30.76923076923077,10,106.16536788627732,204.01299334864447,232.80999397118904,3,23.076923076923077,7.307829008555236,11.52173243115392,20.715662188276294,22.402841867502243,26,10
13,6,1.0,16.666666666666668,5,93.3488296735141,140.01711143869986,140.01759178623618,0,0.0,10.730454799379565,15.496340180781422,20.80900769928577,21.63491025369409,26,10
14,7,3.0,42.857142857142854,6,218.58272364279023,423.00860228463284,444.6084709704307,3,42.857142857142854,6.80907421607372,11.295071361625528,15.444035514772882,15.58218718300443,26,10
15,1,1.0,100.0,1,150.0405838840555,150.0405838840555,150.0405838840555,0,0.0,34.14666825009578,40.58388405550968,40.58388405550968,40.58388405550968,26,10
1,44,26.0,59.09090909090909,10,3.079707589094818,6.01538675052241,7.584692074498436,26,59.09090909090909,7.109257313028342,11.525770912999745,19.581451006075007,23.177203616522398,27,10
2,43,26.0,60.46511627906977,10,6.429210740334159,12.011538114925893,15.17485228156977,25,58.13953488372093,6.252818024295894,10.606089171367003,16.985925658593075,20.798028250274015,27,10
3,31,17.0,54.83870967741935,10,12.655341159513158,28.01118681929843,30.811489907428104,17,54.83870967741935,6.009039011973289,10.179869190578902,18.047725797802492,22.802377309749307,27,10
4,24,12.0,50.0,10,20.42775528030041,47.9580560229001,54.4023871308218,11,45.833333333333336,6.616370687630366,11.088613633743412,19.190357662815412,24.095341661882333,27,10
5,21,8.0,38.095238095238095,10,24.77138817038501,60.014538177741166,68.01453817774117,8,38.095238095238095,5.295890869505398,9.483408480250782,14.538177741168315,14.538177741168315,27,10
6,26,10.0,38.46153846153846,10,32.319295914683195,60.01198461108749,60.01734756083413,9,34.61538461538461,7.09705522322139,11.60360699088563,21.54659646906189,24.175189669436218,27,10
7,22,8.0,36.36363636363637,10,57.96615363508811,123.76102129854749,144.76117712258906,8,36.36363636363637,7.101324085296998,11.608180542661728,18.695305587302084,19.58181204974586,27,10
8,18,5.0,27.77777777777778,10,43.067672555185446,75.01557951242921,75.0169547400807,4,22.22222222222222,7.576245680401576,12.116999629885994,18.1971494209723,22.27081375852794,27,10
9,16,5.0,31.25,10,67.50895407968198,157.50710968841122,175.5066328314814,5,31.25,5.09072927378603,8.954079681980533,12.481556584895715,13.718556150341241,27,10
10,12,4.0,33.333333333333336,9,73.34567303724357,138.01537630586688,155.61297722429694,4,33.333333333333336,8.095240107013604,12.339703910224586,21.230487596238063,24.555494828283795,27,10
11,12,3.0,25.0,9,83.34527503163656,150.01075811505564,150.01113304306963,2,16.666666666666668,7.412622915897502,11.941698303220187,17.825612301418655,21.536232549186074,27,10
12,9,2.0,22.22222222222222,10,100.01112033593378,180.01388812338368,180.01454172076032,2,22.22222222222222,6.6459796502584165,11.12033593378905,15.010390231780557,15.173200966340449,27,10
13,5,2.0,40.0,4,126.01517981460943,196.0182663832376,207.2172975913444,2,40.0,10.435016139539233,15.1798146094445,22.027334492732344,22.89374106148124,27,10
14,2,1.0,50.0,2,135.02512752603207,175.5477422994609,179.14975250154347,1,50.0,21.58677186010167,25.1275260320744,47.742299460941354,49.75250154350731,27,10
15,2,2.0,100.0,1,225.0298307840778,292.534189497923,298.53457693915374,1,50.0,24.109939043285685,29.83078407781396,34.1894979230819,34.576939153772386,27,10
1,103,83.0,80.58252427184466,10,6.340847389151263,13.017904924284647,15.014567405364026,83,80.58252427184466,6.40934044820407,10.75030177262105,19.27047470492079,20.720518156080953,28,10
2,88,69.0,78.4090909090909,10,13.351967855674763,31.30901695004278,34.27488171727635,69,78.4090909090909,6.630936715875464,11.058764765673404,20.072498920606794,23.36216936141528,28,10
3,91,71.0,78.02197802197803,10,23.879174771150236,52.00679714018137,56.011036837762575,71,78.02197802197803,6.737816091756634,11.042903018372307,20.16301147716607,22.239538839189017,28,10
4,69,49.0,71.01449275362319,10,35.41751202553745,88.21179247267443,107.24890734452669,49,71.01449275362319,7.255065372795718,11.714924088172413,20.58069449885269,25.123978241492292,28,10
5,62,45.0,72.58064516129032,10,43.075029426100144,89.51401888427938,103.90604574996493,45,72.58064516129032,6.260035878332481,10.513297067894394,20.290889587724852,24.34551395249647,28,10
6,66,49.0,74.24242424242425,10,76.8295994802712,191.26307455249483,230.26106436547147,48,72.72727272727273,6.923497958085067,11.417662089373293,19.450076670144057,25.46033988523693,28,10
7,37,22.0,59.45945945945946,10,73.66081147934491,150.01386298310186,166.01520027382324,21,56.75675675675676,7.719929437837689,12.162830696288363,20.82137212434417,24.81128331019461,28,10
8,47,29.0,61.702127659574465,10,90.43682530664017,200.01052055662123,213.51102474812768,29,61.702127659574465,6.966379700183847,11.293391746540411,19.518800676957156,22.680997966405265,28,10
9,26,8.0,30.76923076923077,10,62.319120940265535,120.0134990094343,142.51003171049155,8,30.76923076923077,6.933737589064336,11.428632573221762,18.64083161233099,18.750898731234578,28,10
10,42,27.0,64.28571428571429,9,160.96301459583515,398.008923441693,463.60910553201785,27,64.28571428571429,6.369497269650669,10.63364345417265,17.44872281379781,22.431614693244082,28,10
11,31,17.0,54.83870967741935,9,151.62509590716743,325.0091541702949,385.0072906769839,17,54.83870967741935,7.646885499848903,12.192681360983023,20.001922328638315,24.23497535576382,28,10
12,22,9.0,40.90909090909091,10,139.10318446996718,297.01072826567895,347.40925244127425,8,36.36363636363637,7.7240738821434896,12.275379058094058,22.49263543488708,24.40673198218057,28,10
13,17,12.0,70.58823529411765,4,271.7775935624178,574.0126188536481,618.8140972938462,11,64.70588235294117,8.51520227847373,12.887680064878667,20.88347385064126,22.655154003927997,28,10
14,12,11.0,91.66666666666667,2,315.02722048089544,540.0274743487006,540.0354934556618,10,83.33333333333333,21.673534076895923,27.22048089538207,44.772945862921766,51.88599902453263,28,10
15,4,2.0,50.0,3,262.51446154999456,427.51435261212333,445.51331450062327,2,50.0,9.764602263248648,14.46154999458414,20.84814745323686,21.534351022990382,28,10
1,29,13.0,44.827586206896555,10,2.4591688123634174,5.0080036691498355,5.010869831292429,13,44.827586206896555,6.5624845049437175,10.892950294452351,18.66056246977721,24.06760032840436,29,10
2,33,17.0,51.515151515151516,10,5.10302110634608,10.01095173389286,11.370526454830944,16,48.484848484848484,7.571593534088697,12.112015436989832,23.045336264329,29.77821308002693,29,10
3,27,15.0,55.55555555555556,10,12.010564172711259,26.8113298199372,30.96715541133835,14,51.851851851851855,6.265146511686619,10.564172711257552,17.275340627561626,20.604327539170097,29,10
4,22,9.0,40.90909090909091,10,16.554499354477123,34.656194996473005,35.010601793509814,9,40.90909090909091,4.708724197183585,9.044809022580232,12.367890726442209,14.410343172508806,29,10
5,33,19.0,57.57575757575758,10,33.04152499978038,84.00717277062812,96.80789261730902,19,57.57575757575758,6.853979352379169,11.22196947734965,21.723421131211268,29.135752095373956,29,10
6,23,6.0,26.08695652173913,10,33.923169426751016,88.50764875851785,101.7147309922678,6,26.08695652173913,5.717838228783687,10.125948490139928,16.70806175074888,16.950328813678592,29,10
7,21,7.0,33.333333333333336,10,60.72690765247154,150.01370646986257,170.01170243019413,7,33.333333333333336,8.047545264937256,12.621938185817141,21.762039719966882,24.21423909016628,29,10
8,20,8.0,40.0,10,58.760290360509316,126.26083988478038,145.26089016478747,8,40.0,6.0579731446536975,10.290360509323794,16.019419462457197,16.589721953494657,29,10
9,19,7.0,36.8421052631579,10,67.90589449134846,150.00630527467692,150.0078753592911,7,36.8421052631579,6.680807149606442,11.157649243209448,16.829371342002524,21.471654884515157,29,10
10,13,3.0,23.076923076923077,10,73.85752551141302,136.00987959281562,155.20825097103227,3,23.076923076923077,6.880565433500591,11.37166525916704,17.95009764950149,19.075103196534695,29,10
11,7,2.0,28.571428571428573,5,92.87173515037206,150.0176590411812,150.01853936140233,2,28.571428571428573,9.886635392696073,14.592293229207716,19.35522077367872,19.360700675585946,29,10
12,10,0.0,0.0,10,72.01167033969662,120.01360581244876,120.01495257032187,0,0.0,7.159342200759684,11.670339696628385,15.790335161241144,16.105754823348857,29,10
13,3,1.0,33.333333333333336,3,70.0197447179639,70.03036673234995,70.0314381770275,0,0.0,14.695805950752051,19.74471796389899,30.366732349942602,31.43817702749833,29,10
14,2,2.0,100.0,2,90.03827328231591,90.04970470371978,90.0507208300668,0,0.0,31.989998637313924,38.27328231591446,49.704703719784156,50.7208300667948,29,10
15,1,0.0,0.0,3,150.01790680064315,150.01790680064315,150.01790680064315,0,0.0,12.980330553792085,17.906800643157545,17.906800643157545,17.906800643157545,29,10
1,38,21.0,55.26315789473684,10,3.5895100072307704,8.012162398733166,8.642071338330128,21,55.26315789473684,6.223686803368065,10.562638809717706,20.747909845354283,24.650556119148227,30,10
2,40,22.0,55.0,10,7.2610147639477045,18.011741872836257,19.232333258873112,22,55.0,6.640778869498854,11.014763947705008,18.590321997033985,20.80711058354694,30,10
3,34,18.0,52.94117647058823,10,12.952378125335176,33.41408317705618,38.69146038210781,17,50.0,6.721881009745842,11.20165474693961,18.25765648739443,20.07498797722503,30,10
4,32,16.0,50.0,10,19.48050228460336,38.16349237116623,46.84783369479672,16,50.0,7.235827943516342,11.752284603358818,19.42128586252179,23.957694507890682,30,10
5,30,15.0,50.0,10,27.345669560628753,50.01578453406311,57.115096093619435,15,50.0,7.780868414137426,12.336227295416517,19.092376493587118,23.640375698897078,30,10
6,31,12.0,38.70967741935484,10,33.880464135658876,60.01405495857459,70.5050649426228,12,38.70967741935484,5.61196890881547,9.49639372338895,17.95271466917817,19.115864291616067,30,10
7,18,7.0,38.888888888888886,10,51.400319610997386,100.0085686882953,100.010899607076,7,38.888888888888886,7.143105712911364,11.430722108493415,19.130838356780927,24.30377812083055,30,10
8,15,6.0,40.0,10,56.677207971980415,132.50902576331833,146.50913164164558,5,33.333333333333336,6.603326713603195,10.541305313745548,22.590418891003534,24.238528673519287,30,10
9,16,4.0,25.0,10,56.26114522619815,127.51593340059925,145.52221727003754,4,25.0,6.669211726947619,11.145226198155154,17.885199608665733,22.607629839434633,30,10
10,15,3.0,20.0,10,66.67882539058047,120.0133070450191,120.01335155919395,3,20.0,7.615190295423627,12.15872391379323,17.36468502975124,20.066059106375572,30,10
11,13,5.0,38.46153846153846,5,96.16930536541275,170.02189484065423,194.028471842428,4,30.76923076923077,10.982993558477858,15.459211566586454,27.04284492496139,29.50144328218574,30,10
12,6,4.0,66.66666666666667,5,130.01365756229367,225.00909554878717,237.00915050644844,2,33.333333333333336,9.014176166912277,13.657562293660446,22.24965534595761,22.394229321923802,30,10
13,8,3.0,37.5,3,140.01359653896847,255.5210641063939,275.1216295270146,3,37.5,9.423908246258815,13.596538968481266,21.20152635683711,21.65701100721855,30,10
14,9,4.0,44.44444444444444,7,220.00799183543853,414.00675227317794,442.8065603023519,4,44.44444444444444,4.140735226464329,7.991835438560268,12.163373829234686,12.619324168824702,30,10
15,2,2.0,100.0,2,150.0331621524318,150.03916260888462,150.03969598279153,0,0.0,27.21937186976878,33.162152431800706,39.1626088846087,39.69598279152497,30,10
1,47,29.0,61.702127659574465,10,3.563683628843057,7.712166588800619,8.549347617997547,29,61.702127659574465,6.297943406724072,10.492139481353735,19.74464947465268,23.205155938349918,31,10
2,37,19.0,51.351351351351354,10,5.632742927067787,12.009770860550606,12.018842148122394,19,51.351351351351354,6.848696480753316,11.121305446165989,18.83612734102181,21.405573643912543,31,10
3,34,18.0,52.94117647058823,10,13.422260474884617,32.01084909119178,34.690672412888624,18,52.94117647058823,6.063021324171966,10.495769002264746,17.53141950519701,21.061602530435866,31,10
4,22,8.0,36.36363636363637,10,14.328832297792086,27.663054187968076,33.53976497222009,7,31.818181818181817,6.37713058947219,10.650479610264075,22.178603556550616,25.266596127859383,31,10
5,36,20.0,55.55555555555556,10,28.900142571763322,60.0087208778078,60.01704889636113,20,55.55555555555556,6.977860820280205,11.25368287443091,20.20906840157351,23.555017719945933,31,10
6,21,6.0,28.571428571428573,10,27.868951923061452,45.025067871831716,57.01099496495446,5,23.80952380952381,7.288826491489454,11.80906591859455,21.520446407141684,24.35838674680104,31,10
7,22,7.0,31.818181818181817,10,47.73827075239064,75.02416735010077,94.7603803149898,7,31.818181818181817,6.7015226396259555,10.998025117908766,24.286546484948033,24.98023553207667,31,10
8,11,3.0,27.272727272727273,10,52.28143417818921,112.50772746191691,122.50700033241391,3,27.272727272727273,4.393331748190527,8.706905461933058,13.412042626742288,14.504437452827784,31,10
9,17,10.0,58.8235294117647,10,82.95154258940875,186.01115022303745,205.2109052565233,8,47.05882352941177,6.381246108363653,10.366118820522182,23.68620243320644,24.037424540366302,31,10
10,14,3.0,21.428571428571427,10,68.58152630167699,120.00902990691576,120.00910646285949,3,21.428571428571427,5.69149988435199,10.097730248411452,18.669565889628462,18.76969161221672,31,10
11,11,4.0,36.36363636363637,8,104.55734502666796,225.01107345428375,245.00822477605956,3,27.272727272727273,7.704228839484699,11.89048121341397,22.212329216438263,24.037302759675253,31,10
12,7,2.0,28.571428571428573,5,111.43900850406649,180.00963338679747,180.01100678183798,2,28.571428571428573,6.008237974337409,10.437075495072746,15.1362718491879,15.537767522512864,31,10
13,8,4.0,50.0,6,201.25819433228702,395.5042651974632,415.1008530394926,4,50.0,5.314976267017951,8.1943322870109,17.64343142904002,18.35673900837752,31,10
14,4,1.0,25.0,7,157.5133646707138,256.51057708251193,267.3093560138628,1,25.0,8.740797003684033,13.364670713800201,18.747167236489656,19.13048846885289,31,10
15,4,3.0,75.0,2,262.5249500145376,427.53203778298933,445.53289408695343,2,50.0,19.554326029569793,24.95001453757965,32.36950484840974,32.96043132527064,31,10
1,54,39.0,72.22222222222223,10,4.659283886450884,10.360572864907837,11.480097941322176,36,66.66666666666667,6.660355914460807,11.13573830273701,20.14193546912997,21.54683357639107,32,10
2,40,23.0,57.5,10,6.810083762858935,14.113558188597299,17.22224062188031,22,55.0,5.958477022301572,10.083762858933913,18.101965302584034,22.366781219397293,32,10
3,29,14.0,48.275862068965516,10,9.805270689963448,18.4121125830136,22.900476769490684,14,48.275862068965516,7.623140615718923,12.167241687584717,21.9302241746684,23.72776429997375,32,10
4,36,24.0,66.66666666666667,10,25.677832504008705,49.00939277686544,53.56517582780949,23,63.888888888888886,6.792158654497134,11.16583734203857,17.604980214101104,19.735493430590804,32,10
5,26,11.0,42.30769230769231,10,32.70176265355289,87.50948743814072,97.51128823174119,11,42.30769230769231,5.235149041122654,9.454961245195086,15.896797206047182,16.728347968310533,32,10
6,23,10.0,43.47826086956522,10,33.27104412327998,60.01496284495662,71.70964350081469,9,39.130434782608695,6.087863372190851,10.17455806258315,19.599407992579234,23.163224012803816,32,10
7,32,14.0,43.75,10,60.94815949210704,125.00874138938929,125.00947408208341,14,43.75,6.332509715835494,10.659492107040762,17.43759192736423,20.96586599093949,32,10
8,24,10.0,41.666666666666664,10,57.3012797652874,121.2523853650039,144.25525028352936,9,37.5,5.705844416783223,9.613098620735544,17.973176484639236,22.534821196442486,32,10
9,11,1.0,9.090909090909092,10,46.375658814918,75.01400659516293,87.01170535763245,1,9.090909090909092,7.487996136520564,12.02245128163578,17.83893255945096,18.603564946181223,32,10
10,11,3.0,27.272727272727273,8,65.46751089545916,120.01299499890439,120.0153890308482,3,27.272727272727273,8.707574799479312,12.965440913703441,20.49380688429275,21.3151185025719,32,10
11,13,3.0,23.076923076923077,8,88.47355003677097,170.00985513441253,194.00927864004927,3,23.076923076923077,7.47784464904063,12.011575232522095,21.031482287120433,25.407285835444107,32,10
12,14,2.0,14.285714285714286,10,90.01329097646355,141.01607326403465,172.21270761944086,1,7.142857142857143,8.672012259252147,13.290976463554367,22.48984141151741,26.527862800477347,32,10
13,8,5.0,62.5,6,148.76524346412805,255.51175094745236,275.1105088870043,4,50.0,10.494425331647678,15.243464128044923,21.73856279316159,22.164198953272866,32,10
14,6,2.0,33.333333333333336,5,120.01250020125087,180.01825764958414,180.02130846917578,1,16.666666666666668,8.556171815917956,12.500201250869745,21.99610109770872,22.05615947848067,32,10
15,0,,0.0,1,0.0,0.0,0.0,0,0.0,0.0,0.0,0.0,0.0,32,10
1,52,35.0,67.3076923076923,10,4.663321688015165,11.003809877429457,12.007119063219145,34,65.38461538461539,5.469746798890578,9.475534169010446,17.914226322023406,22.698761963263745,33,10
2,57,38.0,66.66666666666667,10,7.764616892011538,16.41325569112982,18.895487223277254,37,64.91228070175438,6.077824593356809,10.230927099256794,20.94172374855288,24.491581462360934,33,10
3,39,21.0,53.84615384615385,10,11.394491146989932,24.407796538006995,30.493389279133602,20,51.282051282051285,5.867244651577102,9.875762374548572,21.877114117129086,26.093439074577955,33,10
4,60,41.0,68.33333333333333,10,28.828110706832888,63.00810670799509,70.00653486346567,40,66.66666666666667,7.01034406726977,11.44404016621762,20.65200368792706,23.172267548517752,33,10
5,34,17.0,50.0,10,25.59841574328477,50.0075229296263,56.71416569961762,17,50.0,6.207945754327148,10.180449167119539,24.54558879854974,24.647811615014998,33,10
6,29,14.0,48.275862068965516,10,44.492860319046,114.01010324604252,130.80836690481652,13,44.827586206896555,5.695203637205016,10.10169835633791,16.74971808934034,23.418452586654464,33,10
7,32,19.0,59.375,10,68.76185799658336,136.25941861806908,167.25833416753005,17,53.125,7.334497398773884,11.857996583354174,23.421836063815974,25.031334865405704,33,10
8,21,10.0,47.61904761904762,10,58.34412391422919,100.01181756336422,120.00712956340618,10,47.61904761904762,6.338192869973024,10.790580895865318,16.883142076038133,19.969750515632953,33,10
9,25,12.0,48.0,10,69.61142628626108,150.01887103372013,172.82106661121907,10,40.0,7.230229210384447,11.426286261082646,21.27590927183912,22.12630818137579,33,10
10,19,7.0,36.8421052631579,8,103.16876352619983,244.01671494697638,272.80903276417683,7,36.8421052631579,6.41119108955035,10.868789357719223,19.220499728706336,19.336954490740982,33,10
11,22,7.0,31.818181818181817,10,102.28102307352924,197.50786973869077,200.00917783111427,7,31.818181818181817,4.3490257864486885,8.295800801962196,13.45123344000559,23.113383325879035,33,10
12,8,3.0,37.5,10,105.00895917765143,180.0091300253811,180.01012573783655,2,25.0,5.095487616871258,8.959177651435454,19.176174696352042,22.967593848458705,33,10
13,8,3.0,37.5,6,96.26623999273869,140.0147461804502,140.01669501692294,0,0.0,11.424565275728302,16.23999273869637,25.997506232587305,26.008797175147862,33,10
14,6,1.0,16.666666666666668,5,150.01464124668584,247.51787497681863,265.517731889154,1,16.666666666666668,9.93232757346916,14.641246685849604,18.232695980224932,18.375783644854945,33,10
15,6,6.0,100.0,1,525.0378585176754,862.5205153962111,892.5184821676132,5,83.33333333333333,31.602865588246644,37.85851767541124,51.320324636024,52.71136889167525,33,10
1,53,35.0,66.0377358490566,10,4.971540345784951,12.405602779928051,14.489519681342408,35,66.0377358490566,5.276914003259901,9.276194841554853,17.473854989267444,20.70088809623232,34,10
2,50,32.0,64.0,10,6.890500772301883,14.017349165486669,16.011223278102374,30,60.0,6.217032115472412,10.500772301882916,23.213357388767108,23.80721207775381,34,10
3,29,14.0,48.275862068965516,10,11.044615233872875,22.409972376440983,24.006587938351924,14,48.275862068965516,5.8526722569776615,10.13247525218529,16.939088708075438,22.195813039131153,34,10
4,41,22.0,53.65853658536585,10,21.351613294193175,49.00711221847687,53.20960614291168,22,53.65853658536585,6.104420892395247,10.149879559029056,16.75038459239815,24.032948378783512,34,10
5,37,19.0,51.351351351351354,10,28.92843874725237,60.00555426329412,66.41036491916988,19,51.351351351351354,5.454815615124106,9.519828333448494,17.628608948741597,18.78199742420098,34,10
6,23,8.0,34.78260869565217,10,32.618892613268656,73.51432432417093,86.70708897089555,7,30.434782608695652,6.108773915915984,10.196961094749422,17.324370223745944,22.24841805943353,34,10
7,28,14.0,50.0,10,71.44001551264508,166.26208115391526,193.26243900036584,14,50.0,6.948159711605335,11.444084073643706,19.335873758751045,23.035753039897212,34,10
8,22,8.0,36.36363636363637,10,53.418542270464066,100.01088351501939,119.76015437042138,8,36.36363636363637,5.088192058501394,9.451361373151185,14.906252821767024,18.39459249906476,34,10
9,14,6.0,42.857142857142854,10,68.58105641431256,160.50488863258283,176.10495596137804,5,35.714285714285715,5.252916383391381,9.627842883990255,19.878106892423954,22.941708434351835,34,10
10,16,7.0,43.75,10,110.01048945012573,250.00999322326422,274.01205411959796,7,43.75,6.057123410753806,10.489450125732516,18.072980833299923,19.515933064016615,34,10
11,21,7.0,33.333333333333336,10,104.77198213985245,200.0125805162254,200.0167689571595,7,33.333333333333336,6.028076812379556,10.077377947693416,17.816067393049423,18.361258118266697,34,10
12,6,1.0,16.666666666666668,5,80.01428050457473,120.01794013544381,120.02037009023499,1,16.666666666666668,9.595618076636482,14.280504574721936,20.725628835087047,20.927188913241398,34,10
13,5,1.0,20.0,4,84.01796976467696,126.01696276985552,137.2149660770877,0,0.0,13.039099928062589,17.96976467697133,24.930689988223754,26.543124953423526,34,10
14,4,2.0,50.0,3,112.51954469596876,166.51452550816504,177.31295225412774,0,0.0,14.509109406998569,19.54469596877439,24.863633584323942,25.508239460256693,34,10
15,0,,0.0,1,0.0,0.0,0.0,0,0.0,0.0,0.0,0.0,0.0,34,10
1,56,37.0,66.07142857142857,10,4.6176632982269155,13.26278349519027,15.461541225831503,36,64.28571428571429,6.2193897635558715,10.520441084058847,19.48153546705575,21.41472946497149,35,10
2,52,34.0,65.38461538461539,10,8.625345715160854,20.007480130589165,22.994538177741173,34,65.38461538461539,5.779367125413082,9.96109977623831,16.40181679037113,18.87900613950635,35,10
3,40,21.0,52.5,10,13.610875524239779,32.213493997635624,38.45138769996189,21,52.5,6.510815301207552,10.875524239778423,18.225789863658363,20.03471350795162,35,10
4,34,20.0,58.8235294117647,10,23.275328710859256,49.00919388194578,53.70139078645377,20,58.8235294117647,6.291425552880813,10.622828506309151,19.12336141327604,22.976436205129637,35,10
5,31,15.0,48.38709677419355,10,29.365192959852582,65.01195164694666,77.0104088833518,15,48.38709677419355,5.9309304714690745,10.354250175166223,16.5219323336042,19.239745133721854,35,10
6,21,8.0,38.095238095238095,10,33.582169462425455,60.008437304531256,60.011650577112704,8,38.095238095238095,6.291813308597806,10.740890996883984,15.917520345845356,17.854385462751008,35,10
7,20,6.0,30.0,10,50.00988940394332,101.25740699378773,120.26348502080326,6,30.0,5.683728277122006,9.88940394331649,15.700025631647595,16.363616802748847,35,10
8,23,8.0,34.78260869565217,10,58.706468436654085,147.50906356282763,169.5079351933685,8,34.78260869565217,6.362163792415756,10.816262741043467,21.565272359278378,24.65344146292968,35,10
9,10,2.0,20.0,8,45.012403694502154,76.51365118081591,87.30884340846282,2,20.0,7.843840960258939,12.403694502147099,19.09540847098149,20.616192556322282,35,10
10,22,5.0,22.727272727272727,10,74.55492666253174,120.01341206625982,151.6117251095969,5,22.727272727272727,5.107565018988886,9.472117077195147,14.012959328477969,14.1080645608186,35,10
11,14,4.0,28.571428571428573,10,89.29719180073438,167.51150581317592,193.50874477466303,3,21.428571428571427,7.246043510644659,11.477515020086551,18.896926371157576,21.888834466763612,35,10
12,13,5.0,38.46153846153846,5,138.4723596719244,264.0116876963903,292.81571111839503,5,38.46153846153846,6.653975693161385,10.821210385943488,17.988044151786152,19.156235351937678,35,10
13,11,8.0,72.72727272727273,4,267.2847473370691,525.0153065731158,553.0118080600118,7,63.63636363636363,7.485768214473878,12.020064341825321,19.90176647903066,20.07940806562021,35,10
14,5,3.0,60.0,3,126.02141393955071,180.02403943348742,180.0258945029321,1,20.0,16.253824111819995,21.413939550714506,26.35380595724578,26.357377426068126,35,10
15,2,1.0,50.0,2,225.0314659746354,292.54342173097706,298.54448446487413,1,50.0,25.636193319903814,31.46597463538371,43.42173097706888,44.484464874107566,35,10
1,56,37.0,66.07142857142857,10,3.9925154251102866,8.259111402102354,10.462218171029436,37,66.07142857142857,6.281377958585995,10.372567967429303,18.28721229776322,23.871760159911677,36,10
2,59,41.0,69.49152542372882,10,8.009933589517427,16.211677872175645,18.848108618735928,40,67.79661016949153,5.601574202149812,9.933589517427542,17.825570187589015,22.78211366242626,36,10
3,46,29.0,63.04347826086956,10,13.489215324738419,31.006075101604523,38.20933650916661,27,58.69565217391305,6.491149854376992,10.954455173201278,21.204734230451574,23.857756100265632,36,10
4,49,32.0,65.3061224489796,10,26.44039909057901,60.21410750905594,73.6526829149171,31,63.265306122448976,7.382378001730354,11.827662007582305,23.83738913210797,25.748507686961702,36,10
5,37,21.0,56.75675675675676,10,33.52449782861271,72.00721154834542,80.01313230416268,21,56.75675675675676,6.519020514185119,10.984315099197667,16.040080527574066,18.526385610500686,36,10
6,30,14.0,46.666666666666664,10,42.00926499760612,90.01049826503241,100.6604142001691,14,46.666666666666664,4.914243832637948,9.264997606120062,15.234557313092845,15.882390093521805,36,10
7,35,18.0,51.42857142857143,10,68.58280092014067,150.014308607833,166.52101000936452,17,48.57142857142857,7.09454737078147,11.37234871210034,21.062461738985213,24.30381805853314,36,10
8,21,5.0,23.80952380952381,10,45.24824796387298,75.02378823739713,95.01420606043109,5,23.80952380952381,6.276191655181121,10.152725777734306,20.059207561743595,23.04243143005021,36,10
9,19,9.0,47.36842105263158,8,66.32973707965976,123.01762982221314,144.60820072364322,8,42.10526315789474,9.284897158929837,13.947605975545434,24.582866194565568,25.22597054794929,36,10
10,26,11.0,42.30769230769231,10,92.31828004610058,160.0201451423654,190.01156181622002,11,42.30769230769231,6.579654536182998,10.587738408287688,20.542599618013817,24.76778316013196,36,10
11,14,4.0,28.571428571428573,10,82.15352699765876,150.00903900621435,150.01185495373764,3,21.428571428571427,6.4921895596088826,10.6698548015994,20.899405638573153,21.822714169967007,36,10
12,15,6.0,40.0,10,132.01349802627863,258.0120785148142,291.6111378907942,5,33.333333333333336,8.86526843004404,13.498026278589908,20.959129814183207,24.501223271872817,36,10
13,5,2.0,40.0,4,126.01882638250336,196.0215513128747,207.22278872180874,1,20.0,13.83864993457642,18.826382503362105,24.090791407702635,24.289334880793227,36,10
14,3,2.0,66.66666666666667,3,120.01865223523082,171.02420147758983,178.22443513243437,1,33.333333333333336,13.676104341186802,18.652235230815737,24.20147758981857,24.435132434351313,36,10
15,7,6.0,85.71428571428571,2,342.8780683387699,555.013186052568,591.0106236918956,5,71.42857142857143,15.79790722092251,20.925481626990273,32.92077210266121,33.876836072635214,36,10
1,44,27.0,61.36363636363637,10,3.76100945280746,9.011784292450141,10.580924336306808,26,59.09090909090909,6.712189017296216,11.009452807460296,18.892761152011015,22.440074427907806,37,10
2,64,46.0,71.875,10,9.292888760639295,20.010568864415983,22.751930699598354,44,68.75,7.304875701095742,11.638760639295226,22.234846166832224,24.107295324274762,37,10
3,51,36.0,70.58823529411765,10,18.364078221411543,46.008439139513996,54.00874561730183,36,70.58823529411765,6.881194344462223,11.137044940952862,20.397700573228935,24.662936754916885,37,10
4,36,20.0,55.55555555555556,10,21.789079936846008,43.76025089457484,49.01814152489672,19,52.77777777777778,6.919398636791689,11.30215906822853,22.464622318539078,24.011484353004402,37,10
5,32,18.0,56.25,10,25.948747288079762,50.00983921554533,56.91127771654087,17,53.125,6.764474253116701,11.247288079761857,20.737109520241173,23.076243560252642,37,10
6,32,16.0,50.0,10,43.13730333973317,111.75970102043448,130.3599142513486,14,43.75,7.866844327708864,12.303339733169658,23.7019751004693,24.99567649986215,37,10
7,40,23.0,57.5,10,85.63679081192512,176.27180566395202,200.0173658134145,23,57.5,7.365126584761219,11.790811925122465,24.34672489200109,25.03839844487904,37,10
8,20,7.0,35.0,10,68.76078456441212,176.2672287413119,195.26616769495013,7,35.0,6.519253217896898,10.784564412118874,17.63988114724963,22.82816028317493,37,10
9,21,7.0,33.333333333333336,10,54.296835776433376,90.01669511525625,114.01058674820868,5,23.80952380952381,7.002630863740925,11.121490719097741,20.257597700381243,23.27787824310306,37,10
10,21,10.0,47.61904761904762,10,104.77416662995297,240.0084663942877,272.00893360671176,10,47.61904761904762,7.88924965475065,12.26186804822001,24.650556119148227,26.552400797534453,37,10
11,23,6.0,26.08695652173913,10,95.66218382581408,150.0148977977744,189.01268489893044,6,26.08695652173913,5.609532800802901,10.00991277061346,14.865564370106334,14.94025998237887,37,10
12,14,5.0,35.714285714285715,10,120.01014164257019,261.0098857895926,292.2091440108658,4,28.571428571428573,5.732486770308623,10.14164257018327,20.293537664661667,22.164488149046978,37,10
13,5,0.0,0.0,4,98.01461891499964,140.01614766528044,140.01748238697053,0,0.0,9.911483622637672,14.618914999639609,17.72984978047635,17.798823870534807,37,10
14,7,2.0,28.571428571428573,6,167.15602074782558,270.0162200750207,270.01898084700355,2,28.571428571428573,8.553126244244465,13.163604968420271,19.36494294727596,19.60982058885135,37,10
15,2,0.0,0.0,2,150.01667458568468,150.01697879229275,150.01700583288013,0,0.0,11.830205669946213,16.67458568467896,16.978792292744338,17.005832880127926,37,10
1,51,33.0,64.70588235294117,10,3.931502485472938,8.013722558873827,9.512596047832867,33,64.70588235294117,5.758163654132188,9.93385802195681,14.543515020633352,16.972932919672274,38,10
2,45,28.0,62.22222222222222,10,7.209091229735596,15.610329990066466,19.130405303107878,28,62.22222222222222,5.166887952073987,9.091229735596661,16.644969549914833,25.71210001019068,38,10
3,39,24.0,61.53846153846154,10,13.344173133150015,24.412937753799092,28.008859535849698,24,61.53846153846154,6.5755954081142844,10.839799816677264,19.48310151154115,21.09874871923005,38,10
4,40,24.0,60.0,10,25.210208858161117,63.36219300760831,74.2810391325008,23,57.5,5.981900477200938,10.208858161115128,22.63222577014331,23.41499171861197,38,10
5,27,14.0,51.851851851851855,10,28.15870892970909,60.00846948676484,67.41006450621038,13,48.148148148148145,6.12370275071897,10.560781560938382,17.65591266994085,21.29764444502326,38,10
6,29,14.0,48.275862068965516,10,35.70205575817862,69.02443940985299,85.8127728703751,13,44.827586206896555,7.840939326807222,12.40058576483218,24.439409853016613,26.011619910788003,38,10
7,37,19.0,51.351351351351354,10,68.92895329663477,130.01832168357575,166.01066633549186,18,48.648648648648646,5.935085753552866,10.034377715863046,22.44942271800907,25.94969307532591,38,10
8,23,9.0,39.130434782608695,10,54.35904595088244,122.50798771259282,125.01105193446098,8,34.78260869565217,6.90120406312684,11.219863925908392,19.95944478032561,24.70208919399824,38,10
9,17,5.0,29.41176470588235,10,56.48101729623355,126.02039271961738,145.2084486861782,5,29.41176470588235,6.000757347832826,10.42906093942996,23.616071769535527,24.023398407632122,38,10
10,24,9.0,37.5,10,85.01129855572198,160.0141555764993,190.81213438909347,8,33.333333333333336,6.967889793530351,11.298555721973509,19.683036877895756,21.229924320706203,38,10
11,15,6.0,40.0,10,100.00910116265118,200.00194597214585,200.00557845348476,6,40.0,5.010224902888171,9.10116265116946,17.242391266881338,22.74866230710128,38,10
12,15,3.0,20.0,10,104.00906853920507,198.00808750308136,231.60161750061624,3,20.0,4.979774828488406,9.068539205064447,13.815885531556049,14.585206033790534,38,10
13,9,4.0,44.44444444444444,7,171.1229890178414,322.020237766245,344.4233477373027,4,44.44444444444444,7.767916719663396,11.877906730306657,20.339923477443566,23.36816874921373,38,10
14,9,2.0,22.22222222222222,6,150.01531369647492,324.014894466364,352.81376479881044,2,22.22222222222222,10.559978804484878,15.31369647493591,18.913508854183963,19.03196556888782,38,10
15,1,1.0,100.0,1,150.02369287226276,150.02369287226276,150.02369287226276,0,0.0,18.380934485448527,23.692872262747983,23.692872262747983,23.692872262747983,38,10
1,65,47.0,72.3076923076923,10,4.733485932885528,10.809072804320396,12.008883980025857,47,72.3076923076923,6.154358342507033,10.409009808604,20.22264590281244,21.954065978920653,39,10
2,79,59.0,74.68354430379746,10,11.326926385502585,26.208993141883415,32.45235068179177,59,74.68354430379746,6.323170932162951,10.470689300051431,20.420903469499148,24.2408017985945,39,10
3,52,36.0,69.23076923076923,10,17.0874364455942,36.00988914960207,41.97252308372664,36,69.23076923076923,6.223045438124036,10.51336867112757,17.885717183026106,26.41778310199316,39,10
4,38,23.0,60.526315789473685,10,23.77469752356175,57.05992036690044,67.42433449697488,23,60.526315789473685,7.233840345510504,11.539628824909562,19.45846822584187,22.096205554177757,39,10
5,35,21.0,60.0,10,32.868147917780604,73.0116964244004,80.01261792988186,20,57.142857142857146,6.645055994371756,11.005060637749201,19.26835378776441,24.446597694336134,39,10
6,33,16.0,48.484848484848484,10,39.556617898053766,81.01149911600115,90.0116646910954,15,45.45454545454545,6.686130548434407,11.163352599217044,19.722850775035027,24.017392412746858,39,10
7,36,21.0,58.333333333333336,10,84.03782005496058,175.01218253014343,191.2644693615513,21,58.333333333333336,5.74344999472542,10.0422771827838,16.941942681142546,17.536573916445715,39,10
8,27,13.0,48.148148148148145,10,69.45393681675526,150.00950833685252,168.50944322309806,13,48.148148148148145,5.541306436886703,9.492372310804994,14.489337254029829,16.179116765750155,39,10
9,10,1.0,10.0,8,39.01484080957596,60.0198853979557,60.02428647690018,1,10.0,10.118595597753059,14.840809575960614,22.389832663812452,24.78736384179867,39,10
10,15,4.0,26.666666666666668,10,69.34477168926698,132.0095358825093,154.40825843159487,3,20.0,6.942813179884293,11.43835593363458,20.185858079846586,23.337355669694333,39,10
11,23,9.0,39.130434782608695,10,128.27149923074833,295.0167918558147,339.0139404015639,9,39.130434782608695,6.512651612732427,10.629665530939842,16.908895217510977,16.99865472984244,39,10
12,13,3.0,23.076923076923077,10,92.3175921831647,180.01056324974007,180.01156106289966,3,23.076923076923077,5.506826179722002,9.89987547239634,16.216164428658082,21.502942315578593,39,10
13,9,2.0,22.22222222222222,7,124.45716545173822,210.01149868199448,210.01274371459758,2,22.22222222222222,8.140014395821437,12.721007293766526,19.72380659163552,19.81247115473136,39,10
14,2,2.0,100.0,2,135.02791168523083,175.52641839298258,179.12628565589384,1,50.0,22.318690427684924,27.91168523081161,29.404977479063657,29.53771456779717,39,10
15,1,1.0,100.0,1,150.03579196118696,150.03579196118696,150.03579196118696,0,0.0,29.67398294898496,35.79196118695393,35.79196118695393,35.79196118695393,39,10
1,44,28.0,63.63636363636363,10,3.533525416267665,7.019837996519459,8.575117675959726,28,63.63636363636363,6.430104425258036,10.798143540391179,17.695301648987865,22.893521578878595,40,10
2,54,36.0,66.66666666666667,10,7.268833515787292,14.708318136272942,16.94671119300033,35,64.81481481481481,5.6177355332723025,9.574256528034011,17.99959138969738,19.697515821963766,40,10
3,49,31.0,63.265306122448976,10,16.17394004377166,34.41356779523198,42.09165150934507,31,63.265306122448976,6.534844257956023,10.674737649211496,18.408263777531996,22.484513185485213,40,10
4,35,18.0,51.42857142857143,10,24.009583500386263,65.10922252220875,74.62679421431085,17,48.57142857142857,5.531544003670712,9.583500386260548,22.46402973111562,23.81967246024478,40,10
5,41,23.0,56.09756097560975,10,29.035200712935577,60.017695301648985,66.01471514448959,22,53.65853658536585,6.4478175311415455,10.81046903313651,21.741362336055975,23.846818515242187,40,10
6,33,19.0,57.57575757575758,10,41.82907418906605,90.00577401255069,100.20894961116302,18,54.54545454545455,6.43320161641035,10.89237088423154,21.83294299523995,26.21688090420412,40,10
7,25,13.0,52.0,10,81.01057341452415,175.00724087844287,194.00798921273633,13,52.0,6.135494106788237,10.573414524135138,15.917893447625591,24.795827497164094,40,10
8,35,22.0,62.857142857142854,10,88.58150142404477,200.00672434713692,216.50960559781515,20,57.142857142857146,5.988295622152326,10.07285261618567,22.216940374119723,23.51560638114205,40,10
9,19,8.0,42.10526315789474,8,74.22030210182562,153.00958511785188,174.60579167567,7,36.8421052631579,5.980506774981064,9.77578603613868,17.481561478021323,19.718670674173794,40,10
10,26,14.0,53.84615384615385,10,92.32035659794138,190.01022686934712,230.00936764590205,12,46.15384615384615,8.087075836688161,12.664290249069435,21.707502936084385,26.0799018448091,40,10
11,21,6.0,28.571428571428573,10,97.6275466757052,200.00858639161325,240.01250154702987,6,28.571428571428573,4.910476536462913,8.499056657567138,17.012593026973825,19.852853605938996,40,10
12,14,4.0,28.571428571428573,10,128.58274423046166,321.0118968088709,352.2157651998351,4,28.571428571428573,6.828290338309044,11.315659033099204,17.871230150489374,19.563358546496186,40,10
13,8,2.0,25.0,6,113.76277329127025,185.5146745586581,205.10913365610875,2,25.0,8.188815217429813,12.773291270242897,23.37841729889581,26.70557797795303,40,10
14,5,2.0,40.0,2,162.02284349743275,252.02078660483906,266.42096513890067,1,20.0,17.588144947427274,22.84349743276558,40.68169968963201,44.61608514434,40,10
15,6,1.0,16.666666666666668,5,200.01096616101904,300.0105926724855,300.0134173851483,0,0.0,7.7465826172070065,10.966161019048556,26.994313972116952,30.42651414762609,40,10
1,61,42.0,68.85245901639344,10,4.699038351448543,12.012046549094135,14.410573958631012,42,68.85245901639344,6.263430713337814,10.513761284607039,20.51291244162461,25.707518146482077,41,10
2,52,33.0,63.46153846153846,10,9.624431795631844,26.903761847987706,30.98936044207751,33,63.46153846153846,4.998131318615044,9.047180247228525,15.673348212780656,18.88112993214348,41,10
3,51,35.0,68.62745098039215,10,16.403494462516917,38.01137515466557,42.00902387698203,34,66.66666666666667,6.921975666524275,11.337599771821065,24.009486203219268,26.425855201427694,41,10
4,55,36.0,65.45454545454545,10,28.264968378084184,63.00360786192224,70.00889769328029,36,65.45454545454545,6.198675381007117,10.42292353873307,18.142090831933828,23.319007746769273,41,10
5,43,26.0,60.46511627906977,10,36.75545813963095,89.00876016355568,95.81095719195991,25,58.13953488372093,6.787626782673663,11.272093119325307,19.590275872195456,22.25897820853831,41,10
6,33,16.0,48.484848484848484,10,37.73781939339233,75.00318281509746,85.20802332230167,15,45.45454545454545,6.336801635393572,10.546666119601115,18.893596518301056,24.751961618441182,41,10
7,22,8.0,36.36363636363637,10,67.05680348909097,173.75676349096602,194.75716258721482,8,36.36363636363637,6.85935752369046,11.348943636434454,18.681549219819402,18.88674514256809,41,10
8,20,6.0,30.0,10,46.260828381692264,76.26090821993263,95.25218164398649,5,25.0,6.560151393888708,10.828381692258997,17.88407290012595,20.74099896653217,41,10
9,21,6.0,28.571428571428573,10,58.58034401035368,120.00642978772953,120.01118373046499,6,28.571428571428573,4.587972726578574,8.915438925099826,12.079700220889308,12.313712963267717,41,10
10,21,9.0,42.857142857142854,10,93.34422763344776,200.0092930841834,232.00731345686722,8,38.095238095238095,6.61278900135476,10.8943001144107,17.695301648987865,20.755417455510923,41,10
11,16,5.0,31.25,10,84.38543100029014,162.51551607095593,192.51028591729255,3,18.75,6.469257533983335,10.431000290132697,21.20042312127651,21.45644174996865,41,10
12,12,1.0,8.333333333333334,9,80.0137967844049,120.01679283061219,120.0185413935993,0,0.0,9.144123310822673,13.796784404917211,21.142900719055298,23.259170061512553,41,10
13,8,0.0,0.0,6,87.51242747945466,140.01380615788958,140.0165476858606,0,0.0,7.8660413608865,12.427479454652449,17.74913241366142,17.97143714733969,41,10
14,7,1.0,14.285714285714286,5,141.44375859031794,243.01956999895617,264.6197127311945,1,14.285714285714286,10.44187381087188,15.187161746538136,19.569998956258477,19.712731194568086,41,10
15,2,0.0,0.0,5,150.0191816203514,150.01961056331828,150.019648691582,0,0.0,14.17022186192725,19.1816203513835,19.610563318304614,19.648691582030935,41,10
1,53,35.0,66.0377358490566,10,3.463889832950506,7.012490277711324,7.502116234735811,35,66.0377358490566,6.730218819749267,11.059644271260757,23.151073069022193,26.422839940583803,42,10
2,47,27.0,57.4468085106383,10,6.648466870189286,14.007062106606815,15.092843185755154,27,57.4468085106383,5.916892845582494,10.168997848860222,17.011192269764862,17.943765590252383,42,10
3,41,26.0,63.41463414634146,10,13.571455475287005,28.006117892393505,30.40723562441249,26,63.41463414634146,6.048177340968644,10.479865530908338,19.061579747563783,24.305628630339683,42,10
4,44,26.0,59.09090909090909,10,28.80387475437276,63.00914400084513,73.99849505762998,26,59.09090909090909,4.719704043500584,8.420208918215279,17.480194833414377,19.013464616341466,42,10
5,32,17.0,53.125,10,32.511853409013575,84.51080956207426,96.91262851038191,17,53.125,7.563560470000057,11.853409013573154,23.73985613884578,25.81790919569524,42,10
6,32,17.0,53.125,10,39.85609108817716,81.76120763357574,90.0151408899431,16,50.0,7.785405464279125,12.341088177161181,20.462701628696838,24.43744745686311,42,10
7,36,19.0,52.77777777777778,10,73.62128986357745,156.26391531530044,191.25939654498822,19,52.77777777777778,5.767124407760266,10.178752466329119,15.894976880406274,20.41778019325365,42,10
8,19,10.0,52.63157894736842,10,61.85398635983265,127.50902122385317,145.50701409248694,8,42.10526315789474,7.356058563697382,11.881096674756526,20.838012656586926,21.533604880184892,42,10
9,19,7.0,36.8421052631579,10,66.3284575823933,153.0119448262129,174.61268891728056,6,31.57894736842105,8.090639911169742,12.668108709091483,22.531983989279297,23.536986715557347,42,10
10,20,7.0,35.0,10,90.00927727912696,200.0070967380369,200.0193332678292,7,35.0,5.299059187310154,9.277279126970003,17.93093138983408,21.5001064998038,42,10
11,13,4.0,30.76923076923077,10,96.16369790898726,220.0088332735489,244.00176665470974,3,23.076923076923077,6.036299356747593,9.851755141097547,17.763070036479537,21.412206982313723,42,10
12,14,2.0,14.285714285714286,9,94.29774195176637,180.00777544673358,180.01037715277565,2,14.285714285714286,7.492863499304898,12.0276660520624,18.056904437605063,18.592931134365614,42,10
13,11,5.0,45.45454545454545,8,146.37599721997188,245.01622780044278,273.01667085768497,4,36.36363636363637,7.8038566692964215,12.36085633550955,18.761864101001912,19.79973886959526,42,10
14,2,0.0,0.0,5,135.0117306692494,175.51635473057095,179.116765758244,0,0.0,7.215652602923967,11.730669249392044,16.354730570941634,16.765758243968264,42,10
15,4,3.0,75.0,3,225.02233729276756,300.0237814339857,300.0241447987939,2,50.0,17.115663601737097,22.337292767568933,24.27984769169733,24.286088778154635,42,10
1,81,61.0,75.30864197530865,10,5.059943718023096,11.006053324055072,13.202574988009491,61,75.30864197530865,6.4004655373023605,10.561001973712763,20.85999474345337,25.460285913564512,43,10
2,51,33.0,64.70588235294117,10,8.12790042511715,19.004011900571633,21.011637628453997,32,62.745098039215684,6.276005146945206,10.253366293621934,19.199975894801042,22.7295845161755,43,10
3,44,29.0,65.9090909090909,10,13.919779736572382,31.406432559814526,34.292266980032494,28,63.63636363636363,6.412923728171913,10.688827481470215,20.385290779283547,25.846574804769666,43,10
4,44,26.0,59.09090909090909,10,22.12376655149464,47.95892707811457,53.00309007277118,26,59.09090909090909,5.891500637730675,10.130187858276104,18.825776489654427,20.301043529289295,43,10
5,46,31.0,67.3913043478261,10,42.83683900953048,107.51223024472694,125.51080839621322,30,65.21739130434783,6.545722160973232,10.752053008742756,23.422300852538214,24.54607048435766,43,10
6,37,24.0,64.86486486486487,10,67.30761983864814,168.01208375066966,189.6116369993448,24,64.86486486486487,6.103145993767546,10.32254135083321,18.850057737377554,22.602401684649145,43,10
7,34,21.0,61.76470588235294,10,80.15858316638884,183.76854179681428,200.01588474033375,20,58.8235294117647,7.352499922554639,11.524342859406861,23.7902137161553,25.506799093385737,43,10
8,25,11.0,44.0,10,56.01102028170054,120.01067511284703,125.01572970190392,9,36.0,6.552591023052726,11.020281700539323,21.597311018334675,23.275976491291768,43,10
9,28,12.0,42.857142857142854,10,87.86825178910405,229.51102165224063,261.90885395786825,12,42.857142857142854,6.635335409531165,11.10893196120313,17.615058428701627,17.909026761058918,43,10
10,14,1.0,7.142857142857143,10,60.011819036705255,94.01321257364935,114.80678331831697,1,7.142857142857143,7.2981330250276155,11.819036705244221,16.315624372695627,17.295090511458092,43,10
11,10,3.0,30.0,8,105.00921888177217,227.51073336515904,245.51212713950588,3,30.0,5.244552260215492,9.218881772169578,15.84480880283604,18.050120176836558,43,10
12,12,2.0,16.666666666666668,9,85.01269481194872,147.0155168592819,173.4137502802894,1,8.333333333333334,8.115564182823766,12.694811948707146,21.928996737296124,24.24763049363213,43,10
13,9,2.0,22.22222222222222,8,108.90168261818944,182.01037359035334,204.41051609478777,1,11.11111111111111,8.622727254113363,12.793729300541107,21.947260267564648,23.07399251932963,43,10
14,6,1.0,16.666666666666668,5,135.0115125053268,180.0154819648261,180.01588642403257,0,0.0,7.634276125479443,11.512505326826497,19.797635897818154,20.813661781463157,43,10
15,0,,0.0,3,0.0,0.0,0.0,0,0.0,0.0,0.0,0.0,0.0,43,10
1,69,52.0,75.3623188405797,10,5.705649546500803,14.61328133306931,17.327492778222425,51,73.91304347826087,5.814264002250866,9.997372587759642,18.19916020152228,22.003414242983236,44,10
2,51,35.0,68.62745098039215,10,8.088537840950314,19.006594201300324,23.007841137956653,34,66.66666666666667,5.772862182077261,10.106468401295205,18.529482856297207,28.83539664076733,44,10
3,40,24.0,60.0,10,12.911350097466118,28.214915453577667,34.4492462303882,22,55.0,6.860434485321589,11.350097466118712,21.26681540102392,23.619538289333025,44,10
4,48,34.0,70.83333333333333,10,32.67793878158636,70.00595957604367,80.7198783964755,33,68.75,6.865428803183572,11.272114919698494,18.07790271747077,23.005849336063395,44,10
5,31,14.0,45.16129032258065,10,27.751916056280752,65.01443633735802,77.01252087119686,14,45.16129032258065,5.702583230796525,9.980572409786753,14.981052088719004,19.522296852749477,44,10
6,32,19.0,59.375,10,52.980853036561506,141.76484469516123,160.35962254256197,18,56.25,7.79655784808888,12.103036561502822,21.32757192501889,22.45283358527168,44,10
7,22,8.0,36.36363636363637,10,54.55751905553669,123.75569097056436,144.76476218149264,7,31.818181818181817,7.52725298266744,12.064510082140226,21.20155824790654,23.5378608479064,44,10
8,24,10.0,41.666666666666664,10,69.80176122462004,171.26087685034517,194.26187666033005,10,41.666666666666664,5.688538927384733,10.09455795336966,16.949542085688215,17.329198314380548,44,10
9,22,7.0,31.818181818181817,10,60.010214603862934,118.5082551076313,143.71108521705983,7,31.818181818181817,5.970292854042711,10.214603862933545,20.634889203452797,21.5297316111895,44,10
10,26,12.0,46.15384615384615,10,104.62573478797286,230.00817689257076,240.01113371043542,11,42.30769230769231,5.927124533109879,10.350172588250993,16.96930198307685,22.050271827831228,44,10
11,16,7.0,43.75,8,112.51112290821024,212.51253253999084,242.51094788471525,6,37.5,6.881725579272147,11.122908210253318,17.588754194936108,21.43167106082421,44,10
12,11,2.0,18.181818181818183,8,92.73899663774334,150.01870544052608,174.01463920302925,2,18.181818181818183,7.548755027945137,11.72391047060027,20.51007947132893,23.132605811967277,44,10
13,14,3.0,21.428571428571427,10,110.01220284273765,234.50841182186002,270.9081263183489,2,14.285714285714286,7.656369926297079,12.202842737635404,18.599757995234715,19.942309977616468,44,10
14,12,3.0,25.0,9,172.5118203021199,310.516867183482,350.1165702632831,3,25.0,7.299314137887801,11.820302119943456,16.799701618671598,17.096621817689996,44,10
15,4,2.0,50.0,3,225.01805553185056,300.0143446512449,300.01460713128296,0,0.0,13.119153298563837,18.055531850600698,23.04799445275605,23.224913956348654,44,10
1,45,27.0,60.0,10,3.431471245933681,7.816911221509978,9.566423731158102,27,60.0,5.314169704263828,9.249023711458136,18.482778092515236,23.062060538504625,45,10
2,56,37.0,66.07142857142857,10,7.725069618574311,16.512539259581665,18.91439302395535,37,66.07142857142857,6.331961057816067,10.783904288597634,19.08979673779985,22.31379881521753,45,10
3,48,32.0,66.66666666666667,10,14.344958164030103,28.01967523071955,34.12911665572521,32,66.66666666666667,7.194646679773849,11.62483069676837,21.066611219139368,25.123801515613046,45,10
4,44,26.0,59.09090909090909,10,25.783245754019728,56.01788112030575,67.00113056363747,26,59.09090909090909,6.338778723997518,10.518481292448227,19.37563386412509,25.29488777861614,45,10
5,36,20.0,55.55555555555556,10,35.84435267562311,92.51130017297726,106.51580368701393,20,55.55555555555556,6.551714195762121,11.019342289768666,16.899014729381285,18.560766240158397,45,10
6,38,20.0,52.63157894736842,10,43.03599264516854,90.00589922657676,99.46191195430018,20,52.63157894736842,5.49516503151356,9.676855694846932,17.339590857268114,21.960984097948256,45,10
7,30,13.0,43.333333333333336,10,60.010328158814254,125.00857966248635,142.76002825867036,12,40.0,6.155478667120675,10.32815881424901,20.475944343127225,23.52444032549744,45,10
8,31,17.0,54.83870967741935,10,70.97899661591171,150.0094478990237,167.51038109785915,17,54.83870967741935,6.891810261491909,11.254680427822038,22.2019661480555,24.32869563561933,45,10
9,23,10.0,43.47826086956522,10,61.317404405273635,120.01181227174501,120.0140796867909,8,34.78260869565217,8.453230512621843,13.056579186679118,21.542673398650305,22.42878674665035,45,10
10,18,5.0,27.77777777777778,10,75.56696283811908,126.02281555601375,153.2138545201937,5,27.77777777777778,7.121227708805888,11.407282563536977,20.524989303523704,23.938801934112064,45,10
11,19,7.0,36.8421052631579,10,105.27328436639532,200.00908476815815,200.00985077098446,7,36.8421052631579,5.718326543685041,10.1264716584796,19.54946150363764,21.27589464959504,45,10
12,7,1.0,14.285714285714286,8,94.2976053494767,162.0124678630078,176.41297444415125,1,14.285714285714286,7.365361644670635,11.891063762414735,17.66094380755952,17.68908255180181,45,10
13,10,3.0,30.0,10,84.01437089421705,140.0090819661161,140.01156541599633,0,0.0,9.67998596729355,14.370894217049553,23.949536094439292,24.65173836506076,45,10
14,3,0.0,0.0,9,120.0067959260379,171.00942048853847,178.20926580843482,0,0.0,3.8541683997705967,6.795926037885739,10.967289575168259,11.12196967883619,45,10
15,4,0.0,0.0,3,187.51511749290475,277.51443235249604,295.5139273102532,0,0.0,10.376846302444257,15.117492904725781,17.949067938386897,17.997601627270214,45,10
1,58,39.0,67.24137931034483,10,4.354935150594466,11.15509898177406,13.436719245608309,38,65.51724137931035,5.765049913135928,10.107564387570035,17.430256958656045,24.575389789387472,46,10
2,56,37.0,66.07142857142857,10,7.79627125122125,16.516080012295777,20.909901856920417,36,64.28571428571429,6.3201509369326,10.5569655069638,19.252322594582118,24.404407196928492,46,10
3,45,27.0,60.0,10,12.633446324600573,27.209675909213047,30.248446513300546,26,57.77777777777778,6.825800298824404,11.224102378350045,21.65467455460109,23.98124849217233,46,10
4,54,38.0,70.37037037037037,10,31.898091323284103,65.46309590391594,73.2998858971116,38,70.37037037037037,4.855848578480909,9.20243439521391,15.43165882699694,17.67410006333812,46,10
5,43,27.0,62.7906976744186,10,35.35943147076356,79.0088963970342,85.80657567469345,26,60.46511627906977,6.328604328387011,10.594261461237284,21.459562252412187,24.701612609741712,46,10
6,31,16.0,51.61290322580645,10,39.20490208711666,82.51163856339147,100.51172951242206,14,45.16129032258065,6.8637970372048756,11.353700019882606,20.71851905898816,23.757190426492265,46,10
7,32,16.0,50.0,10,71.8854694305008,150.00865436405618,167.25688355163933,16,50.0,6.038437491840426,10.46943050080188,19.028763310998286,20.411753061800425,46,10
8,25,14.0,56.0,10,77.01087581810476,170.00983757226226,175.01505219404459,14,56.0,6.4177515819569635,10.875818104763963,21.7578754120299,25.456624889700013,46,10
9,19,6.0,31.57894736842105,10,50.53773693643176,93.00599598501418,114.60517743186435,4,21.05263157894737,6.926750665074035,11.421146958072029,22.726229398144124,23.40305551975,46,10
10,30,12.0,40.0,10,92.01025042136968,182.0160017743798,200.01141827165185,12,40.0,5.958469409705867,10.25042136965644,21.252987944455327,23.469367817049175,46,10
11,14,2.0,14.285714285714286,10,71.44056221629526,117.51118906484871,143.5089997705745,1,7.142857142857143,7.458442002734649,11.990787723836641,20.86989402990705,23.89442370129999,46,10
12,9,3.0,33.333333333333336,7,133.34346873563996,276.0172233789878,295.2169118122759,3,33.333333333333336,6.141497819217886,10.135402306630674,18.200060356260245,18.40939037419793,46,10
13,7,0.0,0.0,5,100.01120361843655,140.01237248450744,140.0127898334836,0,0.0,6.723713878499768,11.203618436559086,16.933829493549243,17.543659688999753,46,10
14,8,2.0,25.0,6,168.76120112640172,270.01306478800797,270.0151937300735,2,25.0,6.721387862859347,11.201126401732228,15.8406696403051,15.890080615839354,46,10
15,0,,0.0,1,0.0,0.0,0.0,0,0.0,0.0,0.0,0.0,0.0,46,10
1,64,44.0,68.75,10,4.463264595188317,10.013876211537099,11.380405788084696,44,68.75,5.8472482935936245,10.139595188316974,16.570608420465582,19.850512553444617,47,10
2,51,36.0,70.58823529411765,10,7.6183369732252615,16.01066992448704,17.015296426641463,33,64.70588235294117,6.207629630673296,10.49383597036042,22.75676928027192,25.468446689461935,47,10
3,43,30.0,69.76744186046511,10,14.89590491577584,31.608937292822656,32.019119785359706,28,65.11627906976744,7.638768996917007,12.183985543282098,22.289244182323365,25.17824813849406,47,10
4,34,17.0,50.0,10,18.952793712308196,35.01639594490124,39.703391186980475,17,50.0,7.219591027560774,11.617241719959171,18.837998943089737,23.07638940233297,47,10
5,22,7.0,31.818181818181817,10,20.011535744369056,39.51220294895495,47.913655301613055,7,31.818181818181817,7.033713604527616,11.535744369056493,16.165397523352382,22.643240776986527,47,10
6,26,9.0,34.61538461538461,10,30.010984259855054,56.26431843517902,71.25882469879767,8,30.76923076923077,6.518968950400223,10.984259855051612,19.449595708982123,23.027053960897348,47,10
7,23,8.0,34.78260869565217,10,53.26992044665926,100.01208648026345,119.50816217404592,8,34.78260869565217,5.201372978262799,9.050881441872253,14.431831266324053,16.446569341333657,47,10
8,15,5.0,33.333333333333336,10,43.345244550682345,75.01149151449113,75.01158599263162,4,26.666666666666668,7.384172600730586,11.911217349008608,21.575281666374796,24.03550122859354,47,10
9,17,5.0,29.41176470588235,10,58.24555702010166,126.0115958194051,145.2102185809976,4,23.529411764705884,6.065287169601363,10.262902454589366,18.000388984848666,19.663802441888546,47,10
10,26,15.0,57.69230769230769,10,106.16666982095973,230.00791225524785,240.00930087610865,14,53.84615384615385,8.235835025597925,12.823667113582449,25.544446455456033,25.907968198551742,47,10
11,19,8.0,42.10526315789474,10,115.80104295487888,250.00774599871684,250.01230921644466,7,36.8421052631579,7.065006384103622,11.569270668354521,19.16341276249471,24.31029300197332,47,10
12,6,1.0,16.666666666666668,7,80.01408284650834,120.02251774796261,120.02380373364625,1,16.666666666666668,9.411127976869787,14.082846508353034,22.51774796261417,23.80373364624785,47,10
13,11,4.0,36.36363636363637,5,133.65329507258977,245.01588905168438,273.01422120466094,3,27.272727272727273,12.069944846227589,16.931436226125758,25.05019409551604,29.54686463310338,47,10
14,13,7.0,53.84615384615385,6,180.0149923879637,306.01527903813303,349.20930511561176,6,46.15384615384615,10.26007584387235,14.992387963704449,26.785109691789838,26.979311512062772,47,10
15,2,2.0,100.0,1,225.05334437575888,292.55215426416294,298.55204847646553,1,50.0,46.05705688574314,53.34437575886527,54.53448735483594,54.640275052255554,47,10
1,53,33.0,62.264150943396224,10,3.7847062258224815,8.41396461529873,9.494911542346339,33,62.264150943396224,6.717342088197746,11.121320162103851,18.349159866759038,22.01331792465949,48,10
2,49,31.0,63.265306122448976,10,8.174525311710461,18.01236640696961,21.049069867614328,31,63.265306122448976,6.928733104663892,11.260005588011838,21.466123359921323,24.032948378783512,48,10
3,62,43.0,69.35483870967742,10,16.784155363836778,39.80741595846189,49.57392461842734,42,67.74193548387096,5.7452939270762835,9.961815449677934,18.181381086892628,21.741465791475754,48,10
4,44,27.0,61.36363636363637,10,29.125761002210833,70.01108422452438,80.99984849270776,26,59.09090909090909,7.668228452639488,12.12463857446926,22.1327923175489,23.168046449747962,48,10
5,44,28.0,63.63636363636363,10,37.05631867914741,98.50144594572038,115.70837519259877,27,61.36363636363637,6.491698318372005,10.864133692862422,21.801965542556847,25.10265131299917,48,10
6,39,22.0,56.41025641025641,10,46.93311234393297,106.5105604724577,129.30955942176658,21,53.84615384615385,6.111997985362682,10.035420856039535,19.00125021292275,23.38046755275651,48,10
7,29,15.0,51.724137931034484,10,63.80449314019149,140.00925110421596,168.00875805032396,13,44.827586206896555,7.026133233946053,11.389691915628188,20.85999474345337,23.47615175291578,48,10
8,21,8.0,38.095238095238095,10,57.15389191841039,125.00784967735764,145.00993420215806,7,33.333333333333336,6.921692656200608,11.034775553254073,19.510505616648167,21.804766463300602,48,10
9,17,4.0,23.529411764705884,10,60.00902317760448,126.00551758519484,145.20569328879955,4,23.529411764705884,4.688533862654512,9.023177604485685,17.798391871445194,19.168082867607573,48,10
10,22,7.0,31.818181818181817,10,81.82854459221123,160.007611821491,191.60543943597153,6,27.272727272727273,6.108591934350726,10.36277402940236,19.142817639028387,22.64592608514165,48,10
11,15,4.0,26.666666666666668,10,90.0133716636304,165.01623252219403,193.01666409511125,4,26.666666666666668,8.747324052675285,13.371663630408394,19.473686619391252,21.808657545715242,48,10
12,14,4.0,28.571428571428573,10,132.86732358334413,321.00973605547387,352.21263736128486,4,28.571428571428573,5.768966652600308,10.180726201252137,16.315034495308463,18.270560065162282,48,10
13,3,1.0,33.333333333333336,3,70.01970714345497,70.0224980251621,70.02282227553854,0,0.0,14.660734652976862,19.707143454957542,22.49802516209432,22.82227553854597,48,10
14,1,1.0,100.0,1,90.03588039020268,90.03588039020268,90.03588039020268,0,0.0,29.75652082984387,35.88039020267558,35.88039020267558,35.88039020267558,48,10
15,7,2.0,28.571428571428573,5,257.15975459002453,405.0187160454581,441.0193966687862,1,14.285714285714286,12.038220136248984,16.897447167426048,24.12248339302172,25.684423544354267,48,10
1,53,37.0,69.81132075471699,10,4.409206515795871,10.410981108638536,12.489511798296569,36,67.9245283018868,8.381847018822349,12.980100701530555,24.133164885935404,26.174269720168333,49,10
2,50,32.0,64.0,10,7.331129147146465,15.11025085251333,17.029666013857607,32,64.0,6.654203860559785,11.129147146464609,19.667986478181465,23.28666943197776,49,10
3,44,30.0,68.18181818181819,10,16.557309817243357,43.411724195953866,50.291830750785536,29,65.9090909090909,7.33195412985708,11.855271788815132,23.47612722797049,26.32218237487162,49,10
4,41,23.0,56.09756097560975,10,25.450479235218392,63.0,74.21106491586335,23,56.09756097560975,7.140326662418385,11.454844974489145,18.027141475329458,21.528685831901946,49,10
5,36,23.0,63.888888888888886,10,49.457412233484774,142.51608006351867,156.51114313554552,22,61.111111111111114,8.370355559634636,12.96778904033208,21.938628606323558,25.53080425202866,49,10
6,27,14.0,51.851851851851855,10,42.78965975319757,100.51061960716137,116.11306565745079,13,48.148148148148145,7.4951572956425805,11.881975419788132,24.84920951948328,27.379748468578452,49,10
7,32,15.0,46.875,10,62.51140526591565,125.01276578092839,142.26013405128285,15,46.875,6.911927616593544,11.405265915652672,17.572348647486923,23.36318144449214,49,10
8,30,17.0,56.666666666666664,10,66.67840950838834,138.7648183144285,150.00863535066895,14,46.666666666666664,7.227014145941917,11.742841721664185,25.05546090357907,25.757986861695446,49,10
9,22,9.0,40.90909090909091,10,84.55530526138551,208.50701960020567,233.7128348167106,9,40.90909090909091,5.630647110739496,9.850715930970598,17.32918894021825,17.626753960455567,49,10
10,13,4.0,30.76923076923077,10,70.78089261499188,136.01147866974327,155.2135234977362,3,23.076923076923077,7.151414130650947,11.661845761128802,18.690449569902423,24.27734337245023,49,10
11,22,9.0,40.90909090909091,10,113.64721492005552,247.5111692166514,250.01538176454528,9,40.90909090909091,6.734262584384376,10.851283691873999,16.877584389266215,19.548962019269187,49,10
12,10,1.0,10.0,10,78.00955927672779,120.00847098711941,120.00917654598705,0,0.0,5.562270127625572,9.559276727793442,19.889668778769515,22.087382948286006,49,10
13,9,6.0,66.66666666666667,3,171.12997903932217,322.01566985648145,344.41942292885966,5,55.55555555555556,13.877427870140032,18.867928211077444,27.344674292753563,27.451096253901692,49,10
14,2,1.0,50.0,1,135.02371451863087,175.5184548821495,179.11798735890673,0,0.0,18.401138774035225,23.714518630869936,28.974155112230445,29.441678355018045,49,10
15,2,1.0,50.0,5,150.02177548915816,150.03141412473153,150.03227089233806,0,0.0,16.59128730960897,21.775489158145938,31.414124731516637,32.27089233803848,49,10
1,50,30.0,60.0,10,3.849778383725956,9.559648266643235,11.51993933458761,30,60.0,5.468098610537054,9.778383725956045,15.295496481837812,21.081033420035585,50,10
2,65,45.0,69.23076923076923,10,8.4415760673948,18.01809891902606,22.729671473869363,45,69.23076923076923,6.4108044176189205,10.806836625570131,20.32729544170978,23.73511036585004,50,10
3,52,34.0,65.38461538461539,10,15.702933500379563,36.004418662928856,41.9742565301526,34,65.38461538461539,6.327994133829156,10.625808071871809,18.532098007685875,26.010973234665443,50,10
4,51,32.0,62.745098039215684,10,25.539509614387832,56.00765393366403,59.508451789509984,32,62.745098039215684,5.69161136123892,10.097849681952562,16.2007933533486,18.431662618252503,50,10
5,37,20.0,54.054054054054056,10,28.65926490668065,60.008760802732404,66.4126121973043,19,51.351351351351354,6.47820124359828,10.616258032005367,19.476676208295878,20.028968112640435,50,10
6,23,10.0,43.47826086956522,10,36.53237363838283,73.50974108868218,75.00959223419937,10,43.47826086956522,6.192517491062003,10.634507948051198,15.023185162482376,17.73540675330684,50,10
7,35,18.0,51.42857142857143,10,70.01188218172088,157.50858996769406,191.50929271870638,17,48.57142857142857,7.4637433321037925,11.882181720893783,23.482824346873524,26.023934523449388,50,10
8,21,6.0,28.571428571428573,10,58.34328633234221,150.01757492936684,170.01776784455282,6,28.571428571428573,5.734197309846998,9.952999008872712,17.81607334931968,19.01095796766768,50,10
9,20,6.0,30.0,10,63.01110605081135,121.51363471477023,144.30883933622232,6,30.0,6.632646201682682,11.106050811352446,16.31708689717855,18.330739703380537,50,10
10,19,4.0,21.05263157894737,10,71.5883094706495,124.00644147509668,152.80541773246745,4,21.05263157894737,5.397881486409415,9.36210222844551,17.877556075740955,19.183915708466728,50,10
11,18,3.0,16.666666666666668,10,86.1219936674977,150.00805903631584,150.00807759507833,3,16.666666666666668,6.424040959921945,10.88255638659477,17.500530835658978,17.656347486322087,50,10
12,7,3.0,42.857142857142854,5,120.01329583243387,222.0142256216795,236.4133836442561,2,28.571428571428573,8.676544725166133,13.295832433872418,23.18432333048907,25.413900758840903,50,10
13,8,2.0,25.0,6,131.26268374089216,255.51591242434,275.1195928148213,2,25.0,8.105230679288507,12.683740892156262,19.328909328307567,20.2761118189612,50,10
14,5,4.0,80.0,4,270.0166255510524,432.01941262460355,446.418953648937,4,80.0,11.784437721436554,16.62555105238416,23.96703218685748,24.4189380370121,50,10
15,4,1.0,25.0,3,225.01769177815166,300.02101846352855,300.02145796915113,1,25.0,12.779632845679064,17.691778151650116,21.036720722887644,21.461620590011652,50,10
1,55,39.0,70.9090909090909,10,6.010521948494872,18.30926215524221,20.468667366268225,37,67.27272727272727,6.223221114583521,10.521948494872374,19.613541002041085,21.884964660765345,51,10
2,51,36.0,70.58823529411765,10,7.854580527070316,17.01156065852468,21.016335604362737,34,66.66666666666667,7.02060817536719,11.443272168354307,23.258815172226257,24.476259499936198,51,10
3,43,28.0,65.11627906976744,10,15.824762729556586,35.615628918882564,42.334638028014254,27,62.7906976744186,6.4424360644665954,10.809241184489645,19.983760897222044,22.884039620776132,51,10
4,40,23.0,57.5,10,22.58548895189332,49.00703993817807,53.2841944785978,23,57.5,6.056658370552673,10.488951893322994,17.995917007530146,23.908838708472366,51,10
5,39,22.0,56.41025641025641,10,35.13928572627736,91.00882912658443,106.20893537015498,21,53.84615384615385,6.70462041146695,11.080598072229408,23.362768706889927,24.219533447122533,51,10
6,39,22.0,56.41025641025641,10,53.08808015066319,136.5125216185518,159.31095350628473,22,56.41025641025641,6.8717325648844865,11.1570737401084,20.991968053441134,24.961085968446582,51,10
7,32,18.0,56.25,10,74.22939285588605,161.26273380679302,192.25520786469048,18,56.25,6.316981798733394,10.642855886056447,20.870998653072593,22.17142083789219,51,10
8,27,13.0,48.148148148148145,10,63.89933997534126,142.50884734644535,168.51094030833391,11,40.74074074074074,6.436151109187549,10.45108645238315,22.18085524993205,24.21280458910319,51,10
9,14,3.0,21.428571428571427,10,49.294448746788426,100.50756828089887,116.10842275521631,3,21.428571428571427,4.952411647265249,8.73446107413588,17.424282855484748,20.07797867152227,51,10
10,17,2.0,11.764705882352942,10,61.18683060145392,120.00865003871175,120.01422555485016,2,11.764705882352942,6.155928421310612,10.360013218629078,17.98173595271854,19.58545970694202,51,10
11,15,5.0,33.333333333333336,10,83.34528518968371,150.01046284427002,150.01186264903876,3,20.0,7.422104234670983,11.95185635038783,23.73550244327989,26.369390062360782,51,10
12,11,8.0,72.72727272727273,5,207.28965775272465,390.0140884173485,414.01650995169854,8,72.72727272727273,12.069052321398106,16.930479997405595,27.465154673468554,34.178779607032446,51,10
13,8,1.0,12.5,6,96.26355248442995,140.0229189787828,140.02730032166983,1,12.5,9.382788618009734,13.552484429946137,25.19065365582631,27.754656644433442,51,10
14,7,1.0,14.285714285714286,4,141.44182816352912,243.01721126556095,264.61895567003734,1,14.285714285714286,8.640051920096578,13.256734957663415,18.547281069417924,19.222873139120036,51,10
15,1,0.0,0.0,3,150.0097155446476,150.0097155446476,150.0097155446476,0,0.0,5.334775461629244,9.715544647606285,9.715544647606285,9.715544647606285,51,10
1,50,32.0,64.0,10,3.8508839072392176,8.559185512969963,10.519364658047706,31,62.0,6.425301818836714,10.883907239217063,19.419636868873926,27.063153623984395,52,10
2,51,34.0,66.66666666666667,10,10.87351489234076,29.009887757605384,33.008476081853246,34,66.66666666666667,6.318791077117099,10.769794301544854,19.124549179535805,21.487625060481882,52,10
3,38,21.0,55.26315789473684,10,12.43346115625845,28.014234312569723,30.532646890587756,21,55.26315789473684,7.848349351533264,12.408524679499939,21.548504886483087,22.13012504157836,52,10
4,42,26.0,61.904761904761905,10,29.343655603550662,69.65732343051316,74.1376481963122,26,61.904761904761905,6.078867696139353,10.32227021732954,19.009920379996505,27.256241654178407,52,10
5,28,17.0,60.714285714285715,10,31.796254911242418,66.5085727411509,70.00668542119601,17,60.714285714285715,6.371569531327266,10.54062552812805,21.332550227342356,24.303112783427935,52,10
6,49,32.0,65.3061224489796,10,67.35753836569219,159.01015844853816,187.81054797543604,31,63.265306122448976,6.236120235546178,10.599590181989427,18.159480496701605,19.70710786401169,52,10
7,33,17.0,51.515151515151516,10,80.3151970907622,210.0123168770753,242.01202137412236,16,48.484848484848484,7.62271690253458,12.166787731904614,19.670560650774746,24.004690407466654,52,10
8,31,16.0,51.61290322580645,10,70.97863554447484,162.50753462811025,175.01212877356588,15,48.38709677419355,6.4343572405666,10.893608990972563,19.783864204098343,22.753655870639072,52,10
9,16,3.0,18.75,10,54.38535297185785,127.50834838422352,145.5097046979943,3,18.75,5.929737315563234,10.352971857849882,16.946976825785793,17.366949190232337,52,10
10,13,4.0,30.76923076923077,10,70.78038022787203,136.0126242076031,155.21042425863718,4,30.76923076923077,6.673162204989818,11.14945864126208,19.84764921363268,23.56436675911413,52,10
11,13,4.0,30.76923076923077,10,115.3943944023458,270.00682187256496,294.00884672307615,4,30.76923076923077,5.394019972097553,9.77901773042724,13.304329020673531,13.962918023461238,52,10
12,9,3.0,33.333333333333336,7,100.0130774452995,180.01642434371269,180.01677399836575,3,33.333333333333336,8.887542112993533,13.077445299492808,21.017507249875994,23.234091367676687,52,10
13,7,1.0,14.285714285714286,6,110.00994599199059,189.00966476291407,205.80762272736428,1,14.285714285714286,5.549870418694252,9.945991990596154,15.70025766096555,15.727534595793747,52,10
14,4,2.0,50.0,3,157.51711131237136,256.52146105942404,267.3220376474437,1,25.0,12.2378376552284,17.111312371384006,21.87614797273172,22.120665153504035,52,10
15,2,1.0,50.0,2,150.02661313160746,150.03313548869104,150.03371525376514,0,0.0,21.106646356200727,26.613131607465903,33.13548869106054,33.71525376515783,52,10
1,56,38.0,67.85714285714286,10,4.207460721479437,9.013125393336885,10.470977372149484,37,66.07142857142857,6.897018729605398,11.03215005086596,20.81271997107277,21.719413777848775,53,10
2,46,29.0,63.04347826086956,10,8.314911344934124,19.51034414898877,23.103235632589367,28,60.869565217391305,6.3697481320981275,10.563518847166696,21.330440578923497,23.539963091224877,53,10
3,42,26.0,61.904761904761905,10,12.867029214522201,27.81159047031206,30.3715296137324,24,57.142857142857146,5.671995341030724,9.88635737934294,17.913649276716097,21.819886783064103,53,10
4,24,11.0,45.833333333333336,10,17.803605741426253,35.01968394093808,40.40004819938523,10,41.666666666666664,7.410174152558639,11.939074759587404,20.31014633646805,23.223340113236965,53,10
5,43,28.0,65.11627906976744,10,40.47658111083521,109.00990318169215,125.81099196331468,27,62.7906976744186,7.141177299617191,11.464831765443831,20.611448074721174,21.054089720715858,53,10
6,26,15.0,57.69230769230769,10,42.70431708518299,90.00908228530439,101.26462621144839,14,53.84615384615385,7.619404614103717,12.009392875297017,20.143302497958228,21.604555402206913,53,10
7,28,13.0,46.42857142857143,10,74.11911150385075,191.2629000976831,218.26451052044453,13,46.42857142857143,7.437776019728529,11.968646707891788,19.575271471368506,20.452676239914293,53,10
8,28,12.0,42.857142857142854,10,57.15210118137967,100.01302614292457,118.25884123323506,11,39.285714285714285,5.161361061649255,9.244038522525475,15.746300732223702,19.416176352637542,53,10
9,21,10.0,47.61904761904762,10,81.44004042773975,180.0097403969473,204.01692962963634,9,42.857142857142854,6.971414964412028,11.468999168320892,23.421836063815974,24.155565178848978,53,10
10,34,20.0,58.8235294117647,10,147.07007550082236,334.01089095310397,386.8116515728174,19,55.88235294117647,6.768845580770745,11.251971410589123,20.034087209202237,25.28151795078404,53,10
11,19,8.0,42.10526315789474,10,113.16869181762486,250.00720445154116,250.01200096263275,8,42.10526315789474,6.540760802178537,10.797080782775724,18.336113288343086,25.28951223137343,53,10
12,11,2.0,18.181818181818183,7,103.64937632791816,180.01211524651126,180.01255509023,2,18.181818181818183,8.412266671468096,13.012691554531209,17.794989244058325,18.887908574609728,53,10
13,7,2.0,28.571428571428573,6,110.01104113909169,189.01843412981233,205.8170933911781,2,28.571428571428573,7.105418936090364,11.041139091685197,20.66869420280566,22.009432837053815,53,10
14,7,4.0,57.142857142857146,3,180.01695058616528,333.0128672887902,354.6103657753158,4,57.142857142857146,12.087819017747075,16.950586165255036,27.258587978120275,27.368322202565498,53,10
15,5,5.0,100.0,2,270.0250541101183,420.0226501692886,444.02229632297,3,60.0,19.65148676989552,25.054110118231627,29.837090839622434,30.85787843367681,53,10
1,50,35.0,70.0,10,4.710523607908293,11.00789035589609,12.51905117968932,34,68.0,6.387687226529434,10.523607908293,19.03084215860105,24.723409574144306,54,10
2,60,43.0,71.66666666666667,10,11.51174860144652,30.11676565550434,34.838464561224534,43,71.66666666666667,7.356840834291901,11.74860144652089,19.228096099362435,21.117030703891654,54,10
3,55,37.0,67.27272727272727,10,18.264507867907398,45.21499359630683,53.84416744196551,36,65.45454545454545,5.836726546979424,9.962413361942852,16.981974522823002,21.85101730783264,54,10
4,47,28.0,59.57446808510638,10,25.03105868381678,56.0173199201675,63.008877207191475,28,59.57446808510638,5.6351955728542125,9.782088072098981,15.931805594986892,22.366221239042282,54,10
5,39,23.0,58.97435897435897,10,29.499091498452863,61.009467802243734,76.21164379236161,23,58.97435897435897,7.672107501519138,11.912011273379468,21.05258321678185,26.182949355219662,54,10
6,36,21.0,58.333333333333336,10,46.26098187030344,93.75951790565426,105.01307980537365,20,55.55555555555556,6.620447487186114,10.981870303441033,20.93557438871408,23.400138999636987,54,10
7,27,14.0,51.851851851851855,10,65.75139900553478,142.5144554098126,168.5108843791402,12,44.44444444444444,6.491248715323961,10.658264794044392,19.96561577411252,22.262135266532646,54,10
8,31,16.0,51.61290322580645,10,66.13893680313689,125.01976276596639,142.51721662867843,16,51.61290322580645,5.872493105345546,9.904545072361682,21.030915382281506,23.653859418907974,54,10
9,17,4.0,23.529411764705884,10,51.1874134017945,96.01437305587095,115.2085643859557,3,17.647058823529413,6.699902643823307,10.94281355920212,18.663793934193123,22.952453572956628,54,10
10,18,7.0,38.888888888888886,10,75.56819168498258,166.02019302913217,193.2105304010065,5,27.77777777777778,8.06079108664067,12.636129427020187,23.28331569820198,23.44768889574467,54,10
11,19,5.0,26.31578947368421,10,92.11491034456506,155.0137494599033,191.0027498919807,5,26.31578947368421,5.6639736226252735,9.647186670303952,15.622153684265758,18.105980983697755,54,10
12,20,7.0,35.0,10,123.0110043558831,243.0097371507383,288.60883062029546,6,30.0,6.537726182468836,11.004355883108417,16.465763635903734,24.02084888173829,54,10
13,14,4.0,28.571428571428573,10,125.01039544506143,234.51312165168423,270.91194937933625,3,21.428571428571427,6.236060977224463,10.395445061456524,19.359814142708743,24.349573278016116,54,10
14,6,3.0,50.0,5,150.0175357809293,247.51930699966695,265.51804553454264,2,33.333333333333336,12.6340281473994,17.53578092929195,23.04730861989766,23.8394568305201,54,10
15,5,3.0,60.0,4,330.01197942317543,570.0100311620092,594.0099702851347,2,40.0,7.447834559775099,11.979423175456244,20.664754800106202,22.73059648372235,54,10
1,61,42.0,68.85245901639344,10,5.043224042450506,12.007415810349212,14.41216553065738,42,68.85245901639344,6.191929991804603,10.437157204604329,20.339632308834247,23.379505352592872,55,10
2,43,24.0,55.81395348837209,10,6.6627880220762865,14.021864102183565,17.181755015972936,24,55.81395348837209,7.377717154735459,11.62523137861299,22.262200386768438,23.711791587841198,55,10
3,40,23.0,57.5,10,14.309448955519098,32.20980545052505,38.45032985404565,23,57.5,5.459298510163292,9.448955519098716,17.18274071692853,17.51007216804618,55,10
4,46,29.0,63.04347826086956,10,25.424149121899124,61.26614878842014,73.85924918640872,28,60.869565217391305,6.79459312307393,11.105643638254598,21.53931520762904,22.797188837511502,55,10
5,21,7.0,33.333333333333336,10,23.820001576523506,60.009158111227414,68.01054438472876,7,33.333333333333336,6.224005293708329,10.47776699969992,14.986435751346447,17.668168543851227,55,10
6,37,21.0,56.75675675675676,10,48.65866566055924,108.01106604855059,129.60972662661794,21,56.75675675675676,5.7170649500496715,10.017011910587968,17.101096129050557,21.55758085742656,55,10
7,27,12.0,44.44444444444444,10,57.41969451042068,117.51279572954513,125.01367360570616,11,40.74074074074074,7.735016788241487,12.287103013268466,26.05766858386842,27.11464261699867,55,10
8,33,16.0,48.484848484848484,10,63.64687369365688,125.00799203751882,142.0201831803032,16,48.484848484848484,6.189494708350596,10.510057293245431,18.64724789675568,24.50676738969359,55,10
9,21,8.0,38.095238095238095,10,61.4391463122192,120.01133854297977,144.00887406809454,7,33.333333333333336,6.4924387174066585,10.574883647777622,20.339632308834247,22.665571985467963,55,10
10,15,7.0,46.666666666666664,10,85.34532692147876,172.01030526731353,194.40668580506886,6,40.0,7.461055860431118,11.993588145424036,23.05565255710064,23.837489214446936,55,10
11,8,3.0,37.5,6,75.01553408890503,132.50990633814806,146.50773350334407,1,12.5,11.232378741108787,15.53408890503228,25.165736306264687,26.65543683495774,55,10
12,18,5.0,27.77777777777778,10,120.00883169786796,249.01442789296348,289.81947245617624,5,27.77777777777778,4.924646079379128,8.831697867973428,15.375815957753016,19.662040775189762,55,10
13,6,0.0,0.0,10,81.67638589655307,122.51060694071286,136.50917713328857,0,0.0,5.338215190065642,9.719229886393798,14.568803887392589,15.688735620631261,55,10
14,5,2.0,40.0,5,198.0138940179889,342.0092399332109,356.4076236346576,2,40.0,9.234879200232205,13.894017988914197,17.663255676104505,17.731621615852234,55,10
15,3,0.0,0.0,4,200.01289722763127,285.00866488838716,297.0079088027445,0,0.0,8.3044949467353,12.897227631280778,16.833871649956297,17.103455823946938,55,10
1,61,44.0,72.1311475409836,10,5.601220837104469,14.01636650322724,16.405567361845605,43,70.49180327868852,6.647977564245512,11.05690267824065,17.47672405115265,21.34278881311258,56,10
2,63,45.0,71.42857142857143,10,9.407956001014698,21.80948082817087,26.767915141481577,45,71.42857142857143,6.71482606195551,11.130604189304309,20.355133913876166,23.49282464688025,56,10
3,53,34.0,64.15094339622641,10,20.161505738511053,49.61186700132275,57.93376867091011,34,64.15094339622641,6.19560327795989,10.56234228463706,17.57793230015463,21.776253115588837,56,10
4,34,16.0,47.05882352941177,10,19.569363025705407,44.45828841184989,53.69949543064308,16,47.05882352941177,6.323454346378261,10.539496293641813,18.29251789343162,21.3100102468138,56,10
5,35,18.0,51.42857142857143,10,31.440695370680277,73.0175914545913,86.61229568567373,17,48.57142857142857,7.582725651898858,12.12394210884773,20.21176953534778,21.303763804998688,56,10
6,34,17.0,50.0,10,45.45117995591889,110.25833093713652,130.06414277453996,17,50.0,5.93296181633706,10.003485330646464,17.427322876037152,20.97813127703142,56,10
7,27,14.0,51.851851851851855,10,78.71341465446503,167.51666376995058,193.5111584486423,14,51.851851851851855,5.33048761972678,9.710950761319657,15.88271961615781,18.336002518242047,56,10
8,22,9.0,40.90909090909091,10,51.14985254843148,100.00968376598229,100.0101048557987,8,36.36363636363637,8.85676140737841,13.488912067839465,23.193403263421132,23.89463042449399,56,10
9,14,2.0,14.285714285714286,10,49.294902300417405,90.00818049217288,90.00845972696284,2,14.285714285714286,5.1090695451887,9.188014703121826,14.722705824049727,14.723572355662984,56,10
10,18,3.0,16.666666666666668,10,66.67723608350632,120.01452192226444,120.02054721749514,3,16.666666666666668,6.131762747758991,10.569416839643765,15.31646167845675,20.706125377943717,56,10
11,14,5.0,35.714285714285715,6,92.87157384605136,167.51587918766535,193.51797960644407,3,21.428571428571427,9.736077154615502,14.430988908528464,21.082485309586126,21.609586930762003,56,10
12,14,3.0,21.428571428571427,10,102.86857545402958,201.01430775667438,232.21408528324147,3,21.428571428571427,6.937437800290475,11.432596886737988,14.472819988224105,14.495583478691263,56,10
13,11,1.0,9.090909090909092,8,101.82945742898954,175.01157385188492,203.00870880692074,1,9.090909090909092,6.790910122919388,11.275610807727134,16.188169236647706,17.01457815384433,56,10
14,9,4.0,44.44444444444444,7,190.01700634718466,414.0136478346367,442.81424090751426,3,33.333333333333336,12.139865241905929,17.006347184637928,22.95512085703229,24.31146906672504,56,10
15,0,,0.0,1,0.0,0.0,0.0,0,0.0,0.0,0.0,0.0,0.0,56,10
1,45,28.0,62.22222222222222,10,3.543846389313734,7.8068923700222,8.571656530713634,27,60.0,6.162123762336869,10.5130559804001,19.99564070582008,22.927447511261114,57,10
2,58,41.0,70.6896551724138,10,8.59743732418068,20.314436747293783,24.874098201715768,39,67.24137931034483,6.941850162239862,11.23042762895612,23.27084252836276,25.187213163849965,57,10
3,38,21.0,55.26315789473684,10,12.117195756661426,28.009272188011582,30.53125547087753,20,52.63157894736842,7.502380123508486,11.932598766687756,22.332827402865952,25.07401509976384,57,10
4,30,16.0,53.333333333333336,10,20.542919730387336,45.861327516300896,53.98107429985076,15,50.0,5.587583699593058,9.58639705400233,19.12795107528488,20.19985809254498,57,10
5,28,12.0,42.857142857142854,10,25.366288131943737,50.00718040834228,57.307982777076916,12,42.857142857142854,4.935836962295924,9.145274800880198,14.47880926820562,15.909768339850697,57,10
6,39,26.0,66.66666666666667,10,73.85719577636999,211.5135098265591,234.31532585448215,24,61.53846153846154,6.668528605272274,11.041930216158962,18.898347383439,24.3481003691077,57,10
7,22,9.0,40.90909090909091,10,62.50978467329778,125.01336613015327,144.7606809866706,9,40.90909090909091,5.569004233160359,9.784673297771768,16.443477880506247,16.770527753187658,57,10
8,26,9.0,34.61538461538461,10,58.662611873707235,125.01683511417666,143.75994276467503,9,34.61538461538461,4.735421803773699,8.76571986108359,16.83511417665738,16.883142076038133,57,10
9,23,10.0,43.47826086956522,10,83.48811594343542,207.00901152304496,233.4110183753243,10,43.47826086956522,5.62733622579833,9.855073870212744,15.584978160696783,17.096404220518668,57,10
10,14,1.0,7.142857142857143,10,60.010564844483234,94.01298024719938,114.80874163809966,1,7.142857142857143,6.1274950014077785,10.564844483226807,15.257895527970836,15.718104841888783,57,10
11,17,5.0,29.41176470588235,10,100.01012839860064,200.01206930186308,200.01787442281534,5,29.41176470588235,5.720125113097783,10.128398600645072,19.325703053401153,19.325703053401153,57,10
12,6,1.0,16.666666666666668,5,90.01474121990725,165.01726990330454,177.01731112144282,1,16.666666666666668,10.025640585835113,14.741219907256257,17.269903304530196,17.31112144279873,57,10
13,8,0.0,0.0,8,96.26254067253038,140.01720933629124,140.0173498507224,0,0.0,7.971693521797032,12.540672530376728,17.32534361417432,17.373052186982104,57,10
14,5,0.0,0.0,7,126.00955359815275,180.00568844018085,180.0057660661113,0,0.0,5.18361783095821,9.553598152736782,17.061216352539414,18.363115443775335,57,10
15,0,,0.0,1,0.0,0.0,0.0,0,0.0,0.0,0.0,0.0,0.0,57,10
1,44,27.0,61.36363636363637,10,3.3508698582440384,7.010675527738942,7.581554734031778,27,61.36363636363637,5.648514164245422,9.960767334947743,16.718726791963412,22.377463219187042,58,10
2,74,55.0,74.32432432432432,10,11.227472941696098,26.708148320130018,32.54907788858267,55,74.32432432432432,6.823735911038506,11.256725479880421,19.755021407427712,22.754735303225306,58,10
3,47,29.0,61.702127659574465,10,17.457337791315645,46.816726953200764,54.16915408026381,29,61.702127659574465,6.173737055471997,10.52928067734473,19.285204215387004,23.25631617252639,58,10
4,41,24.0,58.53658536585366,10,25.6208636486189,63.009158111227414,67.21387834081116,24,58.53658536585366,6.816169442370853,11.107551057931357,17.466159515659765,18.480784589348733,58,10
5,34,18.0,52.94117647058823,10,28.53975244540777,60.00667253070042,66.70934312350337,18,52.94117647058823,6.247693255452042,10.340680701886644,17.59325161248766,18.60833129514731,58,10
6,28,13.0,46.42857142857143,10,37.51125540662027,84.76331970873252,100.9658318027862,12,42.857142857142854,6.905391946984262,11.25540662027336,19.49016569895305,24.710891739408382,58,10
7,28,15.0,53.57142857142857,10,56.26244978706837,100.01929813635773,118.26870225705898,13,46.42857142857143,8.020202852883484,12.449787068360576,25.726614448281342,27.097876199996833,58,10
8,33,16.0,48.484848484848484,10,61.37462210194502,125.0078218243033,142.00311453490434,15,45.45454545454545,6.8597598439714345,10.985738308658002,21.720997830606322,23.368380405817557,58,10
9,27,14.0,51.851851851851855,10,82.23270345023246,180.01093141094765,202.20722498401565,13,48.148148148148145,6.187727580878495,10.481228010250659,24.56176609260619,25.38674663629522,58,10
10,16,6.0,37.5,10,97.51191520471224,250.01687026979926,274.011211486679,5,31.25,7.387894326110674,11.915204712249857,20.08027494718811,22.12550418196972,58,10
11,18,7.0,38.888888888888886,10,119.45547353569047,257.5067892405188,291.5013578481037,7,38.888888888888886,6.768231470503794,11.029091246027145,16.946352312574867,17.916733783896035,58,10
12,12,7.0,58.333333333333336,5,165.0148778234275,327.0071766593411,353.4141938373636,6,50.0,10.464270278962191,14.877823427472897,21.729961987802426,24.088978464273648,58,10
13,8,2.0,25.0,6,131.2657507284071,255.51313858037304,275.1107902046054,2,25.0,10.967895699824398,15.750728407131595,18.39306320053694,18.55074622136425,58,10
14,6,0.0,0.0,5,120.01153136435339,180.01003868393028,180.01029975792588,0,0.0,7.02962538518081,11.531364353369993,17.742713920707235,19.102446479237663,58,10
15,0,,0.0,1,0.0,0.0,0.0,0,0.0,0.0,0.0,0.0,0.0,58,10
1,57,39.0,68.42105263157895,10,4.4494632306036035,10.21368729581817,12.448084126661819,39,68.42105263157895,6.47477803280398,10.866739375533212,17.152038562498188,23.009110597137603,59,10
2,58,39.0,67.24137931034483,10,10.113634153486636,28.314243699448376,32.87066925572688,39,67.24137931034483,5.902516967035952,10.185877624568956,17.66258933456696,20.520946155599116,59,10
3,51,34.0,66.66666666666667,10,15.4610985363067,36.00937513845764,40.013721540554236,33,64.70588235294117,5.783760093065501,10.118144149837375,20.1321693093549,21.09797811477049,59,10
4,36,20.0,55.55555555555556,10,20.81575177741762,43.759776591752654,49.01540921625014,20,55.55555555555556,5.7834299935705,10.196221862065466,17.81492676327366,23.289353416539576,59,10
5,33,18.0,54.54545454545455,10,28.192959340760904,54.01191861400009,60.01245838972312,18,54.54545454545455,6.7785524099369905,11.141158942724255,19.316240723005805,21.741362336055975,59,10
6,38,20.0,52.63157894736842,10,48.95717008508809,122.26661318098175,144.45928957995574,20,52.63157894736842,5.415157581872088,9.801664035464627,15.899852195203547,17.340984676281114,59,10
7,22,9.0,40.90909090909091,10,54.55653348931644,100.0107922591809,119.76178965985385,8,36.36363636363637,6.60734511531839,11.078943861905712,17.60604691698779,22.775116373004547,59,10
8,28,12.0,42.857142857142854,10,58.04731099957538,116.26205869369193,143.2612657031606,11,39.285714285714285,7.223961323215525,11.596713861094665,22.399088706535526,24.483802029249755,59,10
9,14,3.0,21.428571428571427,10,53.58123617609033,100.50967020220413,116.11031218226498,3,21.428571428571427,5.6873824639787145,9.807604661763193,16.2674468328019,16.66005458222589,59,10
10,16,3.0,18.75,10,72.51010955962832,130.01404563746968,154.01210053648495,3,18.75,5.935886209215104,10.109559628310592,16.80292500501031,17.93883247094764,59,10
11,23,10.0,43.47826086956522,10,126.09759793096514,295.00992526054335,339.0109752801669,10,43.47826086956522,6.361285975018733,10.641409226019363,20.548942331798845,22.790908205476377,59,10
12,12,3.0,25.0,9,120.01086814828824,267.0088570410018,293.41073969463076,3,25.0,6.721719417973046,10.868148288233193,17.14816808043184,17.515988270489903,59,10
13,4,0.0,0.0,6,105.01186864397476,140.00881788359618,140.00893941477537,0,0.0,7.344435461711189,11.86864397476501,17.13015359455614,17.766593583793462,59,10
14,9,3.0,33.333333333333336,5,170.01119058825654,324.00911274065965,352.80914226189503,3,33.333333333333336,6.711551768174778,11.190588256550281,19.60585066275226,20.790315373455307,59,10
15,1,1.0,100.0,1,150.03074460219753,150.03074460219753,150.03074460219753,0,0.0,24.962878663563526,30.744602197521946,30.744602197521946,30.744602197521946,59,10
1,56,39.0,69.64285714285714,10,5.208171537446154,15.26349815144827,17.461785011722373,38,67.85714285714286,7.293800166254469,11.74296601758268,21.81940707774585,26.02265681860158,60,10
2,52,35.0,67.3076923076923,10,9.780353407074248,24.908622075327425,28.987678632139986,34,65.38461538461539,6.863523607588385,11.122637843479156,20.91005505644765,25.011289472550256,60,10
3,37,22.0,59.45945945945946,10,15.46984134445312,40.81410368669687,46.573842375903034,22,59.45945945945946,5.956724260283735,10.381884993662611,16.585037167944503,18.198967069290095,60,10
4,55,37.0,67.27272727272727,10,33.86547218485929,86.1109299616311,101.22909434681792,37,67.27272727272727,6.6010363969905645,10.926730313840613,18.15356951816743,19.052894964899913,60,10
5,33,17.0,51.515151515151516,10,32.43541703198149,84.01084254519999,96.81572425243021,17,51.515151515151516,6.696635871648135,11.174607739062658,17.27738309206418,19.929129329611715,60,10
6,37,22.0,59.45945945945946,10,63.659284687780165,153.01636083322367,174.61177405542202,22,59.45945945945946,6.294852620673354,10.636039131515753,17.186866788352418,18.435612848176376,60,10
7,25,10.0,40.0,10,63.01098034548221,145.0121515349953,150.01869564892598,10,40.0,6.515315352809699,10.980345482215634,20.84772812029215,23.54497555569901,60,10
8,25,8.0,32.0,10,52.01134154267879,100.0208613471591,119.0161768478484,8,32.0,7.151131239642699,11.34154267879672,20.929217018731432,22.877563952176306,60,10
9,16,4.0,25.0,10,54.384050095925964,97.50929238019705,115.51315732669057,4,25.0,5.1803489222900865,9.050095925965293,15.980697510338672,16.168531471816486,60,10
10,19,7.0,36.8421052631579,10,82.11779344645034,164.01223142905647,192.80920824341612,6,31.57894736842105,7.962001326680424,12.530288555583274,19.833225077786516,21.937755104459644,60,10
11,15,5.0,33.333333333333336,10,96.67971603040579,165.01537370644246,193.01713468478195,4,26.666666666666668,8.446495757669538,13.049363739112968,20.00512751576089,22.7255276867806,60,10
12,14,5.0,35.714285714285715,9,120.01123505992582,261.00790720520257,292.2062098191156,4,28.571428571428573,6.753060737942057,11.235059925824354,18.387870573141484,21.32040715688067,60,10
13,7,0.0,0.0,6,90.0118911895756,140.0119471690669,140.01238190398843,0,0.0,7.365479076192345,11.891189575602226,17.632815095332656,19.14463218694517,60,10
14,1,1.0,100.0,1,90.0295404754378,90.0295404754378,90.0295404754378,0,0.0,23.838970744627222,29.5404754377957,29.5404754377957,29.5404754377957,60,10
15,2,2.0,100.0,2,150.0258582947987,150.02923410465928,150.0295341766469,0,0.0,20.402096723028926,25.85829479871702,29.234104659296353,29.534176646903404,60,10
1,56,37.0,66.07142857142857,10,5.456998307117457,15.258829172774286,17.461634649402956,37,66.07142857142857,6.132060355286926,10.569735688885993,17.73968032475606,20.475149976984508,61,10
2,54,37.0,68.51851851851852,10,8.083837772368273,16.71306348575588,20.949243722227727,37,68.51851851851852,5.448860380066012,9.763698294198965,18.05568350015986,20.216116126069068,61,10
3,41,25.0,60.97560975609756,10,23.03475949392312,68.01161426123876,74.40704378825055,24,58.53658536585366,6.218115438966638,10.36925002067849,19.54092924074859,24.84522733329054,61,10
4,52,35.0,67.3076923076923,10,30.43347069375556,70.00625160155128,80.44132334155235,34,65.38461538461539,5.967818121751021,10.393770678634114,16.860764828480985,21.043093566851482,61,10
5,33,20.0,60.60606060606061,10,35.46515783585253,84.00407336423001,96.80631929724473,19,57.57575757575758,6.285001903512505,10.612381307075399,19.172944553659317,23.769099324532302,61,10
6,40,22.0,55.0,10,48.7600452703317,105.76075660923502,129.1574989406843,22,55.0,5.82921085758042,10.045270331703358,16.90245693209281,20.109036334693915,61,10
7,42,24.0,57.142857142857146,10,77.98703631812641,150.01642814764654,189.7654864767796,24,57.142857142857146,6.567559103341068,10.845841935924408,17.442502271078677,21.3413491264656,61,10
8,25,12.0,48.0,10,68.00974273056111,150.00849452945243,169.00870751922417,11,44.0,5.509491062627298,9.742730561112898,17.384912923177232,20.100664142111526,61,10
9,13,4.0,30.76923076923077,10,62.318696066725806,132.01072079210374,146.41193020399848,4,30.76923076923077,6.537169094932443,11.003759033492202,17.774373138953457,19.297288176651545,61,10
10,22,10.0,45.45454545454545,10,90.92095150012939,160.0086629891695,191.60999041817652,9,40.90909090909091,7.336919011483686,11.860591038483847,20.5816822130209,22.80503907569927,61,10
11,17,6.0,35.294117647058826,10,102.95207086485387,210.00990437926473,242.01045304386867,6,35.294117647058826,6.435090200265503,10.894394265613288,19.102133921085144,21.036783909930374,61,10
12,9,2.0,22.22222222222222,7,86.67953134700801,156.00992010721208,175.20931541813337,1,11.11111111111111,8.274115954978967,12.864680341337376,19.21205622498198,20.252741198296086,61,10
13,7,1.0,14.285714285714286,6,100.01707890122672,140.0188404862121,140.019467192447,0,0.0,12.20758573877669,17.07890122673527,20.24619941085511,20.45956983547071,61,10
14,8,8.0,100.0,1,405.0328055437566,688.5256795862739,713.722743635328,7,87.5,26.886520439645658,32.805543756595604,52.56517234880354,54.57683168813621,61,10
15,2,2.0,100.0,2,150.04927128623044,150.06177979224114,150.0628916594421,0,0.0,42.25531629774433,49.27128623042839,61.77979224114464,62.8916594420972,61,10
1,56,37.0,66.07142857142857,10,3.9573639898042856,9.010648315913308,10.011481724096283,36,64.28571428571429,6.606721296970213,10.935418375714038,22.98376323866072,24.032948378783512,62,10
2,58,40.0,68.96551724137932,10,8.114820828738912,20.314709494838276,24.86975397183424,38,65.51724137931035,7.010135996730604,11.372552876843725,20.931588628038934,23.097835960935768,62,10
3,44,28.0,63.63636363636363,10,16.646596525949136,39.411512694212675,46.290896386071026,28,63.63636363636363,5.902507649437166,10.232889585500944,19.33543466253328,23.314284519549613,62,10
4,46,27.0,58.69565217391305,10,23.749128518445318,49.01223650753822,56.01089391682088,27,58.69565217391305,5.679655231565185,9.998083662708934,15.850357246425894,21.780545204991647,62,10
5,35,19.0,54.285714285714285,10,30.582232632954348,73.00948254479545,86.61246038171537,18,51.42857142857143,6.350775421262298,10.804061525779717,18.84628790686221,22.841261600010675,62,10
6,32,17.0,53.125,10,44.5434077176755,111.7660942911541,130.36191325658146,15,46.875,7.847596110082941,12.15771767549936,22.40619751173658,23.927931226828232,62,10
7,24,10.0,41.666666666666664,10,81.2612630160775,221.2617032992964,244.26614276355792,10,41.666666666666664,6.779154452736307,11.263016077493932,16.230820339320502,17.127493208329092,62,10
8,14,3.0,21.428571428571427,10,46.4364246501839,83.75731643571623,96.75146328714322,3,21.428571428571427,4.129880297115411,7.853221612484474,16.41480174033665,17.260360937801703,62,10
9,16,2.0,12.5,10,43.13519587067896,67.51516916105997,85.51623805403135,1,6.25,6.24979224112254,10.195870678967623,18.25115350443638,22.441256456991546,62,10
10,27,12.0,44.44444444444444,10,94.82539015408841,188.00869598927005,200.01003493864704,11,40.74074074074074,6.137290629564001,10.575339273585078,17.630299281849464,20.664542654546658,62,10
11,13,0.0,0.0,10,65.39513777574058,100.01470195361844,100.01655046514527,0,0.0,6.087869883134543,10.522391125201466,17.075896563162132,17.151860806588104,62,10
12,14,8.0,57.142857142857146,7,197.15648787935203,441.0103277949438,472.2106268777353,7,50.0,8.989137500997737,13.630736494902774,21.068735750492422,24.140589433285925,62,10
13,8,1.0,12.5,6,113.76285302929034,185.51358486821442,205.11127829238944,1,12.5,8.263241096202059,12.85302929035634,18.772225511469834,18.905980491747517,62,10
14,4,1.0,25.0,3,112.51674427396958,166.51774808579165,177.31650846459794,0,0.0,11.89525132615562,16.74427396956962,24.97920942171966,26.21883061543868,62,10
15,5,1.0,20.0,4,180.01851593150627,270.0184749623993,294.01772840693593,0,0.0,13.548881161268664,18.515931506270505,21.363746596895705,22.03894109248414,62,10
1,61,42.0,68.85245901639344,10,4.22359705871712,9.010836576885158,11.409766724686243,42,68.85245901639344,6.172864437903082,10.482304618759441,17.582436700137137,22.55920658454394,63,10
2,62,42.0,67.74193548387096,10,8.913681382681593,21.917296060199305,26.79485503226444,42,67.74193548387096,6.26637846763048,10.455576229980739,17.80439151686055,21.593585147354748,63,10
3,43,26.0,60.46511627906977,10,13.40701950663472,31.609726172923303,38.33164624533562,25,58.13953488372093,7.24647601603957,11.670669425420908,19.334458072738165,21.792201626945943,63,10
4,46,29.0,63.04347826086956,10,37.597569074148296,103.26570626347949,115.86378235395098,29,63.04347826086956,6.577842050269537,10.61255240917514,17.764040841490864,22.383586500800835,63,10
5,32,17.0,53.125,10,32.50955249542186,74.5094051605269,86.9125511069408,17,53.125,5.299261072641668,9.552495421851436,14.348663181938463,16.22346750391536,63,10
6,42,28.0,66.66666666666667,10,54.29592637907334,105.01380034264419,128.86000304951477,27,64.28571428571429,6.064924152461212,10.212093359061685,21.495715326138548,24.20063447176913,63,10
7,31,16.0,51.61290322580645,10,67.75231579271178,162.51166124525048,192.50833520774597,14,45.16129032258065,5.955253110633332,10.38030884081969,21.338660899313147,22.469842871057608,63,10
8,31,18.0,58.064516129032256,10,101.62480990504794,287.51028608826243,317.5071755986325,17,54.83870967741935,7.379936821593609,11.906679241463328,22.918499697257765,24.46527379703881,63,10
9,18,7.0,38.888888888888886,10,61.67668898438587,120.01482416328243,120.01527919341461,6,33.333333333333336,6.035946919119398,10.022317719201068,17.935892997046864,22.806873385527364,63,10
10,21,5.0,23.80952380952381,10,70.48615943858965,120.01115093377005,120.01383120623505,5,23.80952380952381,5.57131054025996,9.96896239918041,14.85609621329186,15.34078381930116,63,10
11,19,6.0,31.57894736842105,10,100.01014525306555,200.00778653100116,200.00783704808634,6,31.57894736842105,5.735856734735224,10.145253065560187,17.95226528411426,19.79653121712785,63,10
12,14,3.0,21.428571428571427,10,107.15293347964291,201.00950139436398,232.20759005365423,3,21.428571428571427,5.938211672623345,10.076336785775458,17.005990068209144,17.37412562616964,63,10
13,10,2.0,20.0,8,119.01273760005536,210.01774984623412,210.01910859576842,2,20.0,8.15550174880018,12.737600055366318,18.248285631582185,19.208283647896888,63,10
14,4,3.0,75.0,3,135.02350919446084,180.026830641882,180.02689843033397,2,50.0,18.209493285904543,23.509194460845976,26.830641881991824,26.89843033399109,63,10
15,2,0.0,0.0,4,225.0103606425199,292.51112329150715,298.5111910825282,0,0.0,5.936896958645052,10.360642519902932,11.123291507147213,11.191082528235594,63,10
1,57,43.0,75.43859649122807,10,4.659758551371834,9.214975457567016,10.448821184602659,41,71.9298245614035,6.193671528003253,10.635744354289876,20.741402625531656,24.310326559143125,64,10
2,53,33.0,62.264150943396224,10,8.878129538786096,20.810205597272024,24.981719473128795,33,62.264150943396224,6.143852012549411,10.205010484207568,19.282494532615104,25.518493379144132,64,10
3,42,25.0,59.523809523809526,10,13.63070334136432,28.016727546152104,34.37115444613359,24,57.142857142857146,7.3234853096090395,11.655722316700684,19.425270812120548,22.539146600657656,64,10
4,38,20.0,52.63157894736842,10,22.115821563441997,50.0610475037418,60.42226672600181,20,52.63157894736842,6.317986094215169,10.558405547261087,18.348088851608775,18.61812345901957,64,10
5,30,17.0,56.666666666666664,10,31.010588444984485,65.51122191583333,77.11411221779322,16,53.333333333333336,6.149523238918392,10.588444984486056,16.882564746695866,19.8114859728836,64,10
6,23,7.0,30.434782608695652,10,28.705656002733345,58.509403547526865,60.01264100218305,7,30.434782608695652,5.928508100126067,10.003828820299434,18.3271467379099,22.780222487580783,64,10
7,24,9.0,37.5,10,55.21868397129739,100.01011631916826,100.01024715838453,9,37.5,6.083122250555459,10.35063796404757,14.077195506009167,18.024460544020627,64,10
8,25,12.0,48.0,10,61.01051262343462,120.00852781919183,144.01074805130062,12,48.0,6.228093726582887,10.512623434630887,18.049051984981944,24.049550343243983,64,10
9,26,10.0,38.46153846153846,10,70.39499795228684,142.51137407938168,150.01223881823427,10,38.46153846153846,6.2445553257367274,10.382567671458869,17.000713932115378,17.277160005099383,64,10
10,24,10.0,41.666666666666664,10,86.6777395678988,160.0104208281748,190.80869481153152,8,33.333333333333336,6.601705045110303,11.072901232122732,20.947303393216277,21.88122488860596,64,10
11,12,4.0,33.333333333333336,10,100.01094469748955,222.50886319005178,244.5089659933413,3,25.0,6.482042226926061,10.944697489545431,19.964780773375832,23.44121740198967,64,10
12,12,1.0,8.333333333333334,10,80.01160991564105,120.01128762348374,120.0117762677286,0,0.0,7.102943591551209,11.609915641049575,18.245405928469555,23.097342433008418,64,10
13,8,1.0,12.5,8,87.51192145850908,140.00999634532812,140.01146500372974,0,0.0,7.860421530286716,11.921458509078247,21.203607088000297,22.83836694130117,64,10
14,6,2.0,33.333333333333336,5,180.01147524684703,337.51093025186884,355.51186089371146,2,33.333333333333336,6.977246423215836,11.47524684704581,16.76529183818434,17.929847320319464,64,10
15,2,1.0,50.0,2,225.01841343652262,292.52140381321,298.5216696244711,1,50.0,13.45321438629326,18.413436522630196,21.403813210037967,21.66962447114088,64,10
1,54,34.0,62.96296296296296,10,3.824788763074403,8.360164398656908,10.47792868650202,34,62.96296296296296,5.9216605651110195,9.973948259588436,19.800527289875753,21.13472845008168,65,10
2,65,45.0,69.23076923076923,10,8.564409313589278,18.012479261758916,20.010145130201593,45,69.23076923076923,6.413116366176685,10.563159743123549,18.479688601667615,24.716187161934904,65,10
3,35,19.0,54.285714285714285,10,12.124083141335111,25.20867641229414,28.01897997457966,19,54.285714285714285,5.7312188874227195,9.797427049397303,20.82793136466296,24.76719977610304,65,10
4,51,35.0,68.62745098039215,10,27.59913333283429,59.50893903786682,66.514175576303,35,68.62745098039215,6.511698138196199,10.898038716639835,18.804675014424916,22.542443316548685,65,10
5,54,37.0,68.51851851851852,10,44.27097254369937,103.50844429362216,124.71209987541535,37,68.51851851851852,7.337704497273556,11.713284440113071,20.064640693250475,24.071905927366625,65,10
6,35,19.0,54.285714285714285,10,48.86831647380734,124.5090029878178,144.9102017159921,18,51.42857142857143,7.0157268462946805,11.17361666448865,21.33587499664312,25.616476102065214,65,10
7,33,18.0,54.54545454545455,10,71.97993024193406,135.01251791859843,150.0122129435381,18,54.54545454545455,5.931149053335972,10.233272237084842,16.58000381942411,17.982885684935315,65,10
8,23,9.0,39.130434782608695,10,63.055648559507425,147.5142130467894,150.01471214103591,9,39.130434782608695,7.788320880829751,12.170298637864366,18.62870918231124,18.666903293382813,65,10
9,18,6.0,33.333333333333336,10,60.010120684979675,124.50180698236407,144.90999863574808,5,27.77777777777778,5.920343166288723,10.120684979675236,16.87204404886693,24.102104964330927,65,10
10,22,8.0,36.36363636363637,10,89.09983332174747,160.01101853514012,191.6097735330946,8,36.36363636363637,5.105295324865408,8.924230838374603,15.792976453897603,16.37868005216381,65,10
11,16,5.0,31.25,10,112.50979754297948,262.50608096564474,292.5069059679104,5,31.25,5.411311070362547,9.797542979493588,15.640077085288077,16.171698226554774,65,10
12,16,6.0,37.5,10,123.76132041069359,255.01672973489025,291.0224783058872,5,31.25,6.83272544350218,11.320410693582486,22.953031486728825,23.722965206534063,65,10
13,7,3.0,42.857142857142854,5,110.01534666673517,189.01399806567682,205.81088472876644,2,28.571428571428573,10.59075258828813,15.346666735178042,32.02361958792579,35.090472589923884,65,10
14,8,2.0,25.0,5,146.26508183615297,238.5159382153736,263.71619340319705,1,12.5,10.34356500101157,15.081836152977345,25.325565196295603,27.769227790601505,65,10
15,1,1.0,100.0,2,150.0360890256084,150.0360890256084,150.0360890256084,0,0.0,29.951256959386637,36.089025608403375,36.089025608403375,36.089025608403375,65,10
1,58,41.0,70.6896551724138,10,4.665743112060528,11.166048177897052,13.44042889712979,40,68.96551724137932,6.326071924781132,10.570698267423666,18.36656761182227,25.38674663629522,66,10
2,48,31.0,64.58333333333333,10,6.7607645004493735,14.008525375765252,17.071612182717793,31,64.58333333333333,6.469413245959828,10.764500449372804,19.762215866364766,23.244911932444595,66,10
3,44,26.0,59.09090909090909,10,13.738282117389366,31.410177385470064,34.30165505618984,26,59.09090909090909,6.627277769320128,11.009390116636123,19.37425581060313,23.77990542176128,66,10
4,44,28.0,63.63636363636363,10,23.2368744383382,47.95857610184203,49.01127612928665,28,63.63636363636363,5.652789132852596,9.601711065472262,19.751531475101075,22.237208812195405,66,10
5,30,16.0,53.333333333333336,10,26.011223116749537,50.01148470198128,50.01193563450938,15,50.0,6.86636389118594,11.223116749534709,21.520691607576044,25.43431582062857,66,10
6,42,27.0,64.28571428571429,10,53.22674152743316,119.2619959124368,143.8596398683392,26,61.904761904761905,7.981380805011419,12.455813147443223,25.34952127647829,25.781451269341815,66,10
7,35,19.0,54.285714285714285,10,86.43940385471673,207.50956047847137,241.51333902552315,18,51.42857142857143,6.590594407747363,10.832426145305893,19.067536591540367,21.9358882581269,66,10
8,23,8.0,34.78260869565217,10,50.008106498517236,100.00591333894566,100.01262639049376,8,34.78260869565217,4.644558715526963,8.106498517241686,15.279129637395053,21.03763564157843,66,10
9,11,3.0,27.272727272727273,8,43.64975629679372,75.01860924796125,87.01453055927438,2,18.181818181818183,8.766922047025107,13.392660430089206,23.4773328622301,23.661553628313065,66,10
10,15,4.0,26.666666666666668,10,61.34616633381471,92.01809897445058,114.41083761229793,3,20.0,8.244546605079796,12.833000481376075,22.095678171378733,22.294829630768433,66,10
11,16,3.0,18.75,10,87.50936560748417,162.51102752428034,192.50797834502316,3,18.75,5.241496105055946,9.365607484171884,13.199120068055148,15.361770701389363,66,10
12,17,3.0,17.647058823529413,10,109.42342415626165,252.01537314383424,290.4169672815004,3,17.647058823529413,7.368797168924921,11.659450379299905,17.772413652751,19.073526407546026,66,10
13,10,3.0,30.0,5,133.01551635787587,248.5124450335397,273.7082525554318,2,20.0,10.749138917007144,15.51635787585962,22.64753745460887,25.13306190903511,66,10
14,5,1.0,20.0,4,162.01358858562332,252.01049948043772,266.4103683331932,1,20.0,8.949794717544398,13.58858562332326,17.83641794276438,17.909351383883664,66,10
15,0,,0.0,1,0.0,0.0,0.0,0,0.0,0.0,0.0,0.0,0.0,66,10
1,57,37.0,64.91228070175438,10,3.9395079051872,8.213714756374912,9.452182432873606,37,64.91228070175438,5.435720528562469,9.683343783691695,14.855298643446297,16.254489930870946,67,10
2,62,43.0,69.35483870967742,10,8.397355245345036,17.913927284050118,22.78981801646487,43,69.35483870967742,6.2630587227677665,10.258471151488429,21.50689287172954,24.615576687594196,67,10
3,42,23.0,54.76190476190476,10,12.58212383813618,27.812116722683243,34.368991591546916,22,52.38095238095238,6.42701518623735,10.695266707607217,17.2573984891026,23.183391526916346,67,10
4,41,26.0,63.41463414634146,10,24.93719345527103,56.017695301648985,63.011243284104445,25,60.97560975609756,6.3955126365961394,10.364186978349212,20.611448074721174,25.57292084860452,67,10
5,45,28.0,62.22222222222222,10,33.344581190840884,70.0155580254179,80.00410978552614,28,62.22222222222222,7.013907097593444,11.24785750755508,18.98696674537621,23.757833425238772,67,10
6,32,17.0,53.125,10,42.666553705646145,81.75822196677507,100.36212992462735,17,53.125,6.117098232874538,10.303705646143603,17.915525527863153,18.814069703399376,67,10
7,29,14.0,48.275862068965516,10,65.52721307878365,140.01267082322377,150.0158721088044,13,44.827586206896555,5.960091506443247,9.971699473308057,18.234708970290797,20.77357029310709,67,10
8,20,4.0,20.0,10,46.25923959576148,101.25057207848478,120.25926767145312,4,20.0,5.450562298941504,9.23959576147664,15.239926158956441,15.635468295391924,67,10
9,12,5.0,41.666666666666664,8,65.01320424466878,133.50923162503295,146.71301553879073,5,41.666666666666664,8.90218522051043,13.204244668787327,20.63625499649215,22.00294499579112,67,10
10,22,12.0,54.54545454545455,10,123.64869802966449,318.00849320878154,351.609621910578,11,50.0,7.948862067357559,12.334393300824264,24.291615850049208,26.1125937958159,67,10
11,13,2.0,15.384615384615385,10,88.47122860578655,170.00934297307515,194.0088750348742,2,15.384615384615385,5.598261102558993,9.690144248086849,15.443532346906718,17.244947788571633,67,10
12,17,5.0,29.41176470588235,10,127.07026033643714,252.0139452232437,290.40846955900685,5,29.41176470588235,6.941367459794654,11.436807025385356,18.31890117695125,21.02978258425776,67,10
13,8,2.0,25.0,6,140.012907366675,255.51501556534635,275.1128045672665,2,25.0,8.313958528055926,12.907366674986239,19.12072363481296,19.942736295256818,67,10
14,4,1.0,25.0,4,157.51460274187795,256.5163408276215,267.316029259246,1,25.0,9.896387953182622,14.602741877944716,18.28771127876984,18.495758480782808,67,10
15,1,1.0,100.0,1,150.0235877397568,150.0235877397568,150.0235877397568,0,0.0,18.28280589971733,23.587739756799582,23.587739756799582,23.587739756799582,67,10
1,65,49.0,75.38461538461539,10,6.424961575389646,17.81604118042162,20.370540018424506,48,73.84615384615384,5.492617185884567,9.576960005030388,17.6512439377235,23.913168598846593,68,10
2,55,35.0,63.63636363636363,10,8.301004837761093,20.010957420572165,22.930626070443104,35,63.63636363636363,5.893295182337841,10.09574685200218,17.5345748273673,19.243031430296522,68,10
3,60,42.0,70.0,10,17.810428659080095,40.20971415864144,49.653887647268874,41,68.33333333333333,6.187058274280861,10.428659080094524,17.470821715781874,24.398335508910513,68,10
4,37,22.0,59.45945945945946,10,21.198703701613955,43.41665809996093,53.491961667500256,22,59.45945945945946,5.449853851907184,9.514512424765712,18.556947960884067,22.73733578741323,68,10
5,32,16.0,50.0,10,26.885801492044216,54.50920375096692,60.00883090480448,16,50.0,6.581722135810381,10.801492044217026,20.951148444627904,24.81928201926773,68,10
6,44,29.0,65.9090909090909,10,58.988501643441005,132.76484294748752,143.56355355889704,29,65.9090909090909,7.001884477934723,11.228916168287457,17.66179774384128,22.552752219792996,68,10
7,30,16.0,53.333333333333336,10,74.17809022482199,175.01134382407463,192.76242072653616,15,50.0,7.053451904481146,11.423558155309289,21.636612648904805,26.329667929019887,68,10
8,31,15.0,48.38709677419355,10,94.36532041956328,225.01095323337944,242.51210787607832,15,48.38709677419355,6.170334963129989,10.481709885839141,16.965167524861535,17.65918996434139,68,10
9,28,15.0,53.57142857142857,10,93.22352151608072,199.51522158086868,231.91133334823246,15,53.57142857142857,5.287013074316567,9.235801795021725,16.440464487378346,16.94641146198682,68,10
10,19,4.0,21.05263157894737,10,71.58719013154553,160.00912689131727,160.01128031296807,4,21.05263157894737,4.746114810128332,8.242763124474191,15.221013978656503,17.297061475187046,68,10
11,16,4.0,25.0,10,87.51184885915086,162.51256388064536,192.51356229034937,3,18.75,7.325968701387808,11.848859150851785,20.06841371559497,21.889376739611677,68,10
12,11,1.0,9.090909090909092,10,92.73500450935852,150.00988315664773,174.00880025985782,1,9.090909090909092,4.16199289226522,7.731782085785326,11.595398709681804,11.882295569309486,68,10
13,11,3.0,27.272727272727273,6,133.6486900384115,245.01465558756462,273.01240778372375,3,27.272727272727273,7.771697723888562,12.32640204786041,16.108836670540104,17.194041226689265,68,10
14,8,2.0,25.0,6,157.51351579019823,328.5148430613124,353.7166408141833,2,25.0,8.881848918586057,13.515790198219264,16.68767602909814,17.009737126630043,68,10
15,1,0.0,0.0,1,150.01380104969257,150.01380104969257,150.01380104969257,0,0.0,9.148104445301538,13.801049692561598,13.801049692561598,13.801049692561598,68,10
1,72,56.0,77.77777777777777,10,6.136270358009889,17.461317201842302,20.30096153322967,53,73.61111111111111,6.941570611059335,11.270358009889174,22.05354130281547,24.27516278526838,69,10
2,72,52.0,72.22222222222223,10,10.566308252302337,26.91716320896456,30.59477457524533,52,72.22222222222223,6.354687008576793,10.752696746780705,18.266144231219435,24.964657639674623,69,10
3,43,27.0,62.7906976744186,10,12.568525051353001,24.00798295380389,26.33611031186465,27,62.7906976744186,5.9601138072486775,10.385516469280027,22.26294511681067,26.104270153881682,69,10
4,44,26.0,59.09090909090909,10,24.671001506488142,54.95930631970882,67.00695819879807,26,59.09090909090909,7.383593950096697,11.910597397230477,20.75500273302639,23.965316332222883,69,10
5,32,17.0,53.125,10,34.697700341317315,94.50895375369907,106.91840455419972,17,53.125,5.903947519710882,10.200341317313175,19.305248365975974,21.745133316963308,69,10
6,30,14.0,46.666666666666664,10,35.010057843227635,68.26322053306731,75.01225003594335,12,40.0,5.654270134119148,10.057843227635123,20.757171984542346,22.25406809445583,69,10
7,26,14.0,53.84615384615385,10,83.66435586893857,193.76604732237556,218.7601634381124,14,53.84615384615385,6.219635260567239,10.509715092411405,17.89583625985002,19.007796375757195,69,10
8,20,8.0,40.0,10,53.760327061601934,101.25591208754372,120.25857015475718,8,40.0,6.278905226979406,10.327061601938397,16.528863313039093,22.438131571796106,69,10
9,16,5.0,31.25,10,56.258632008663724,97.51005281216116,115.50201056243222,5,31.25,4.790114604314574,8.632008663725383,16.302831497502133,20.626568648367932,69,10
10,17,5.0,29.41176470588235,10,77.6572119107742,168.01212699779506,193.6116024233337,4,23.529411764705884,5.743169001475332,10.15308724477333,16.841550607395764,19.57438828178415,69,10
11,16,5.0,31.25,10,100.01077281067302,200.00959548011554,200.0105493949734,5,31.25,6.321606498124762,10.772810673009193,19.615657284334134,19.868021286780447,69,10
12,17,6.0,35.294117647058826,10,123.54030767433403,252.01370362755657,290.41297843169343,5,29.41176470588235,6.656123449387766,10.895909628149665,19.629442844277786,23.759692642262888,69,10
13,7,1.0,14.285714285714286,6,110.01125196982184,189.00913609659014,205.80772214789621,1,14.285714285714286,6.768844097867062,11.251969821843307,14.870270866187553,15.281325230934378,69,10
14,2,0.0,0.0,6,90.01356167505062,90.01391134768596,90.01394242969799,0,0.0,8.924676925330449,13.561675050632674,13.911347685957844,13.942429697986748,69,10
15,3,3.0,100.0,3,300.02115628239955,435.01757788605863,447.0172613580446,2,66.66666666666667,16.013332062103668,21.15628239954957,24.74689806863127,25.067615566603887,69,10
1,70,55.0,78.57142857142857,10,5.340654911377083,13.563140620052517,15.324296581711648,52,74.28571428571429,7.811641764582079,12.083482805654832,22.240642047563917,25.16281162346518,70,10
2,51,33.0,64.70588235294117,10,8.481978271202562,20.009326134226157,22.00670208100906,32,62.745098039215684,7.04412479135843,11.390035908444105,21.180627650316456,23.97419850763444,70,10
3,42,26.0,61.904761904761905,10,13.819815400071569,28.01421089659356,34.36801121949152,25,59.523809523809526,6.1391252439908515,10.291590547760467,17.631778087038477,22.807710813383956,70,10
4,34,16.0,47.05882352941177,10,17.51044286769057,35.00800527461138,39.70014515859915,16,47.05882352941177,6.343072554076934,10.442867690574158,19.88802670980356,25.336308290787336,70,10
5,44,27.0,61.36363636363637,10,39.78467204172079,98.51760794331801,115.71642721510153,26,59.09090909090909,7.500341770634966,11.944768993521183,20.783293964610134,23.1224347922103,70,10
6,36,18.0,50.0,10,41.6769328177656,90.01229976434217,99.76532356123323,18,50.0,5.84870054955263,10.266151098932733,17.00927801784046,20.79180074650633,70,10
7,25,10.0,40.0,10,72.0092652364612,170.00165158987457,175.00645929986922,10,40.0,5.362489208668048,9.265236461196576,16.855662538639546,17.959026542318917,70,10
8,32,17.0,53.125,10,68.76084583928696,136.26082723073395,150.01074515155614,16,50.0,6.623114968325336,10.845839286951374,20.635426146269314,23.51394764998611,70,10
9,16,4.0,25.0,10,54.38596432010762,97.5100757667103,115.51235616238598,3,18.75,6.967047622401529,10.964320107612167,19.185528126420024,20.43022772570933,70,10
10,31,16.0,51.61290322580645,10,103.2383313291921,220.0082687864741,268.0059469783124,14,45.16129032258065,7.956950829161575,12.524877579194632,21.34162238347188,24.54036099667448,70,10
11,11,3.0,27.272727272727273,8,81.83121322110786,150.01769892478194,150.02257037487408,2,18.181818181818183,8.429731492712156,13.031402926040814,24.58749201671104,25.226895712378386,70,10
12,13,4.0,30.76923076923077,10,92.32240708190096,144.01803903594518,172.81139414444982,2,15.384615384615385,10.000956697817239,14.714774208640183,24.509715392110163,25.62963923297959,70,10
13,4,3.0,75.0,3,105.0237510825269,140.0265436149071,140.02661702063352,2,50.0,18.435266785871484,23.751082526911517,26.543614907107013,26.617020633539653,70,10
14,11,2.0,18.181818181818183,8,130.92147561265753,225.01098496800614,261.00881075737465,1,9.090909090909092,8.165526133970044,12.384703566616023,19.706171734675056,21.0894854067414,70,10
15,2,2.0,100.0,3,225.02597260143406,292.5258758532187,298.5258672533773,1,50.0,20.508788258302566,25.97260143406919,26.06934964941631,26.077949490780497,70,10
1,58,41.0,70.6896551724138,10,5.286473789374241,13.157334233113806,14.43812232233172,40,68.96551724137932,6.1712480560151,10.611720408722825,17.63738098567266,22.87753437175936,71,10
2,73,55.0,75.34246575342466,10,11.982516680011198,30.01186563263562,34.56923281948502,55,75.34246575342466,5.673386335877142,9.913940285171295,17.719406597651233,19.994544261085494,71,10
3,46,28.0,60.869565217391305,10,16.097639597355904,43.014448690177815,50.21206440543365,28,60.869565217391305,6.481340038046922,10.683075616771958,19.082108073961976,22.080039016403504,71,10
4,43,23.0,53.48837209302326,10,22.311916995282605,49.00903111869215,60.06729535974852,23,53.48837209302326,5.3925663898756255,9.59141388725874,16.018461228462456,22.33920383204599,71,10
5,32,14.0,43.75,10,27.5102820665552,64.50243635780541,76.90743759783905,14,43.75,6.096900736659115,10.282066555197899,16.065869587161615,17.590967461879558,71,10
6,35,22.0,62.857142857142854,10,50.155624201294685,120.02018585807984,129.91296748783554,21,60.0,8.182997615604789,12.76705843753755,23.978383065686643,25.147462326070674,71,10
7,35,20.0,57.142857142857146,10,67.8685106167812,132.51357838850694,166.50625068039975,18,51.42857142857143,6.876920004866765,11.367759638346419,24.433256928741816,25.73184318385036,71,10
8,29,13.0,44.827586206896555,10,65.52782584795501,140.01492267317317,150.01497948642165,13,44.827586206896555,6.40329595974652,10.584468644670745,16.458244160026236,17.147374310309193,71,10
9,16,7.0,43.75,10,86.2613179932114,217.50993830992687,235.51148685171117,6,37.5,6.830469013822583,11.317993211409023,19.10861776275165,21.922606528046817,71,10
10,23,9.0,39.130434782608695,10,97.40165866543282,200.01354891335015,231.20957574779936,9,39.130434782608695,6.093320379386259,10.354317606723342,16.189733880440304,17.38440644509955,71,10
11,17,7.0,41.1764705882353,8,120.60000189266063,260.0074484558862,292.00582099394245,7,41.1764705882353,7.249188289499291,11.766598543002997,16.973051481609588,17.690992773141858,71,10
12,10,0.0,0.0,8,78.00895056684462,120.00962252059378,120.01237710453819,0,0.0,5.367464482324255,8.950566844625202,16.018423850127196,17.586570886921756,71,10
13,8,7.0,87.5,3,131.27342474826315,210.02403278974163,210.02570789554238,5,62.5,18.130672888025494,23.424748263164357,26.639330537943845,26.860168065181494,71,10
14,8,1.0,12.5,8,112.51213002407354,180.01689835892475,180.01870858251075,0,0.0,8.055092471380448,12.130024073536504,22.327814888745934,23.691921680775994,71,10
15,0,,0.0,1,0.0,0.0,0.0,0,0.0,0.0,0.0,0.0,0.0,71,10
1,53,34.0,64.15094339622641,10,4.446005618881736,11.406501946131094,13.492994503495574,34,64.15094339622641,7.648394557043565,12.043354730791824,21.49956617158504,24.419369341704424,72,10
2,46,27.0,58.69565217391305,10,6.532741967642761,13.512482448883963,17.111704656215746,26,56.52173913043478,6.6986356500158974,11.002837207978496,20.696708915141887,27.758708258953327,72,10
3,55,36.0,65.45454545454545,10,16.084045739763223,36.007131942615004,41.849338033223944,35,63.63636363636363,6.966675645978661,11.31846703594634,22.26558829377828,24.94604952513498,72,10
4,50,33.0,66.0,10,26.6113101007281,56.01248041331646,63.01115790643597,32,64.0,6.897772732777303,11.310100728098801,20.461865271414027,23.68240947710892,72,10
5,33,17.0,51.515151515151516,10,35.464672920014635,84.01281372913998,96.80980278163054,17,51.515151515151516,5.945528103078066,10.127465469178068,15.47430537545233,16.911338834102786,72,10
6,33,17.0,51.515151515151516,10,49.09997647775287,141.01235329941315,160.20972248209574,17,51.515151515151516,5.295482776239222,9.067386843774878,19.43908686384361,24.03394362681996,72,10
7,17,5.0,29.41176470588235,10,44.13005510745447,80.01505967250392,96.01145987335217,4,23.529411764705884,7.84790501729676,12.408048630941675,19.166381862258348,24.560972527009227,72,10
8,26,8.0,30.76923076923077,10,50.01147769225064,93.76107245932145,100.02107180368486,8,30.76923076923077,7.266722781781969,11.47769225062391,17.756921032275052,22.957370406232428,72,10
9,15,2.0,13.333333333333334,10,44.01094181014777,69.01258258716493,85.80735311740492,1,6.666666666666667,6.479347239667643,10.941810147779874,17.84054079053019,22.42591779822721,72,10
10,14,2.0,14.285714285714286,10,65.72459000137657,120.01051998731313,120.01270147941099,2,14.285714285714286,6.150975944272636,10.30428709085832,14.98642545914561,15.772259934981863,72,10
11,13,2.0,15.384615384615385,10,84.62341871368946,150.00873890471897,150.01005583193228,2,15.384615384615385,3.7653469569860456,8.03409830482531,12.956284421210329,13.880291566974835,72,10
12,11,5.0,45.45454545454545,8,141.83037480215253,330.01214970084163,354.0093131303162,4,36.36363636363637,7.986578884194855,12.192983970728084,20.60910818756611,22.09293172641556,72,10
13,6,0.0,0.0,5,81.68261502505729,122.51722805200995,136.51689684528026,0,0.0,11.15235958759098,15.948358390620896,18.44387631914511,18.4648370608991,72,10
14,3,1.0,33.333333333333336,3,90.01840846607557,90.0213459659017,90.02168453418105,0,0.0,13.448575070057288,18.408466075556692,21.345965901701586,21.684534181043965,72,10
15,3,3.0,100.0,1,300.02694185658476,435.0198703701239,447.01895692240726,2,66.66666666666667,21.413471698440123,26.94185658477747,31.76998279969325,31.91427843201075,72,10
1,57,38.0,66.66666666666667,10,4.309307835407813,10.009286325974156,11.448593421037124,38,66.66666666666667,6.722737388739687,11.06222137272492,20.380088143113777,23.19487829178039,73,10
2,74,58.0,78.37837837837837,10,11.714401515308193,32.709645657715704,38.55098088711069,57,77.02702702702703,7.387730153381649,11.698812605488778,21.11332956210178,23.63362933026911,73,10
3,42,27.0,64.28571428571429,10,15.726144125836854,39.810138615173166,46.37112365710072,25,59.523809523809526,7.779351421300695,11.858411551142915,24.443307947966787,24.909068082784515,73,10
4,55,37.0,67.27272727272727,10,25.97440339317153,51.11490592888733,66.23070318699847,36,65.45454545454545,6.45197487305607,10.767029535163863,19.069540321894877,25.51891392221953,73,10
5,34,17.0,50.0,10,27.657080289358394,53.513621182178845,66.70865879114011,16,47.05882352941177,6.0595538750930995,10.021465828981933,16.72684187198975,22.34285968283034,73,10
6,23,9.0,39.130434782608695,10,37.83674707087101,88.50994417974232,101.71451901414115,9,39.130434782608695,6.216417995616223,10.660114349269486,15.93420021722723,16.853216595674198,73,10
7,22,8.0,36.36363636363637,10,60.23906584005924,148.76634521127536,169.76174145177214,7,31.818181818181817,7.273936155951708,11.79311278650943,17.437439372520775,20.845788296226274,73,10
8,23,9.0,39.130434782608695,10,68.48852477470537,172.51509105668703,194.51428022244198,9,39.130434782608695,6.171258153676581,10.26390514014759,15.965164278081389,18.385290746612622,73,10
9,23,8.0,34.78260869565217,10,61.31637496006462,120.01916172879795,120.02126101601608,7,30.434782608695652,7.492366871668031,12.027133977666363,21.163212100120255,21.624063722848913,73,10
10,20,7.0,35.0,10,96.00989077578608,242.00903125948946,272.4070098666001,7,35.0,5.871684741753907,9.890775786074755,23.394153306515143,23.979014715028043,73,10
11,19,7.0,36.8421052631579,10,128.95684853325056,305.0070753831048,341.0081770342258,7,36.8421052631579,5.3115285726276475,9.480112197910664,14.109259282463247,15.891114530399927,73,10
12,9,1.0,11.11111111111111,7,100.00988898637975,156.01202780481805,175.21107629124083,1,11.11111111111111,5.49666251767482,9.88898637975661,13.610589881707467,13.771632196636697,73,10
13,14,7.0,50.0,5,190.01440944044808,444.5148554686985,480.91058169754467,5,35.714285714285715,9.715964251101841,14.409440448082066,27.35069423669476,30.188247888413656,73,10
14,3,2.0,66.66666666666667,3,120.02077858640605,171.02202876637955,178.22172233409864,1,33.333333333333336,15.660798149364515,20.778586406053975,25.09308918861817,25.399521469523652,73,10
15,4,4.0,100.0,3,375.0214799041685,577.5186513703077,595.5184996523644,3,75.0,16.315394171374603,21.47990416850794,26.12331556089511,26.89727722929539,73,10
1,74,56.0,75.67567567567568,10,5.389766516265769,12.367037366563602,14.010204451217108,55,74.32432432432432,7.047299586603352,11.388137887389968,22.0631850150559,24.994916579892873,74,10
2,58,43.0,74.13793103448276,10,10.941375637658249,28.31160305606663,32.87219837288122,42,72.41379310344827,6.176191759435987,10.341154899627508,20.51830884473963,21.887385400591775,74,10
3,66,47.0,71.21212121212122,10,19.64705161013354,44.01123659292478,53.40882290098177,47,71.21212121212122,6.355558401738422,10.687973769905284,19.49689140222305,21.352971646044,74,10
4,33,18.0,54.54545454545455,10,22.920949355401188,58.8109578963553,67.77106147470478,16,48.484848484848484,7.448054143064853,11.858446310274203,21.869227955203506,22.39240027729624,74,10
5,41,24.0,58.53658536585366,10,31.4750107098073,60.02482728893271,70.00876592045718,24,58.53658536585366,7.181087100186064,11.596075660959794,20.73359697954896,24.756595807288967,74,10
6,29,15.0,51.724137931034484,10,39.838225444030655,84.01236412092524,90.0135344854923,13,44.827586206896555,6.3256736976442856,10.639237134097105,20.326189294797633,23.072579318007467,74,10
7,31,16.0,51.61290322580645,10,75.8178743946245,187.50944985738823,217.51233169140886,15,48.38709677419355,7.048712658470836,11.422781721250352,21.539107237582407,23.203968683790784,74,10
8,26,10.0,38.46153846153846,10,72.12612129019689,193.75969102597924,218.76586200136683,10,38.46153846153846,6.431474939723557,10.736674812283617,18.97830790102053,19.35500917833511,74,10
9,19,7.0,36.8421052631579,10,66.32526934440477,123.01659582827024,144.6095179100312,7,36.8421052631579,5.114802115187392,9.4798707205751,16.852676753558377,17.433633326860612,74,10
10,20,5.0,25.0,10,72.0114227837389,122.01478547960997,152.40732723817666,4,20.0,6.928278403672363,11.422783738894656,18.163791078595253,25.2724334577348,74,10
11,21,8.0,38.095238095238095,10,123.82081891676916,300.007158202946,340.00993984546193,8,38.095238095238095,6.809107709232987,11.295107245356448,23.48878219513034,24.556232798916053,74,10
12,15,8.0,53.333333333333336,7,216.01483559041478,498.0144608521567,531.6117699005778,8,53.333333333333336,10.113724136701508,14.835590414753273,19.853112391435207,20.19298085685657,74,10
13,1,1.0,100.0,1,70.02121966140447,70.02121966140447,70.02121966140447,0,0.0,16.07248876213966,21.219661404475392,21.219661404475392,21.219661404475392,74,10
14,10,2.0,20.0,8,144.01355558791323,229.5132479026337,261.90952254631185,1,10.0,8.918995312591434,13.555587913223835,21.740860264898547,23.57453075600652,74,10
15,3,3.0,100.0,3,200.02558051351204,285.0298692927728,297.0302909634142,1,33.333333333333336,20.14282120630164,25.580513512035946,29.86929277279073,30.290963414185633,74,10
1,58,44.0,75.86206896551724,10,5.890672501124419,16.157673075112157,18.439497699051962,44,75.86206896551724,6.871689957573971,11.362156296832596,19.377711958805715,23.421836063815974,75,10
2,51,34.0,66.66666666666667,10,7.228149430862875,15.012435586218267,17.017938520173388,33,64.70588235294117,7.972547746798364,12.463156353072446,24.82309544986248,25.842843366937597,75,10
3,46,29.0,63.04347826086956,10,14.706486226331263,35.011169172870105,38.21216743458108,29,63.04347826086956,6.459931806858253,10.83405241821619,18.464531733352146,21.500031346535398,75,10
4,41,26.0,63.41463414634146,10,27.840854255443325,70.00810348305069,81.20775103173045,26,63.41463414634146,7.171647920354436,11.58596276039772,21.762039719966882,23.728180669735284,75,10
5,44,26.0,59.09090909090909,10,34.10153207933393,70.00872112686685,75.7083678093204,26,59.09090909090909,6.266618131290772,10.62298842483619,18.57093902067481,23.08560740079536,75,10
6,37,21.0,56.75675675675676,10,47.84832556440863,108.00977005975328,129.60946954072807,20,54.054054054054056,6.15642063240923,10.487726570795745,17.27095876366188,22.954145209360426,75,10
7,24,11.0,45.833333333333336,10,68.76172770122513,171.2601379314966,194.26531717854874,11,45.833333333333336,7.212882308223443,11.727701225121526,17.14141585816434,20.938746861552744,75,10
8,22,8.0,36.36363636363637,10,59.102093021836396,123.76398583362506,144.7632449124825,8,36.36363636363637,6.705337949738006,11.183930927303166,17.43820748473209,18.969094709150657,75,10
9,14,3.0,21.428571428571427,10,51.437777347199315,100.51171754413753,116.10758171639134,3,21.428571428571427,4.859100691814717,9.205918627885397,16.785984535059498,17.33857614793402,75,10
10,16,1.0,6.25,10,60.00846301325143,90.0131221424094,114.00992490995822,1,6.25,4.865722672030634,8.463013251427075,14.554766001370837,14.795830170907655,75,10
11,13,3.0,23.076923076923077,10,80.78089740283698,150.0084092237837,150.01064298097836,2,15.384615384615385,7.443076877435838,11.666633606215672,18.6641153312387,21.324014977897995,75,10
12,12,2.0,16.666666666666668,9,90.0117000640559,147.01502120475018,173.41244009565244,1,8.333333333333334,7.4982130152020305,11.700064055909621,20.41824330885888,23.11423857947327,75,10
13,9,8.0,88.88888888888889,1,350.0298833429108,602.0321510295821,624.4338101203009,7,77.77777777777777,24.158996410518725,29.883342910839115,50.75072582834274,51.01508516924617,75,10
14,7,1.0,14.285714285714286,8,128.58545218649962,243.01511125141622,264.61465309797296,1,14.285714285714286,9.35584253379285,14.023615071052314,16.131108724240327,16.38424757873284,75,10
15,0,,0.0,1,0.0,0.0,0.0,0,0.0,0.0,0.0,0.0,0.0,75,10
1,42,26.0,61.904761904761905,10,3.3907805107145683,7.009800679021821,8.008355640989747,26,61.904761904761905,5.61764684367143,9.828129762187992,16.27349124333737,21.039681549746394,76,10
2,57,39.0,68.42105263157895,10,9.308352612470328,22.41041232089996,26.89112436007572,39,68.42105263157895,5.765650980989338,10.10699843523988,16.895652484149046,22.007883242983784,76,10
3,39,22.0,56.41025641025641,10,14.677501939025792,36.409311664110575,42.487749203025686,21,53.84615384615385,6.571369569467608,10.83527235912401,18.71804536075488,23.105757119427935,76,10
4,37,19.0,51.351351351351354,10,20.820763952983356,42.012235195587905,46.495414285280276,19,51.351351351351354,5.859262116467142,9.953142172544602,16.845215745587286,20.119681711345333,76,10
5,33,20.0,60.60606060606061,10,31.527157530920395,64.0149061823502,70.0100600421236,18,54.54545454545455,7.472655556481323,12.006015768882694,22.576693068542202,24.965897661645602,76,10
6,29,12.0,41.37931034482759,10,36.21657757310726,69.01245362435549,85.81099976826894,12,41.37931034482759,5.560036291777505,9.681021383118965,16.537128901879175,18.057255300415257,76,10
7,24,12.0,50.0,10,64.59442832661516,146.25966172783583,169.26505074910835,12,50.0,6.777888668939532,11.094993281809892,23.41780945783725,25.43865936118123,76,10
8,34,20.0,58.8235294117647,10,81.63040342448929,183.75862493270924,216.76468411488113,19,55.88235294117647,8.173017195532264,12.756365665754243,24.827288932716126,26.86429928478801,76,10
9,16,6.0,37.5,10,58.138595159606496,127.51134616767573,145.51256918557308,4,25.0,8.955930742422401,13.595159606502365,22.441187062052446,24.20202896437579,76,10
10,18,8.0,44.44444444444444,10,95.56926154346567,200.01306893707584,200.02220862433157,7,38.888888888888886,9.059375672177437,13.705987910118136,24.542978541141196,24.76707206811822,76,10
11,14,2.0,14.285714285714286,10,75.01201795663341,117.51623948792367,143.51546882029544,1,7.142857142857143,7.48380092146145,12.017956633426284,18.730174334781907,21.65995508879337,76,10
12,17,7.0,41.1764705882353,9,116.48429818274197,192.0144047236172,230.41505206764344,6,35.294117647058826,9.282690265712686,13.709947447848535,24.42868268518441,25.695032465667285,76,10
13,8,1.0,12.5,6,105.0125351520334,185.5131339561047,205.1138490360543,1,12.5,7.9665407999372775,12.535152033392752,16.235400167465716,16.939348262311707,76,10
14,5,2.0,40.0,4,198.01244699860703,342.01649614545227,356.41722855108003,2,40.0,7.884260148687714,12.446998607023918,16.49614545226284,17.22855108003943,76,10
15,2,2.0,100.0,1,225.03764837723958,292.5385041553935,298.5385802245628,1,50.0,31.406724693612787,37.64837723959263,38.50415539356826,38.580224562810535,76,10
1,66,48.0,72.72727272727273,10,4.9200520246308015,10.762555459899872,11.364158894421056,46,69.6969696969697,6.667071975123913,10.96111553989234,19.963909905326712,25.724051101707513,77,10
2,73,55.0,75.34246575342466,10,12.751588762923015,34.80774960802327,40.58273769117214,55,75.34246575342466,7.390064746572123,11.862735525755934,23.128424593539247,25.38674663629522,77,10
3,50,32.0,64.0,10,18.16997673493129,46.20963778804473,54.0493548955957,32,64.0,5.578565266821957,9.976734931289686,16.202514130188444,17.29798543767904,77,10
4,52,35.0,67.3076923076923,10,25.1848937762855,49.011844779030305,59.4481429238656,34,65.38461538461539,7.367893459658253,11.816853208578207,21.090312286452495,24.085075137025115,77,10
5,46,28.0,60.869565217391305,10,38.0543842471099,90.01472127838504,100.0170777798521,28,60.869565217391305,6.445909918438069,10.905986240333617,18.762768105493542,23.454897561657013,77,10
6,39,22.0,56.41025641025641,10,44.62540148527563,91.51659859992832,105.01019533426754,20,51.282051282051285,6.094682884330834,10.016869891010705,21.0302122884876,22.689258827025863,77,10
7,33,14.0,42.42424242424242,10,71.22252013133776,185.0096665053726,217.00982791873625,14,42.42424242424242,6.085760642571771,10.398919216544536,18.470005186797593,20.07225499997579,77,10
8,25,13.0,52.0,10,77.01147511018445,195.00968468043405,219.0065629834815,13,52.0,6.977118865080332,11.475110184458252,18.21929065088006,24.506416787462932,77,10
9,18,7.0,38.888888888888886,10,68.3431394488071,124.50635522749982,144.90127104549993,7,38.888888888888886,5.6267302589140575,9.80611547374501,16.04215644545421,16.67556776743609,77,10
10,25,12.0,48.0,10,89.61360563843965,160.02380913829776,190.4115233027559,11,44.0,9.115052287604147,13.605638439664842,24.02453417674691,24.758247338332538,77,10
11,20,6.0,30.0,10,130.01052097264267,352.5077043674478,390.5155182740792,6,30.0,6.086545899837716,10.520972642699228,17.836907194184775,18.145628908782534,77,10
12,8,4.0,50.0,6,142.5137298734194,279.0107439507235,295.8110185903107,3,37.5,9.081669930519176,13.729873419424756,21.646523495763965,23.5556634021796,77,10
13,7,1.0,14.285714285714286,6,110.01206556657483,189.0107757736829,205.8089913736377,1,14.285714285714286,7.52823909188225,12.065566574823979,17.004571598405743,17.041465118407363,77,10
14,9,5.0,55.55555555555556,4,160.0188055761741,270.0128979052766,270.01394562449826,4,44.44444444444444,13.819229721502827,18.80557617408236,29.553882195727468,31.262366737272593,77,10
15,3,1.0,33.333333333333336,3,200.01925324475064,285.01863439206676,297.0179667415144,0,0.0,14.23707464869223,19.253244750633375,25.310897590842714,25.978548143251324,77,10
1,64,47.0,73.4375,10,5.058815216373878,12.861497968745589,15.378115579611661,46,71.875,7.411239712584976,11.940216373878208,21.18883131440862,23.056093180140422,78,10
2,59,41.0,69.49152542372882,10,8.3856344931318,18.215685924817947,22.852201158696047,41,69.49152542372882,8.170003809564244,12.753137199595816,23.423402861922135,25.281868062118072,78,10
3,32,17.0,53.125,10,11.260080406673037,25.809583253960977,30.771555133676255,15,46.875,6.025347930504495,10.080406673037958,23.30659985008614,24.585477334132268,78,10
4,43,25.0,58.13953488372093,10,21.336779955935803,42.01516534153127,46.07253783228213,25,58.13953488372093,6.718992982492302,11.198560586964208,19.12899411947226,21.477552535698,78,10
5,27,13.0,48.148148148148145,10,25.19731210378336,50.01571485665294,57.416226116979665,12,44.44444444444444,7.723782376558429,12.126918598172265,20.543185344021254,23.507032539859296,78,10
6,36,20.0,55.55555555555556,10,55.42577611101108,135.00796895883414,144.76329155154176,20,55.55555555555556,4.87276241502159,9.109444344418439,15.063060363533072,19.031678617269566,78,10
7,36,19.0,52.77777777777778,10,72.9286926250209,156.26383517910335,191.26023997521153,19,52.77777777777778,7.4912695681749675,12.025958354221348,20.73359697954896,22.578729275440587,78,10
8,29,13.0,44.827586206896555,10,53.45977050111778,100.01132567758948,100.01353170209248,12,41.37931034482759,6.995346717851164,11.49463904881084,21.26238880862997,24.52322052611766,78,10
9,22,8.0,36.36363636363637,10,75.00875019846661,178.50660576924196,203.70833991479105,8,36.36363636363637,4.60344604315013,8.750198466626774,14.874482094553334,20.84448619813983,78,10
10,29,13.0,44.827586206896555,10,104.83819515048768,224.0196082820027,268.81106459684526,13,44.827586206896555,6.297398308405889,10.60894359113866,19.191274716091538,19.751422866209893,78,10
11,15,6.0,40.0,10,106.67635279912706,215.00998811152695,243.00753552310917,5,33.333333333333336,5.556224064203713,9.68613246039579,16.074917670103947,20.624615309994294,78,10
12,9,1.0,11.11111111111111,6,93.34772997062107,156.01660228872137,175.21698237657213,1,11.11111111111111,9.704014036401944,14.396637287732204,17.80480800698953,18.192759725483032,78,10
13,12,5.0,41.666666666666664,9,145.84800035205038,311.5080042173912,342.3083192882563,4,33.333333333333336,9.956382673735765,14.667018717037294,21.484351568825716,22.210790535602136,78,10
14,7,3.0,42.857142857142854,5,180.01463808629094,333.01034557717753,354.60818228773513,2,28.571428571428573,9.929377723840263,14.638086290931586,24.12613843929352,25.989725282658625,78,10
15,2,2.0,100.0,3,225.02360971843433,292.5214586671074,298.52126746254504,1,50.0,18.3033203592636,23.609718434309364,25.760769761159935,25.951974323546654,78,10
1,60,42.0,70.0,10,4.5601633853541275,9.062555521736043,10.418813052324886,42,70.0,6.0016824034263125,10.16338535412822,16.83350116598658,18.91665538827159,79,10
2,65,47.0,72.3076923076923,10,10.257343579189016,24.0090983915846,26.72973173877376,47,72.3076923076923,6.825631068625792,11.18973303517106,21.218006189804576,24.011459545130236,79,10
3,50,34.0,68.0,10,15.131754599150085,38.21026000465713,46.04819836599046,32,64.0,7.387329106458409,11.754599150088627,22.684918208323946,24.992330399757588,79,10
4,46,29.0,63.04347826086956,10,34.70596027990469,103.26001747334857,115.86365406353352,28,60.869565217391305,6.131350863200591,10.308105991639476,18.951712658562265,21.156664132309587,79,10
5,43,26.0,60.46511627906977,10,31.87013559508388,60.02378382464406,70.0079222287325,26,60.46511627906977,5.46636400813826,9.670478804817288,17.337634651102103,21.729349241680865,79,10
6,36,19.0,52.77777777777778,10,45.84373794314471,93.75667978394229,114.75578914608329,19,52.77777777777778,6.392770738764283,10.404609811376003,19.945914726635884,22.184717349172715,79,10
7,22,8.0,36.36363636363637,10,54.556125395546836,100.01419638597622,119.76198159588735,8,36.36363636363637,6.396143991416463,10.670850092301604,16.270722382967257,20.875432033387153,79,10
8,29,13.0,44.827586206896555,10,66.3894567810058,165.01111418489864,193.01554707409116,12,41.37931034482759,5.994445185674998,10.146436178220785,18.527684488600038,19.962672636729813,79,10
9,15,3.0,20.0,10,52.01104170867267,99.01436041840027,115.80855259803815,3,20.0,6.572590531792081,11.041708672668166,18.050949330090834,19.13212003688019,79,10
10,18,4.0,22.22222222222222,10,68.90091572919644,120.00851303502452,120.01046599618303,3,16.666666666666668,7.699510559117123,12.026840307564216,20.142900425181974,23.49977805112217,79,10
11,13,5.0,38.46153846153846,10,107.7020859343087,200.00859355216895,200.0124088606239,5,38.46153846153846,5.680489789306154,9.778242000990943,17.72518418501068,20.627941062326848,79,10
12,16,5.0,31.25,10,127.51105602909152,315.00701517236445,351.0062382194986,4,25.0,6.8193019427673,11.056029091520841,19.29093931274996,21.074544988263337,79,10
13,9,4.0,44.44444444444444,9,124.45835989947614,210.0133943864395,210.01364405317796,3,33.333333333333336,9.254888108692716,13.91545503166857,21.703331547582177,22.216360306009122,79,10
14,7,2.0,28.571428571428573,5,115.72735272289572,180.01660502738116,180.01936837152564,1,14.285714285714286,8.462965128490648,13.067008610002672,20.376800977660306,20.48569014883175,79,10
15,3,1.0,33.333333333333336,3,200.01829429822905,285.0205665852936,297.0200836350562,0,0.0,13.342013077513547,18.294298229036748,25.396087667410338,25.879037904796736,79,10
1,54,37.0,68.51851851851852,10,4.344302093362337,10.359761808523787,11.483236761976773,36,66.66666666666667,6.57364098610613,10.968760029003565,19.67016273755752,25.381701946497472,80,10
2,58,42.0,72.41379310344827,10,9.080655473909738,20.01291546803194,22.86505181395672,40,68.96551724137932,7.242023330492565,11.689956668359931,19.14596409834364,22.87250465406617,80,10
3,64,46.0,71.875,10,22.44924216022492,55.40942683052831,61.49431661611364,45,70.3125,7.284714304822204,11.742160224921966,19.36477788664643,20.845744440916796,80,10
4,32,21.0,65.625,10,26.479497198566968,59.160489478227724,67.83945496216178,20,62.5,6.41437317751517,10.747198566966425,18.749672946383,22.890392794219185,80,10
5,40,25.0,62.5,10,38.0116159045927,90.50796995356801,106.11030044830542,24,60.0,7.108533559655813,11.615904592695316,23.847120410352794,25.810489033043304,80,10
6,35,19.0,54.285714285714285,10,43.72580267265836,94.50776712908586,114.90865262867955,18,51.42857142857143,7.1228511378521215,11.516958372642335,19.097373421138975,23.39519344395245,80,10
7,29,12.0,41.37931034482759,10,60.355860419626076,140.00911355401504,168.00763469556148,11,37.93103448275862,6.69304862565964,11.032833419186417,19.458872771968775,21.238336896796902,80,10
8,27,11.0,40.74074074074074,10,64.82458584981808,142.50778968740207,168.51229352479214,11,40.74074074074074,5.3865690536636635,9.771035003266393,13.346472078719136,14.152739451797437,80,10
9,22,9.0,40.90909090909091,10,65.46518496328504,120.01022879968279,143.71838185637807,9,40.90909090909091,6.366890597445016,10.63950873959793,20.184776829593073,20.641364372436616,80,10
10,31,14.0,45.16129032258065,10,103.23639787169473,220.0109245334084,268.0114121374714,13,41.935483870967744,6.513608549576616,10.591420081840246,19.50241724741823,21.5333584234645,80,10
11,22,7.0,31.818181818181817,10,100.00954486292889,197.50825111040888,200.01346499791157,7,31.818181818181817,5.514875481546257,9.544862928879398,14.69197574979416,14.888458240520153,80,10
12,15,3.0,20.0,10,112.00851285207402,198.00902239026775,231.60923894540025,3,20.0,4.461107535382342,8.512852074027174,12.607538764799616,15.46919554406055,80,10
13,8,1.0,12.5,6,105.01377649431683,140.02333929234146,140.0258306181529,1,12.5,9.125184946970176,13.776494316809451,23.668886773579572,25.89653703930634,80,10
14,7,1.0,14.285714285714286,5,141.44228636862823,243.01159142697963,264.60993797136945,1,14.285714285714286,9.067731427470113,13.714940056798582,18.610347657196456,19.363379136400358,80,10
15,0,,0.0,1,0.0,0.0,0.0,0,0.0,0.0,0.0,0.0,0.0,80,10
1,56,37.0,66.07142857142857,10,4.242456447519446,9.269557507606208,10.463918954421649,37,66.07142857142857,6.026319435797627,10.313590376589106,19.21966749011921,24.173533308661604,81,10
2,67,48.0,71.64179104477611,10,9.831278850419249,23.412530540716798,28.688606253765233,48,71.64179104477611,6.180967895817363,10.383328031189977,17.27929070225855,21.425320752337775,81,10
3,43,25.0,58.13953488372093,10,12.568152807621248,27.601973056926365,28.00624943303195,24,55.81395348837209,5.87314708594183,10.013272737524133,19.52704250224372,23.337628945524514,81,10
4,43,24.0,55.81395348837209,10,21.987262363100516,48.30768001649768,53.07096669454767,24,55.81395348837209,6.257588659061856,10.518177054006467,15.740303504623506,22.554533285176767,81,10
5,35,18.0,51.42857142857143,10,29.153964932175295,63.01075391654965,70.01874836379658,17,48.57142857142857,6.634268889280458,11.107789318152014,19.51205111289029,23.443909033823193,81,10
6,34,18.0,52.94117647058823,10,42.363586644752694,90.01066963376961,100.06205216291889,17,50.0,6.422366488355626,10.645468282102849,15.98768926371903,22.09979211809682,81,10
7,27,13.0,48.148148148148145,10,56.49315757397385,100.01206946610277,118.51311016604885,12,44.44444444444444,7.302990274505553,11.676092492379833,23.416272962999454,24.262201471226543,81,10
8,20,9.0,45.0,10,55.01279885535818,101.26803498124471,120.26024058788835,8,40.0,8.212676227606028,12.798855358175006,23.457005763982988,23.991585206521613,81,10
9,26,13.0,50.0,10,75.01178245569284,150.01547487389328,172.51683491680416,12,46.15384615384615,7.263989037121334,11.782455692841861,23.007102179434888,24.7175778551905,81,10
10,10,2.0,20.0,8,60.01262443016354,102.01897452794742,116.41928672789882,1,10.0,8.423223255173678,12.62443016355138,22.80693310128955,25.059980150874154,81,10
11,24,8.0,33.333333333333336,10,97.9285229742028,192.51008480919648,200.00930617819893,8,33.333333333333336,7.4884842207279085,11.856307536149009,19.5637757577006,20.987466331328037,81,10
12,16,4.0,25.0,10,105.01222980790905,195.00967185015645,231.01239129187897,3,18.75,7.681538679868581,12.229807909046496,17.980832933318084,21.705615779195714,81,10
13,8,2.0,25.0,6,122.51250906283215,255.51210984703482,275.1090957518993,2,25.0,7.942189659457188,12.509062832144236,18.572060204248437,18.99989492045988,81,10
14,11,2.0,18.181818181818183,8,130.9228002211557,225.02471724726587,261.0247772535266,2,18.181818181818183,9.06247837190095,13.709312064794448,24.717247265857893,24.77725352657891,81,10
15,1,1.0,100.0,1,150.02814000345333,150.02814000345333,150.02814000345333,0,0.0,22.531798106126796,28.140003453320315,28.140003453320315,28.140003453320315,81,10
1,58,40.0,68.96551724137932,10,4.2008913395137615,9.157404749182083,11.440569201156217,39,67.24137931034483,7.011578309383887,11.236167099968325,23.378782879005872,25.527117192988488,82,10
2,60,46.0,76.66666666666667,10,8.84481716329325,18.110736898270414,22.828765096765835,45,75.0,7.109708405666079,11.483829959915367,22.096660041906386,24.242130971195312,82,10
3,33,16.0,48.484848484848484,10,12.37466743832575,29.616301381971585,34.73994206191541,16,48.484848484848484,6.788938940028405,11.03107468938552,19.830918583091826,22.765691204608913,82,10
4,31,16.0,51.61290322580645,10,22.3649354732599,52.50858310363759,56.015239392867194,15,48.38709677419355,5.931469893694316,10.096763582482037,16.77521358941024,20.40913448979508,82,10
5,36,18.0,50.0,10,25.287637072351952,50.013748421492,56.51457662130558,17,47.22222222222222,5.780075468014706,9.859294574174235,21.58274810415825,24.792255091759163,82,10
6,40,24.0,60.0,10,46.88754594873683,105.76615122926812,129.16388218521126,23,57.5,7.976618227744598,12.54594873683042,22.405999723342635,24.31645780553216,82,10
7,29,12.0,41.37931034482759,10,59.49545346372275,140.0123682072462,168.01540569933672,11,37.93103448275862,8.244335274946664,12.694843033088278,22.374878630431578,24.359599599361985,82,10
8,19,5.0,26.31578947368421,10,50.0100793593424,102.51742749114072,120.51462969923925,5,26.31578947368421,6.067354981428316,10.07935934239365,16.09379735868259,17.471618151192263,82,10
9,22,8.0,36.36363636363637,10,58.64797711395125,118.50715037147765,120.00895345638865,7,31.818181818181817,7.106268241490952,11.613477587621638,24.48898922759899,26.558384523302916,82,10
10,24,13.0,54.166666666666664,8,115.01224875492926,240.01410475776333,270.81212868465946,11,45.833333333333336,7.854786795857759,12.248754929248554,21.280129202486204,23.314016372949656,82,10
11,19,7.0,36.8421052631579,10,100.01132591547206,205.012598981069,241.00923824099186,6,31.57894736842105,6.837863494021174,11.325915472059894,20.885450615324935,23.207680040766476,82,10
12,11,1.0,9.090909090909092,10,92.73573092689179,150.01382406713452,174.01409741530452,1,9.090909090909092,4.840016540105043,8.458199619050704,13.824067134539657,14.097415304504322,82,10
13,6,1.0,16.666666666666668,5,93.3453808752177,140.01415746098067,140.01632630432593,0,0.0,8.133668584852067,12.04754188436334,20.114289612667893,20.979829466119355,82,10
14,7,1.0,14.285714285714286,8,141.43897953894268,243.01464954136412,264.61634749894523,1,14.285714285714286,5.981202505040647,10.408110371245877,16.13898091628217,16.64538685573622,82,10
15,0,,0.0,1,0.0,0.0,0.0,0,0.0,0.0,0.0,0.0,0.0,82,10
1,60,41.0,68.33333333333333,10,4.511427814009786,12.059217737454164,14.423676419497818,41,68.33333333333333,7.057424234228484,11.427814009785122,18.96949473701352,25.73595987695193,83,10
2,57,37.0,64.91228070175438,10,10.011802480949449,28.409121804218966,32.89061528606103,37,64.91228070175438,7.413680924066492,11.80248094944743,18.869488990551524,20.82594515083078,83,10
3,31,15.0,48.38709677419355,10,11.106699915653259,26.013158723260972,30.81191662630731,14,45.16129032258065,5.771823187398631,9.925722104871733,19.304291570371795,23.958774532088515,83,10
4,29,16.0,55.172413793103445,10,23.18375014185778,60.21096656820046,68.0525458901021,16,55.172413793103445,7.105085868916933,11.336348754331079,22.478107414925955,24.409106876982243,83,10
5,26,9.0,34.61538461538461,10,22.7034648237464,47.51223488495586,57.51567424046968,9,34.61538461538461,6.823920775010235,11.157131438711737,16.515247593347294,16.604600046033898,83,10
6,24,10.0,41.666666666666664,10,35.011014519966565,72.75978471577675,86.57017299827692,10,41.666666666666664,6.547213135391473,11.014519966562178,20.738069972851136,22.88240965268857,83,10
7,22,13.0,59.09090909090909,10,68.1934879297512,125.00939449154438,144.76142278223168,11,50.0,7.158789860399603,11.669747933017822,22.053062348398658,23.429737444665722,83,10
8,20,9.0,45.0,10,58.761817435308615,126.26772498108387,145.26451563241133,9,45.0,7.483314327285351,11.8174353086285,18.124691468488948,20.990940642565292,83,10
9,17,6.0,35.294117647058826,10,60.01243061934064,120.01254277360727,120.01282718432472,6,35.294117647058826,7.868972067885227,12.430619340636545,20.082724360340176,20.092543733753484,83,10
10,17,5.0,29.41176470588235,10,63.54137923383076,120.01166915394121,120.01430959888991,3,17.647058823529413,7.656295727154909,11.967469124888138,21.08579377267526,21.808350666185312,83,10
11,16,3.0,18.75,10,78.13619363247693,150.00823390741525,150.00946781001062,2,12.5,6.947738200232542,11.193632476929277,19.157172350108308,20.28176947056589,83,10
12,12,3.0,25.0,9,110.01054654294991,207.0117405874964,233.41214027341817,3,25.0,6.421539404870132,10.546542949911272,16.63204286948198,18.95915196649527,83,10
13,8,3.0,37.5,5,148.76095413612433,255.515428122381,275.1140227143181,3,37.5,6.957542095361518,10.954136124314843,17.430718443923098,18.43868513903419,83,10
14,3,2.0,66.66666666666667,3,180.01910211985282,261.01353036278385,268.2131586729762,1,33.333333333333336,14.096017681020838,19.10211985280392,25.647049634507052,26.35239865799616,83,10
15,1,1.0,100.0,1,150.02258561712725,150.02258561712725,150.02258561712725,0,0.0,17.347444609886587,22.585617127248923,22.585617127248923,22.585617127248923,83,10
1,46,26.0,56.52173913043478,10,3.0975562530778706,6.013052418682495,6.566362144368521,26,56.52173913043478,6.322384665684925,10.599731338740517,19.2821444323354,23.56662844335364,84,10
2,50,31.0,62.0,10,6.731786098701969,13.1133232782296,15.032061392475477,31,62.0,7.2673893492339685,11.786098701968548,19.30009488734199,25.339261906077876,84,10
3,43,25.0,58.13953488372093,10,14.336490257131912,32.01925794171498,38.33452213063161,24,55.81395348837209,6.6222459987151945,10.908861783074606,19.359268010207252,20.625905462667326,84,10
4,45,29.0,64.44444444444444,10,25.988311873125497,54.613064737623134,66.92886375064388,29,64.44444444444444,6.181761488469027,10.534095347716141,15.849959773755883,17.355701926037856,84,10
5,28,16.0,57.142857142857146,10,28.94092523233028,60.017067378136225,67.3163410072571,15,53.57142857142857,7.797273934804802,12.353803758852708,23.421836063815974,23.689309037132922,84,10
6,24,11.0,45.833333333333336,10,40.01134732838951,87.75818704376434,101.56222898365131,11,45.833333333333336,6.857849884407472,11.347328389514246,18.609612126775456,23.267912126244646,84,10
7,23,10.0,43.47826086956522,10,59.79319327037628,125.01309798149785,125.01444624476149,9,39.130434782608695,6.1459108150137665,10.584574724104627,21.708345702227366,24.9415879710435,84,10
8,26,12.0,46.15384615384615,10,59.628374525360044,118.7612095168347,125.01541779630028,11,42.30769230769231,8.534599733395144,12.989909975445787,19.190309238330524,22.407571519523586,84,10
9,21,8.0,38.095238095238095,10,65.7232887130532,150.00942431715322,150.01401794229452,8,38.095238095238095,5.380846058131493,9.002998767465975,16.732297576254023,20.712461864118318,84,10
10,20,7.0,35.0,10,82.01135663142045,160.00693485790714,160.00838089916274,7,35.0,6.866533148081603,11.356631420461543,17.05939838501448,18.42921426589729,84,10
11,10,3.0,30.0,8,80.0145608913961,127.51279472209735,145.51023034090036,1,10.0,9.85732554752918,14.56089139610889,23.54470617550165,23.739531152801817,84,10
12,6,0.0,0.0,9,70.0103038498787,105.00802875367455,117.0061127136811,0,0.0,5.883887839235193,10.30384987869497,15.024008386834607,15.175924597351258,84,10
13,6,1.0,16.666666666666668,5,93.35038762848872,140.03152655676013,140.03499106002437,1,16.666666666666668,12.184618922194351,17.05429515539564,31.52655676012224,34.99106002436318,84,10
14,4,1.0,25.0,3,157.51872556696415,256.519618282097,267.319618282097,1,25.0,13.744550719561214,18.725566964152915,19.61828209704376,19.61828209704376,84,10
15,1,1.0,100.0,1,150.02921017965815,150.02921017965815,150.02921017965815,0,0.0,23.53067924678683,29.21017965814051,29.21017965814051,29.21017965814051,84,10
1,50,32.0,64.0,10,3.291222315155714,6.557433356964875,7.524279228630263,30,60.0,7.039846645836754,11.222315155714732,21.62332749806017,23.037174022972057,85,10
2,53,35.0,66.0377358490566,10,8.652824249983873,22.809718333093645,26.971324216987252,35,66.0377358490566,6.827503488185157,11.314816021608582,15.743858208395629,22.873350911365137,85,10
3,34,19.0,55.88235294117647,10,12.481259773134976,24.007919159056907,26.689363003977718,19,55.88235294117647,6.227080454991409,10.671537840857933,17.759180715461873,18.87407956232317,85,10
4,32,16.0,50.0,10,17.730345884499027,35.013695226266485,39.8386753884263,16,50.0,7.206519711945873,11.595884499026734,20.5472426773959,24.032948378783512,85,10
5,27,12.0,44.44444444444444,10,24.085809231850796,47.02018840029253,50.02558902790004,12,44.44444444444444,7.358120633724555,11.735157776724257,22.936500549390786,25.589027900036616,85,10
6,26,11.0,42.30769230769231,10,35.20303152172963,75.00632751327089,75.01843070088026,10,38.46153846153846,6.706679175985283,10.723829421931647,23.928427019352892,24.779960617183917,85,10
7,19,5.0,26.31578947368421,10,46.0629662991447,77.51459178138896,95.51459178138902,5,26.31578947368421,5.912701579398793,10.334720197334265,15.18389449428031,19.447108852155754,85,10
8,17,5.0,29.41176470588235,10,47.070499615897745,100.00336678411959,100.01414049330226,4,23.529411764705884,7.384324979340825,11.676086485983307,24.570278789791086,25.994434702222506,85,10
9,15,3.0,20.0,10,50.01146719341054,99.01142730913779,115.81240651458839,2,13.333333333333334,6.969729506085613,11.467193410536781,17.598271415934384,23.353458356594203,85,10
10,19,6.0,31.57894736842105,10,80.01109740677387,164.00948409535224,192.80737935161633,5,26.31578947368421,6.624578029368079,11.097406773862886,19.279939062696823,21.731681809032054,85,10
11,14,6.0,42.857142857142854,8,103.58390361702963,200.01214726224137,200.0132051587964,5,35.714285714285715,7.910438653955923,12.475045601080973,19.949801144177517,20.818978555366563,85,10
12,11,3.0,27.272727272727273,8,114.55619269888143,180.01394686466077,180.01663336203947,3,27.272727272727273,6.628669049757019,10.73815342687932,17.342792959190085,17.373038219217968,85,10
13,11,4.0,36.36363636363637,8,140.0127778795022,315.00947709072466,343.006606964138,3,27.272727272727273,8.193097781689803,12.777879502195724,20.442612146894056,21.30487955509216,85,10
14,5,2.0,40.0,4,144.01702243166775,252.01269665696853,266.4139264364713,1,20.0,12.154878177892488,17.022431667769407,29.006672640184718,31.21323507547957,85,10
15,0,,0.0,1,0.0,0.0,0.0,0,0.0,0.0,0.0,0.0,0.0,85,10
1,49,33.0,67.34693877551021,10,4.072810707959877,9.609107867832108,11.529504200107526,32,65.3061224489796,7.309407712947314,11.58621816395852,21.450779834569435,23.452958814875615,86,10
2,45,29.0,64.44444444444444,10,7.478363976111834,17.613191258451273,21.130517511381388,28,62.22222222222222,7.350449461148249,11.697309445168983,24.520381227722,24.747178144348208,86,10
3,47,29.0,61.702127659574465,10,13.628300731314901,28.014223530094693,32.01379427828541,29,61.702127659574465,6.794497953238787,11.279454719158098,18.736958202909022,22.136291406253182,86,10
4,35,20.0,57.142857142857146,10,20.21286276311744,42.01295396785013,46.632894630140434,19,54.285714285714285,8.272326456404791,12.862763117440872,24.827288932716126,25.832590866141516,86,10
5,39,23.0,58.97435897435897,10,40.78157640035461,111.0088183323746,126.21186133494331,22,56.41025641025641,7.789645760176909,12.345631123850724,19.396101791589395,20.93629825608122,86,10
6,30,13.0,43.333333333333336,10,53.5111540736414,158.26114011165558,175.6619448626128,13,43.333333333333336,6.801920430110074,11.154073641408674,18.95435700646906,23.2693705949661,86,10
7,22,10.0,45.45454545454545,10,59.10536827853398,123.76164604870577,125.01714781404009,9,40.90909090909091,9.762397274456506,14.459187624887493,24.61967573212999,24.790175041866867,86,10
8,20,7.0,35.0,10,52.51198202296193,101.26725882970328,120.26061205917728,6,30.0,7.636937162599674,11.982022961932042,19.958859885968085,21.208129102906963,86,10
9,19,6.0,31.57894736842105,10,56.85272680400214,93.01874418522557,114.61113931723722,5,26.31578947368421,6.180414254805325,10.621540844242778,20.284599145615918,23.77071138108849,86,10
10,24,10.0,41.666666666666664,10,95.01092879643865,194.01124121049625,230.80675624573922,10,41.666666666666664,6.467200502927457,10.928796438644298,21.584680786823313,24.626446706210015,86,10
11,19,6.0,31.57894736842105,10,97.3796270808139,205.01668356824433,241.0131751261589,6,31.57894736842105,6.922464154471395,11.206028182317175,19.349150484338118,23.34102806295341,86,10
12,11,2.0,18.181818181818183,8,87.2872255012382,120.0180790154992,120.01849754196091,0,0.0,9.79883725938045,14.49822851091708,23.37541580014957,25.27863757814325,86,10
13,4,0.0,0.0,8,70.0104827236389,70.01818034463365,70.01867184736102,0,0.0,6.984225111719843,10.482723638902051,18.180344633657533,18.671847361022536,86,10
14,10,6.0,60.0,4,234.0148816829498,409.5133478369183,441.91141631277236,5,50.0,10.156745990281184,14.881682949804844,22.263894864099463,24.037355138743628,86,10
15,0,,0.0,1,0.0,0.0,0.0,0,0.0,0.0,0.0,0.0,0.0,86,10
1,39,26.0,66.66666666666667,10,3.5507570317218446,7.109143776646919,8.635666661263373,25,64.1025641025641,7.8385793668074095,12.295493260305799,20.812281922308234,21.85096524245943,87,10
2,46,27.0,58.69565217391305,10,7.052749967599462,17.506901157289235,19.106834163663876,27,58.69565217391305,5.163996448026311,9.271706729898266,16.503527813704952,21.309131848948862,87,10
3,33,14.0,42.42424242424242,10,10.193005215043083,20.010121779050703,22.729097006565574,14,42.42424242424242,6.821370550631337,11.187033224899066,17.08026305627521,21.87616111434235,87,10
4,25,12.0,48.0,10,17.09107244252873,28.015192866148663,33.33536634001008,11,44.0,6.750617711662069,11.072442528732578,19.028862557609212,23.238813947193236,87,10
5,33,19.0,57.57575757575758,10,30.011168147602177,64.01093180676158,70.01357223019136,18,54.54545454545455,6.690606108632874,11.16814760217853,22.0427788764313,23.755471825197503,87,10
6,32,16.0,50.0,10,43.13706789377917,96.75964847132137,115.35879860042795,15,46.875,7.64708376674702,12.067893779165658,20.434240888880723,23.53373056992634,87,10
7,22,10.0,45.45454545454545,10,61.37499235162616,125.01369174637507,144.7668175432029,9,40.90909090909091,6.865932582725909,11.355987989800038,17.49534496690712,23.300980572426273,87,10
8,13,2.0,15.384615384615385,10,38.47307138668256,60.016073305817976,72.00931226927631,2,15.384615384615385,7.031082196145927,11.532925144105075,18.351570436681097,21.036316436203723,87,10
9,17,5.0,29.41176470588235,10,54.71715502389302,90.01543173094933,90.02294482254976,4,23.529411764705884,6.788166120035982,11.272670951850149,22.629494903060134,24.38437534050201,87,10
10,20,8.0,40.0,10,78.0124796667109,160.00877742293136,160.01395664919804,7,35.0,8.101427919717548,12.479666710915037,22.459914426792476,24.212427780677075,87,10
11,14,2.0,14.285714285714286,10,85.72485122117989,167.5072789707279,193.5089381427087,2,14.285714285714286,6.128113282593239,10.56550689418406,15.227839216462137,17.017184355500607,87,10
12,7,1.0,14.285714285714286,5,77.15547413264062,120.00973877350748,120.01141721638164,0,0.0,8.042926524818595,12.616989783479728,20.873745850993107,21.391106295911968,87,10
13,7,3.0,42.857142857142854,5,170.01616299003214,329.0185802799369,345.8185077105828,3,42.857142857142854,11.352692484106983,16.162990032131795,20.832834221167666,21.53256919310104,87,10
14,3,2.0,66.66666666666667,3,120.02242416174535,171.02246722628928,178.22211289532783,1,33.333333333333336,17.196745374276947,22.424161745352876,26.01053590390991,26.364866865372413,87,10
15,2,1.0,50.0,2,225.01898803388832,292.52901783036003,298.5299093678242,1,50.0,13.989532115553489,18.98803388833704,29.01783036004703,29.90936782419903,87,10
1,45,31.0,68.88888888888889,10,3.6783388225279747,7.808133822689902,9.573957412672504,30,66.66666666666667,7.161037372674646,11.672155861307674,21.34133657320666,25.128060563051655,88,10
2,37,21.0,56.75675675675676,10,6.928901802203383,16.411600551453834,19.288748185890913,21,56.75675675675676,5.68520997061786,9.982883284462906,16.133052609903842,17.348620182803682,88,10
3,31,17.0,54.83870967741935,10,13.690210228035395,32.01305242837704,34.810359460554686,16,51.61290322580645,8.325661975186634,12.79087319668623,20.584414451189225,24.56932542056877,88,10
4,36,18.0,50.0,10,19.261147603878744,43.76588832986281,53.561606933769,17,47.22222222222222,7.189975489795738,11.147603878744622,22.406279154376968,25.2067925451692,88,10
5,26,10.0,38.46153846153846,10,23.471706733306767,50.0145417656473,57.512905112026154,10,38.46153846153846,5.900938866911894,10.1682717683072,18.783911579065823,25.72812194883794,88,10
6,25,10.0,40.0,10,36.01068342922226,87.00658679509046,101.40772271487053,9,36.0,6.536861255706343,10.683429222265147,18.990387133986758,20.65817121934106,88,10
7,20,8.0,40.0,10,65.01052723033213,151.26270240890273,170.2600799355031,8,40.0,6.092386702437454,10.527230332132785,16.499142433572704,22.03729733776731,88,10
8,23,9.0,39.130434782608695,10,53.273367604404456,100.01221913741095,100.01624272509778,8,34.78260869565217,8.094227377491132,12.498039187065844,20.771042551693178,24.74297814378712,88,10
9,14,4.0,28.571428571428573,10,57.86825530695497,100.52201398938068,116.1185596916664,4,28.571428571428573,6.638618901460811,11.112449812115303,20.021125314773077,23.475423029040392,88,10
10,12,4.0,33.333333333333336,10,63.343843093478114,120.00482110546218,120.00953507524744,3,25.0,6.6983337575555,10.509760144778681,22.1236282114109,22.53050625839683,88,10
11,14,3.0,21.428571428571427,10,89.29676008248202,167.51107969756828,193.5141818740552,3,21.428571428571427,6.843086298164208,11.04579676773041,16.045345284266638,17.186622881928503,88,10
12,10,6.0,60.0,5,132.01623330977696,273.02551960966366,294.6293724964841,4,40.0,11.791679560333932,16.233309776972753,26.761225128858104,29.620819577153156,88,10
13,4,2.0,50.0,5,70.01969610411552,70.02538955039624,70.02585494617199,0,0.0,14.650430753572547,19.696104115530154,25.389550396244857,25.85494617199206,88,10
14,9,6.0,66.66666666666667,3,220.01978109309118,414.0218256730628,442.82505721734617,5,55.55555555555556,14.729757769609055,19.781093091201043,29.318562956328773,31.16040804396181,88,10
15,2,1.0,50.0,2,150.02068570968066,150.02954323498795,150.0303305705708,0,0.0,15.574108864920163,20.685709680637043,29.54323498793929,30.330570570810604,88,10
1,52,34.0,65.38461538461539,10,4.262050596561736,10.010811562240978,11.50300995630593,34,65.38461538461539,7.657863313824806,12.050596561736265,20.983396649330192,23.421836063815974,89,10
2,46,29.0,63.04347826086956,10,9.271985905362264,25.51184846882573,29.107718965744894,29,63.04347826086956,6.885740513488452,11.1163401448714,20.480205949730205,22.505324192892953,89,10
3,44,26.0,59.09090909090909,10,14.011633093275908,32.01968930368571,38.287277841690056,26,59.09090909090909,7.209429867602908,11.633093275909625,20.91118705701094,23.385043250430776,89,10
4,27,10.0,37.03703703703704,10,16.083704390412315,32.910129691184395,35.010340853503976,10,37.03703703703704,5.393503585136286,9.630316338238403,16.40162970284809,17.471342575713223,89,10
5,25,11.0,44.0,10,29.209054630489458,68.00633497018283,70.00778509596167,11,44.0,4.867232169780018,9.054630489461575,14.264729183052117,15.187057121150154,89,10
6,26,10.0,38.46153846153846,10,35.77898702108831,75.01094459885465,86.26117958078765,10,38.46153846153846,5.516367693881708,9.756251857545093,16.162450114260007,16.643584092970784,89,10
7,21,9.0,42.857142857142854,10,59.5348268818445,125.01133031627882,145.00952056704082,8,38.095238095238095,6.549862131896816,11.017358034988213,21.34203954086951,24.126884268063886,89,10
8,20,6.0,30.0,10,50.00985495816063,100.00888477060319,100.01524409059898,6,30.0,5.838253284022878,9.854958160633798,16.969271030072413,19.02659759861335,89,10
9,11,2.0,18.181818181818183,8,54.55765637412292,105.00866253582788,117.00840986138881,2,18.181818181818183,7.655423414261938,12.201828668376958,18.262647436615847,18.490745712352012,89,10
10,16,3.0,18.75,10,67.50852338428538,130.01482001009595,154.01202825504222,3,18.75,4.688726774490744,8.523384285389309,15.27074180676582,15.840741456006205,89,10
11,15,4.0,26.666666666666668,10,93.34298783061563,150.01032768064564,150.01074074804492,4,26.666666666666668,5.2777950675336776,9.654497282289068,15.373839062987658,16.68031998452134,89,10
12,5,1.0,20.0,4,96.01241141728232,168.01009085193505,177.6101860269959,1,20.0,7.851049249362302,12.411417282327715,18.18763336023028,18.51926553312438,89,10
13,4,1.0,25.0,3,87.51631030134013,129.52488605387543,137.9259736530991,1,25.0,11.490189923035844,16.31030134013001,24.886053875442336,25.973653099112457,89,10
14,6,1.0,16.666666666666668,5,120.01567115016233,180.01584736679496,180.0163930513556,0,0.0,10.893618952142502,15.671150162328539,20.764723755249015,21.36930187676315,89,10
15,0,,0.0,1,0.0,0.0,0.0,0,0.0,0.0,0.0,0.0,0.0,89,10
1,41,24.0,58.53658536585366,10,2.84024998130063,5.018794723042864,6.608521308294239,22,53.65853658536585,6.789753419352693,10.981688617703561,20.741402625531656,25.32134213055598,90,10
2,43,25.0,58.13953488372093,10,5.872705448617109,10.01849570740069,12.010557835150117,25,58.13953488372093,7.865014078127848,12.240332338038444,20.185669134885284,24.251075692333337,90,10
3,27,11.0,40.74074074074074,10,10.234262765785555,26.811313875187402,30.96858098690981,11,40.74074074074074,7.504883111671209,12.04054356333175,20.833668968118204,24.01304139628017,90,10
4,37,23.0,62.16216216216216,10,21.20077122117559,43.408124619816746,53.4902556507303,21,56.75675675675676,7.278729450997216,11.58203198640188,21.541067083470487,24.44335245940615,90,10
5,27,11.0,40.74074074074074,10,25.56617593605615,57.0109253683257,60.01428502224007,11,40.74074074074074,6.179331213166967,10.620380500591246,16.614561400467974,17.27949291533034,90,10
6,17,6.0,35.294117647058826,10,27.36607232029766,60.01334098016067,60.018731920677055,4,23.529411764705884,8.522827661873823,13.13114382707625,24.590600578454374,25.39573056516525,90,10
7,19,6.0,31.57894736842105,10,55.274126179940964,127.51611156652741,145.5082272610889,6,31.57894736842105,6.700559596915707,10.968285204128264,16.779728713578546,17.121232902315125,90,10
8,18,6.0,33.333333333333336,10,47.233678493593146,78.76465120961208,95.76313151778083,5,27.77777777777778,7.166952885258667,11.456271370922643,15.994595829057127,20.564921514678925,90,10
9,13,4.0,30.76923076923077,8,66.93373948233346,162.01321318064402,176.4190529660821,4,30.76923076923077,6.7930877585477765,10.662559256545467,18.425593084659234,20.095448570231532,90,10
10,14,4.0,28.571428571428573,10,80.01166061809919,174.0153727690855,194.8119221492769,4,28.571428571428573,7.1502682554674175,11.660618099192671,17.08618981487398,17.57347928216509,90,10
11,9,0.0,0.0,10,61.12109025444862,100.00721599084937,100.00788715214684,0,0.0,5.5808132251891,9.979143337511424,13.98427693091102,14.189333099350756,90,10
12,11,6.0,54.54545454545455,4,174.55859957921396,330.00995422947574,354.0115909030122,6,54.54545454545455,8.535792247894328,13.145033759421272,22.243651341538424,25.358915273226902,90,10
13,10,8.0,80.0,3,217.01914880550984,388.5132994675923,413.7087837099427,7,70.0,14.13959314284774,19.14880550984855,27.085166924483538,27.600988151412952,90,10
14,4,1.0,25.0,5,112.51801666236076,166.52169628990976,177.3220136555697,1,25.0,13.082873291439537,18.01666236077383,21.696289909793165,22.013655569720356,90,10
15,2,2.0,100.0,1,225.0266859527901,292.5238784123846,298.5236288532374,1,50.0,21.174616196728564,26.685952790104558,29.493493195603055,29.743052342758475,90,10
1,44,26.0,59.09090909090909,10,3.3972189728282047,7.008620821183983,7.012410170567776,26,59.09090909090909,6.483487160813113,10.855336464567827,17.4928241233481,21.697715213736203,91,10
2,49,32.0,65.3061224489796,10,8.54355776313119,20.013854233061362,23.050859751076118,32,65.3061224489796,8.349568432149296,12.945518233230171,23.61175019261511,26.323420440527965,91,10
3,47,31.0,65.95744680851064,10,15.839885893959105,34.80899147373995,38.1721706671435,31,65.95744680851064,5.851240821423133,10.098659916554078,16.255675557348788,22.456359333520727,91,10
4,42,23.0,54.76190476190476,10,26.010053710077777,69.66079740552308,81.14329285553193,23,54.76190476190476,5.739305674391211,10.05371007777928,16.745238254820734,17.15363267947839,91,10
5,29,14.0,48.275862068965516,10,29.321417605772794,76.01017286351174,87.21144286730835,13,44.827586206896555,6.73033227543965,11.072778186585921,23.20423448039413,24.774784437262486,91,10
6,28,11.0,39.285714285714285,10,37.509386052380535,84.76172518120006,90.01242841914122,11,39.285714285714285,5.427253976300221,9.386052380538093,16.183147888201006,17.12545138345889,91,10
7,32,16.0,50.0,10,85.1669679077043,236.26001183420118,267.25715509272806,16,50.0,6.3870336700943255,10.717907704317883,20.02581420699447,22.780692271346354,91,10
8,26,11.0,42.30769230769231,10,56.74173937021135,100.01076448076196,100.01733024543225,11,42.30769230769231,6.505789238387392,10.970139442113197,18.18489370287037,19.306187916937855,91,10
9,9,2.0,22.22222222222222,7,43.34856673980273,78.01842960722317,87.62159984166647,1,11.11111111111111,10.485037713514155,15.233406469393167,23.19097660396545,23.61688397818903,91,10
10,23,12.0,52.17391304347826,10,106.09829151009319,236.0070273705351,271.21904793703783,11,47.82608695652174,7.008658909908698,11.33498835406864,21.707502936084385,22.241722862229633,91,10
11,9,3.0,33.333333333333336,7,83.34619671990097,180.0167768723343,196.01900899426946,2,22.22222222222222,8.687743958933527,12.863386567639356,20.88403373328743,21.586438522630992,91,10
12,8,2.0,25.0,6,120.0157640046997,219.0182945621872,235.81829582926662,2,25.0,10.980287526718644,15.764004699712022,18.2945621872466,18.29582926664169,91,10
13,11,2.0,18.181818181818183,8,127.28243986450288,245.00762976471194,273.00910519840636,2,18.181818181818183,5.332019309744009,9.712591775593403,15.018332251770024,17.884824866623354,91,10
14,4,0.0,0.0,3,112.51441018000216,166.5173392029157,177.31730861639718,0,0.0,9.71665453613488,14.41018000215595,17.51762427387571,17.548210792413524,91,10
15,1,1.0,100.0,1,150.0242909067721,150.0242909067721,150.0242909067721,0,0.0,18.939127977483327,24.290906772105537,24.290906772105537,24.290906772105537,91,10
1,111,93.0,83.78378378378379,10,6.794362658708841,15.513978060025337,17.909469312577468,92,82.88288288288288,6.241496689664407,10.578874925057645,18.07355163533993,21.75997198157579,92,10
2,137,120.0,87.5912408759124,10,16.011236452546765,32.41750930562774,38.00886305110911,118,86.13138686131387,6.808864528247889,11.236452546763404,19.24706613185175,24.461438740431117,92,10
3,98,80.0,81.63265306122449,10,26.460504968423216,68.60812896933263,84.13729356398468,79,80.61224489795919,7.138327960009047,11.525376586477597,19.203581547505447,23.330069631203802,92,10
4,85,66.0,77.6470588235294,10,38.63500498639533,84.0151829072953,106.13500580617269,66,77.6470588235294,7.065399905841685,11.47557463061738,22.60121001706386,24.67117640154156,92,10
5,64,45.0,70.3125,10,42.5111504099803,98.51319694775785,113.71472288752041,45,70.3125,6.907395183317968,11.150409980302594,21.456441749968647,24.06375982252454,92,10
6,67,51.0,76.11940298507463,10,69.86197822722175,175.51286519909743,215.114409036432,49,73.13432835820896,6.80589017286025,11.23195856503664,20.09963391077652,22.10306034149404,92,10
7,64,46.0,71.875,10,109.38566537638161,225.01084625262715,250.0109393579241,46,71.875,6.396338234799289,10.66537638160904,17.35572557838147,22.625921461394096,92,10
8,49,31.0,63.265306122448976,10,90.82797081984616,200.0101322356071,213.01053368002584,31,63.265306122448976,7.2874158008552445,11.64428923390298,20.094614409552285,20.621466107974175,92,10
9,39,28.0,71.7948717948718,7,133.09060243361498,303.01155208765863,348.6109404695834,27,69.23076923076923,9.034518623820794,13.679356691857505,22.63847725214718,23.713549480047313,92,10
10,31,16.0,51.61290322580645,10,105.81736724759259,220.01517149437052,240.01206812882947,15,48.38709677419355,6.575351726480113,10.915634689348986,19.70308555879248,24.101343565706426,92,10
11,32,18.0,56.25,7,184.38750554253104,472.51232614533717,534.5196987062615,18,56.25,8.055576389298148,12.505542531058154,18.6640177667278,21.84676081089706,92,10
12,20,9.0,45.0,6,162.01219282157496,363.00825885534897,408.60775521550283,9,45.0,7.647016372807903,12.192821574989349,18.05832022619704,18.53223723938427,92,10
13,12,4.0,33.333333333333336,8,128.34385872196415,241.5092295716548,272.3098412537589,4,33.333333333333336,6.401794385036798,10.525388630814433,20.15692883936573,23.261380874413717,92,10
14,13,10.0,76.92307692307692,3,353.0970950930177,756.0184589494615,799.2134726012235,8,61.53846153846154,15.09463750979979,20.172016094627736,28.010046180127745,28.595222096592117,92,10
15,4,2.0,50.0,3,187.52010620665038,277.51961823889985,295.5192319367812,0,0.0,15.033212286151354,20.106206650392078,22.093401791153585,22.302316817607448,92,10
1,46,27.0,58.69565217391305,10,3.532672825812739,7.014520366569693,8.003911720162279,27,58.69565217391305,6.634100043889072,10.933695377955615,18.252655487282812,23.297201760529944,93,10
2,43,24.0,55.81395348837209,10,6.24278229746769,13.808895410700291,15.17127372182784,24,55.81395348837209,5.983157071218695,10.224157932805808,16.68891846382619,24.197672610169587,93,10
3,31,12.0,38.70967741935484,10,9.042672650184846,16.013540960917645,18.815143953319925,12,38.70967741935484,6.228118694701644,10.414585668718159,16.51619288374461,18.055391145678747,93,10
4,29,12.0,41.37931034482759,10,16.426374835963745,32.210252481138475,35.013603566314956,12,41.37931034482759,8.01001809354645,12.581732515470701,21.223154422479816,25.68112381426043,93,10
5,31,16.0,51.61290322580645,10,26.139370589318073,50.011612773879946,57.01452964112787,15,48.38709677419355,5.916072067312051,10.338331253561654,16.336578342384094,20.57565369682259,93,10
6,26,11.0,42.30769230769231,10,32.32113970247454,60.013734717208045,71.26321008543704,10,38.46153846153846,8.818010000442284,13.447394782230344,24.38098260189904,25.202699007008473,93,10
7,24,9.0,37.5,10,54.17776502256974,121.25738121354925,125.00841454331783,8,33.333333333333336,6.936590617559236,11.098355903071498,21.306774433255207,21.762039719966882,93,10
8,18,6.0,33.333333333333336,10,52.78775573084049,103.7650525028482,120.76224911312814,6,33.333333333333336,5.7871200396828675,9.97795306271149,15.670897639430303,15.670897639430303,93,10
9,5,1.0,20.0,4,42.01428429501359,60.019197629792885,60.02080502781051,1,20.0,9.599155996734286,14.284295013593091,20.932429311034557,21.151987714140404,93,10
10,16,5.0,31.25,10,80.00966914965583,130.01095226073954,154.00952184883886,5,31.25,5.758161335831108,9.669149655834229,15.748983571651802,15.936389808983401,93,10
11,15,4.0,26.666666666666668,10,90.01066611110485,165.01263892052427,193.00964974721091,3,20.0,6.222015247739893,10.666111104830588,19.126618734512103,19.872689796297298,93,10
12,11,4.0,36.36363636363637,8,87.28640106671901,150.01771942903196,174.01139637872694,2,18.181818181818183,9.0293265103862,13.67379399172808,24.828095146026907,25.464212559821625,93,10
13,3,3.0,100.0,3,93.35727035236853,133.02162189252238,138.6211887293159,1,33.333333333333336,18.608816216930965,23.937019035190385,26.269044735408443,26.449791823359586,93,10
14,3,2.0,66.66666666666667,3,120.02286310469675,171.02750102934792,178.2276841606361,1,33.333333333333336,17.606445976868226,22.863104696767454,27.501029347903785,27.684160636097,93,10
15,2,1.0,50.0,3,150.01929514855533,150.02208207888555,150.022329806026,0,0.0,14.276186824846384,19.295148555335558,22.08207888554862,22.329806026012,93,10
1,36,18.0,50.0,10,3.0391659156833537,7.00684596642112,7.66312513805845,18,50.0,6.895940673353802,11.388137905575638,18.03420256613584,20.292975580269506,94,10
2,38,21.0,55.26315789473684,10,5.7474514660371865,12.308115955744075,14.010151997725359,20,52.63157894736842,6.46379722098066,10.609360774027552,20.205767363706627,24.884854838849147,94,10
3,30,16.0,53.333333333333336,10,11.210265522543287,22.210434332776632,24.017952455551313,15,50.0,5.848113868238878,10.265522543285588,20.063403479166617,21.81307114764582,94,10
4,32,18.0,56.25,10,24.073437375386952,66.15736700637099,74.83897418298459,17,53.125,6.591880431007988,10.937375386948712,19.82510552170488,23.143209714203696,94,10
5,28,13.0,46.42857142857143,10,25.724884529833123,56.50891722254765,60.0145626261528,12,42.857142857142854,6.292542925616269,10.598815547403566,20.90060635699906,23.565874100784256,94,10
6,17,6.0,35.294117647058826,10,31.77632837804945,63.01019147127129,72.61279831095555,6,35.294117647058826,7.114685564592603,11.622495696508665,22.296113572697152,24.17966760985801,94,10
7,12,1.0,8.333333333333334,10,35.427591368828644,61.26596764416419,72.27060316060883,1,8.333333333333334,6.463378986686069,10.924702161976741,18.254166726151688,21.060465121203848,94,10
8,12,3.0,25.0,9,50.010133722627806,111.26422596816607,122.26030212943107,3,25.0,5.7250944539414546,10.133722627807126,17.651843648333912,18.12155677303688,94,10
9,9,6.0,66.66666666666667,4,90.01512568250185,168.01130503878267,177.61041970527043,5,55.55555555555556,10.384490309173941,15.125682501844604,23.14752732376314,24.255037064393232,94,10
10,11,3.0,27.272727272727273,10,58.19307082584283,100.00981159022263,116.0088685946625,1,9.090909090909092,6.769473385327791,11.252644024647877,23.174871188020504,24.348765789569402,94,10
11,17,7.0,41.1764705882353,10,120.59736219823981,260.0097998533584,292.01100156921524,7,41.1764705882353,5.004968966877842,9.1269041221525,13.853160352946265,14.73656661216396,94,10
12,9,3.0,33.333333333333336,8,133.34173480548145,276.0089501823158,295.2082728229037,3,33.333333333333336,4.523081966974483,8.401472148103263,12.895697682262783,13.877990187618716,94,10
13,5,2.0,40.0,3,126.01902424616256,196.0176558885817,207.21590722507136,2,40.0,14.023331930596331,19.02424616256445,25.040476880055373,26.127460282774283,94,10
14,4,1.0,25.0,3,157.51464704720837,256.5183895816339,267.31970674754274,1,25.0,9.937741665569455,14.647047208354826,19.71230515709985,19.971292247398413,94,10
15,1,1.0,100.0,1,150.0314278368606,150.0314278368606,150.0314278368606,0,0.0,25.600596281012965,31.427836860595136,31.427836860595136,31.427836860595136,94,10
1,20,6.0,30.0,10,2.110893371144896,4.062379026138939,4.818239353951615,6,30.0,6.434135239778745,10.893371144895646,16.313962663737897,18.28012712164197,95,10
2,24,8.0,33.333333333333336,10,4.3446877491508715,8.023239866957697,9.554053710909654,8,33.333333333333336,6.86446514847066,11.35441581753831,17.742595064728462,22.76767329931968,95,10
3,27,13.0,48.148148148148145,10,11.420104367195282,24.00749949738563,26.97762934119606,12,44.44444444444444,8.255847461940837,12.696959787873409,19.75991921748965,21.750410912809066,95,10
4,24,14.0,58.333333333333336,10,18.387900505077663,35.01869542069389,40.4038830946718,12,50.0,8.307554049869202,12.900505077664269,23.58425678142522,24.55468342682332,95,10
5,13,2.0,15.384615384615385,10,16.16390069466772,30.01142230767306,30.012272795648226,2,15.384615384615385,5.651187734114256,10.054540821568278,14.920516114605483,17.782147862577904,95,10
6,24,13.0,54.166666666666664,10,38.13638226208785,75.00846638443558,86.55763287017795,12,50.0,7.046019647147009,11.382262087849417,21.455032052155637,23.88029006634921,95,10
7,20,6.0,30.0,10,47.50961661253383,101.25908023034964,120.26304057389012,6,30.0,5.4291102123205155,9.616612533832205,18.496655420645187,22.43679993518181,95,10
8,8,2.0,25.0,9,43.76187990565075,91.26340822652358,98.26473082470103,2,25.0,7.354946885626989,11.879905650749837,15.672755702132212,15.936076945034229,95,10
9,10,3.0,30.0,8,45.015806909123164,76.51779615152668,87.3158734599576,2,20.0,11.020333660473232,15.806909123166136,21.28786792562782,21.650663453970342,95,10
10,13,3.0,23.076923076923077,10,76.93337853675763,176.00973754630937,195.21057780821212,3,23.076923076923077,5.881800616594268,10.301613680699477,15.04822227193862,15.521696798297926,95,10
11,5,1.0,20.0,4,80.01235541600099,140.0136389044816,148.01472683318573,1,20.0,7.798778769466965,12.3554160009725,16.22334106895843,16.468246210399514,95,10
12,10,3.0,30.0,8,102.01305814478567,180.0147856834487,180.0177265149927,2,20.0,8.454691811507738,13.058144785659977,22.01667570288178,24.343553915085053,95,10
13,2,2.0,100.0,2,70.04167946694784,70.04831994334579,70.0489102079145,0,0.0,35.16926348650784,41.67946694783213,48.3199433457913,48.910207914498784,95,10
14,4,0.0,0.0,3,135.01224127114946,180.01796983418447,180.01924742653154,0,0.0,7.692238240018351,12.241271149474438,18.35016589960711,19.323492874562866,95,10
15,3,2.0,66.66666666666667,1,300.03544005746085,435.0628870917032,447.06619962903585,2,66.66666666666667,29.3455230245702,35.44005746083747,62.887091703254136,66.199629035888,95,10
