ServiceID,total_requests,slow_requests,E_pct,n_replicas,avg_response_time_sec,p95_response_time_sec,p99_response_time_sec,deadline_violations,deadline_violation_rate_pct,avg_distance_km,avg_network_delay_ms,p95_network_delay_ms,p99_network_delay_ms,cycle,servers_on
1,34,31.0,91.17647058823529,2,11.961689984757337,25.37093215694479,26.688904474860323,30,88.23529411764706,15.52319442632415,20.513514169100485,33.86213160300524,36.463317249595924,0,2
2,33,30.0,90.9090909090909,2,22.987983316817356,48.81572878491763,51.38009788605079,30,90.9090909090909,13.33459167116602,18.286347120385148,32.92475723140045,38.6849687132376,0,2
3,18,14.0,77.77777777777777,2,23.572106134779634,48.62604560939486,51.33930315101351,14,77.77777777777777,11.714460511105907,16.55057922407827,27.668521995299866,28.28326740260023,0,2
4,17,15.0,88.23529411764706,2,45.725278113053,92.4213557753674,96.89998957522178,14,82.3529411764706,14.370095646461962,19.395760111830946,28.320026580353122,28.6715225419919,0,2
5,19,17.0,89.47368421052632,2,55.81068459851959,111.02623688465398,118.22307222197207,16,84.21052631578948,16.064324397611873,21.21091430906087,32.04186401284629,32.24880762912286,0,2
6,16,13.0,81.25,2,75.95647336582459,153.76633334896763,162.7632040083429,12,75.0,13.975841237199731,18.973365824599643,31.59428806873366,34.42282969144112,0,2
7,11,8.0,72.72727272727273,2,81.8384914488775,137.52984873185972,147.53631101161162,8,72.72727272727273,15.223084235741055,20.309630695698864,33.41543096826877,37.024351433320064,0,2
8,14,12.0,85.71428571428571,2,116.0893691401282,233.7733813565734,246.7735128486707,11,78.57142857142857,13.011848984720467,17.940568699655774,24.96995950669919,26.571027199377912,0,2
9,10,7.0,70.0,2,138.01694531888637,256.5206885787332,267.321076914337,7,70.0,12.082902644624353,16.945318886380917,23.228732825118197,24.573650009471812,0,2
10,13,12.0,92.3076923076923,2,187.71578969451775,376.02493606667366,395.2278682486942,10,76.92307692307692,18.184112580986167,23.48200221007702,34.37441310770256,34.9788546992349,0,2
11,8,7.0,87.5,2,225.01855918683904,382.52183346629926,396.5209465764262,6,75.0,13.589254826809881,18.559186839067188,23.32837626936636,23.77952948625177,0,2
12,7,6.0,85.71428571428571,2,188.58939198984726,342.0151603585214,356.417775322535,5,71.42857142857143,13.03317645708241,17.96341841870807,28.307620081718827,28.866123457494428,0,2
13,6,4.0,66.66666666666667,2,186.68332016387888,332.5203981116118,346.5215449115113,3,50.0,11.810522110047652,16.653497212214987,25.181729062049357,26.075093748970755,0,2
14,9,6.0,66.66666666666667,2,370.0194693908196,684.0084870220173,712.8057980426024,6,66.66666666666667,14.438821081690485,19.469390819683618,37.02703156980287,37.74667155362688,0,2
15,2,1.0,50.0,2,225.02125786580928,292.5245786128913,298.5248737904097,1,50.0,16.108147992125744,21.257865809243818,24.57861289125484,24.873790409655818,0,2
1,24,22.0,91.66666666666667,2,9.186858405739383,18.865696532006375,19.79390137194126,21,87.5,15.113046544462167,20.191739072715368,32.237741848499645,37.95932265551488,1,2
2,36,34.0,94.44444444444444,2,25.740724792662345,54.52903599217934,57.3184934877711,33,91.66666666666667,13.536410208419802,18.502570440126572,29.917749043353247,33.93302006402778,1,2
3,16,14.0,87.5,2,24.271548824755854,49.01749701120293,51.41808803222154,13,81.25,16.379723273995545,21.548824755853175,38.290571547834666,41.9127006192872,1,2
4,25,22.0,88.0,2,59.099637112112994,124.6253685657839,131.33783139933635,21,84.0,14.595368794134712,19.637112112995993,33.534324149865725,38.56489319290487,1,2
5,17,16.0,94.11764705882354,2,59.4339185302452,122.02109942992644,128.4187564489356,14,82.3529411764706,16.94441784935597,22.153824362855914,35.79678686002315,36.17784369167211,1,2
6,15,13.0,86.66666666666667,2,106.01844861060616,199.51986295186302,207.92542871229634,12,80.0,13.48604517482996,18.448610606159537,28.498003859292986,31.629993241266735,1,2
7,13,11.0,84.61538461538461,2,98.09681569920357,185.01572083495316,197.01481851745373,10,76.92307692307692,14.833856892095874,19.89262228050423,35.30016028119915,42.19178266630439,1,2
8,8,7.0,87.5,2,90.64403524292472,166.2634011900165,173.26426473247474,6,75.0,14.033596089223483,19.035242924719775,29.185327481914786,29.676668862665853,1,2
9,14,13.0,92.85714285714286,2,197.1656504389264,370.52140772931335,386.1195083994399,12,85.71428571428571,17.541287995233223,22.793296069232643,36.07448933231898,39.36828495860713,1,2
10,13,10.0,76.92307692307692,2,212.32972272046098,416.0269706557995,435.2370587621726,9,69.23076923076923,16.829227926969352,22.030412768667855,34.04062342278886,38.47275569725288,1,2
11,8,7.0,87.5,2,150.02348451879197,282.51398497148324,296.5132511997954,5,62.5,18.186461508369486,23.484518791970654,36.964733782097724,39.05757776911466,1,2
12,8,6.0,75.0,2,180.0234831908493,339.0180870094455,355.8195855793629,6,75.0,18.185222033147447,23.483190849300506,34.059751733963736,35.65901346396974,1,2
13,4,2.0,50.0,2,175.01362781171323,269.5156971186873,277.9153737694632,2,50.0,8.986407568073366,13.62781171322706,17.583322494501598,17.906671718589795,1,2
14,1,1.0,100.0,2,90.02900574930143,90.02900574930143,90.02900574930143,0,0.0,23.339868026196736,29.00574930143833,29.00574930143833,29.00574930143833,1,2
15,0,,0.0,2,0.0,0.0,0.0,0,0.0,0.0,0.0,0.0,0.0,1,2
1,32,28.0,87.5,3,6.892119873293603,13.466068374845515,14.013447803700508,27,84.375,12.245828249405847,17.119873293602865,30.25002683666346,32.41299058676017,2,3
2,30,26.0,86.66666666666667,3,15.215085324576082,29.113230803058507,31.433125028790688,25,83.33333333333333,10.471271701574372,15.085324576082524,22.033219778562525,23.134960489032423,2,3
3,25,21.0,84.0,3,22.257537850495282,43.217089751564465,47.05516799300072,21,84.0,12.635959839048832,17.537850495283465,31.685544152868722,35.366499562623346,2,3
4,21,16.0,76.19047619047619,3,38.350077492868664,84.00990144976655,89.61689742013262,16,76.19047619047619,11.895144515515883,16.744159535328727,29.774605437559153,34.99427037361806,2,3
5,13,10.0,76.92307692307692,3,33.094962418896706,60.018517812885136,60.02244103142808,8,61.53846153846154,13.391235857671013,18.03934197362871,31.186718447540905,31.947644142487263,2,3
6,11,7.0,63.63636363636363,3,42.289240376195636,75.01962871653522,75.02741052995016,6,54.54545454545455,11.679481387618893,16.51310346835769,26.38890968385716,28.762568579890115,2,3
7,15,11.0,73.33333333333333,3,101.68323648599501,207.5170322050872,221.51693370140154,10,66.66666666666667,11.732418840953242,16.569819328329544,25.233283391956054,34.086005964497424,2,3
8,23,17.0,73.91304347826087,3,115.23425185306374,222.5172302733662,244.51452834155444,17,73.91304347826087,12.003779856989624,16.860548715898197,25.949491056622662,30.100254305177113,2,3
9,11,5.0,45.45454545454545,3,81.83452180182078,165.02111940216838,177.02804356478373,5,45.45454545454545,11.517894789195147,16.339983638968715,29.750859149717265,29.769856179990775,2,3
10,7,2.0,28.571428571428573,3,68.5866696385573,108.01182832397487,117.60713171552828,2,28.571428571428573,10.492188020264921,15.241067128735255,23.48681703677347,25.11877562930526,2,3
11,4,3.0,75.0,3,87.52208366748435,142.52307505607337,148.52415273105152,1,25.0,16.878934817208798,22.083667484353768,24.84980491732538,24.910179757973772,2,3
12,9,4.0,44.44444444444444,3,126.68291342762258,216.01959011903136,235.2193787741705,3,33.333333333333336,11.430882594780877,16.246760955907735,20.906824102484165,21.39772194621018,2,3
13,2,1.0,50.0,3,105.01588669898348,136.51058028644698,139.31010860533263,0,0.0,11.094807925848635,15.886698983472794,21.193111519971616,21.664792634327068,2,3
14,1,0.0,0.0,3,90.01565640561006,90.01565640561006,90.01565640561006,0,0.0,10.87985668092104,15.656405610063032,15.656405610063032,15.656405610063032,2,3
15,2,1.0,50.0,3,150.01915565782792,150.03056298144674,150.0315769657684,0,0.0,14.14598895998014,19.155657827934114,30.562981446760286,31.576965768433727,2,3
1,35,30.0,85.71428571428571,3,7.616326879150563,17.313293194591544,18.67940336834313,30,85.71428571428571,11.50566332089439,16.326879150563986,27.87539478874487,31.040641530613733,3,4
2,24,21.0,87.5,3,14.350339774452452,29.720513084587814,31.558065875162438,20,83.33333333333333,12.139952918479452,17.0064411191201,30.14356383029215,34.098006816991216,3,4
3,17,12.0,70.58823529411765,3,14.368005677494796,28.807067347212044,31.366179520175734,11,64.70588235294117,10.547003577245516,15.064501024208793,23.87262904098182,27.276253876390143,3,4
4,17,12.0,70.58823529411765,3,25.132873614894205,50.419416714709264,54.893255675248156,11,64.70588235294117,10.478643687881831,15.226556070675857,22.15814329137412,24.76967529298888,3,4
5,19,14.0,73.6842105263158,3,41.59451330518989,81.01292010196978,88.21259438906972,14,73.6842105263158,11.1884170022141,15.565936768845077,24.646207371060946,24.963820271045726,3,4
6,10,6.0,60.0,3,40.52018259334739,83.27169308595484,88.67116977967734,5,50.0,15.10451010672042,20.182593347390018,29.13048101851637,30.158679451121053,3,4
7,9,6.0,66.66666666666667,3,69.46069933392874,115.01807204816033,123.02176330916849,5,55.55555555555556,11.438469601168364,16.25488948428934,26.110439017869844,27.51617011639986,3,4
8,13,10.0,76.92307692307692,3,90.40099754697954,185.01388188315659,197.01434141821034,10,76.92307692307692,11.55726357063401,16.38216236413796,28.445615556245862,29.50880746129649,3,4
9,8,4.0,50.0,3,78.76384815736373,139.50935251239804,147.9080572776852,4,50.0,9.192073806692152,13.848157363720834,23.525957830976054,27.37974117295847,3,4
10,7,5.0,71.42857142857143,3,74.30734036532682,120.01697446616788,120.01884009637344,2,28.571428571428573,16.45183141751607,21.62607961254056,33.445330566950055,34.847392485710635,3,4
11,8,4.0,50.0,3,106.26485780403341,182.5151325811357,196.51516820998393,3,37.5,10.134457885625974,14.857804033403651,22.70048800397308,25.94132465971088,3,4
12,5,2.0,40.0,3,108.0153542913072,168.0079971711869,177.6061610428405,1,20.0,10.597869211846596,15.354291307192588,21.06664908570713,21.809915196508914,3,4
13,2,0.0,0.0,3,105.01445473511333,136.5158173202099,139.31593843888513,0,0.0,9.758241388907873,14.45473511332925,15.81732020987976,15.938438885128694,3,4
14,6,5.0,83.33333333333333,3,180.01893158615243,270.01849241149444,270.0202853598825,4,66.66666666666667,13.936844923836118,18.931586152385716,24.00887836048581,24.729679116545334,3,4
15,2,2.0,100.0,3,150.0225154668235,150.02467043805737,150.02486199105593,0,0.0,17.281967714467044,22.51546682348286,24.670438057352477,24.861991055918665,3,4
1,21,16.0,76.19047619047619,4,4.777655326677137,10.01235930726715,10.813644055695024,15,71.42857142857143,10.967742966403817,15.750564772374931,22.750228822535373,26.39817138960571,4,5
2,27,21.0,77.77777777777777,4,10.535263372917404,20.010670190411084,21.494654041208296,21,77.77777777777777,11.89579308731044,16.74485439888496,26.989386262886175,29.133848851950823,4,5
3,19,17.0,89.47368421052632,4,21.068439562522308,44.415714353612486,47.29454746146285,15,78.94736842105263,11.021336532346828,15.807983574942147,23.154649719561554,25.853918675007066,4,5
4,22,16.0,72.72727272727273,4,29.289294155240306,56.023710684934436,61.54712175642467,15,68.18181818181819,11.729677676092502,16.566882513038866,26.191958361854333,27.294772951956467,4,5
5,24,19.0,79.16666666666667,4,55.85203599337698,108.5103140711183,110.01242811041077,18,75.0,13.723169856507274,18.702660043652116,27.622565568886213,27.993879781672675,4,5
6,16,12.0,75.0,4,53.452488681105336,108.75402440299726,117.76368297019067,11,68.75,10.95665098843289,14.988681105334194,25.273381864293523,27.9241293535604,4,5
7,21,15.0,71.42857142857143,4,146.44278428667727,325.0138620329787,345.0114722082346,15,71.42857142857143,9.710264890752851,14.21285810585277,20.46603385394325,22.29338982881695,4,5
8,7,2.0,28.571428571428573,4,39.30226776320946,67.51446639206176,73.51463242926779,1,14.285714285714286,11.717165699584362,16.553477495175155,24.735191264528023,26.795163878004235,4,5
9,10,6.0,60.0,4,72.01794983406928,136.52253879217432,147.32635588405998,4,40.0,13.020497096071278,17.949834069285398,25.616161130032395,26.97135785110511,4,5
10,6,4.0,66.66666666666667,4,140.01764482976918,230.0251800873827,238.02943420710906,4,66.66666666666667,12.735812161172332,17.644829769175846,27.90356636583425,29.97890290568192,4,5
11,5,2.0,40.0,4,70.01574085819001,100.01845423654314,100.01969970218556,1,20.0,10.958683035887704,15.740858190018935,20.765465112763525,20.91634441608079,4,5
12,3,1.0,33.333333333333336,4,80.01862521679719,114.01661799021086,118.81602473561546,0,0.0,13.650885873721231,18.62521679718523,22.633606369815375,23.160404801283825,4,5
13,3,1.0,33.333333333333336,4,93.3469196948909,133.02008836227066,138.6208488349405,1,33.333333333333336,8.947718818873687,13.586361557545482,20.088362270661992,20.848834940498577,4,5
14,1,0.0,0.0,4,90.00808223476896,90.00808223476896,90.00808223476896,0,0.0,3.8102765732406367,8.082234768965174,8.082234768965174,8.082234768965174,4,5
15,0,,0.0,4,0.0,0.0,0.0,0,0.0,0.0,0.0,0.0,0.0,4,5
1,25,19.0,76.0,5,3.734229179129256,6.820765474085486,7.777820627094255,18,72.0,9.995734362231701,14.229179129256124,25.078551571861016,25.526765277438212,5,6
2,31,23.0,74.19354838709677,5,9.950547799218402,21.019053117763523,23.420422940375357,23,74.19354838709677,10.326850121899698,15.063928250661611,23.57575821628582,25.046461928504495,5,6
3,13,8.0,61.53846153846154,5,9.85836848995007,17.61203002793265,19.527027790292387,7,53.84615384615385,7.954578666790264,12.214643796225223,20.035352963203003,20.03654404427035,5,6
4,20,13.0,65.0,5,29.765459004179263,56.37525886148644,61.6985365589404,13,65.0,10.695606119683939,15.459004179267755,25.258861486434746,28.536558940405623,5,6
5,7,3.0,42.857142857142854,5,18.58689520994548,37.01279581002585,39.41238907624811,2,28.571428571428573,10.702731858285635,15.466638516911035,20.646692269106207,20.96050094018742,5,6
6,14,7.0,50.0,5,36.444941194005345,80.26148526733621,88.06141428377228,6,42.857142857142854,11.545692523043954,16.36976543392107,27.389680922093707,27.50783070259261,5,6
7,6,3.0,50.0,5,41.6823859210013,68.76686401899588,73.76401185811424,2,33.333333333333336,11.560771807651903,15.719254334635004,26.029445979536497,27.253587037536906,5,6
8,4,2.0,50.0,5,37.51880757322544,50.01991832458122,50.020874897571616,1,25.0,13.821093729435216,18.807573225436762,26.088062489285523,26.790277313295718,5,6
9,10,4.0,40.0,5,60.0156135358687,106.51681314391502,117.31319254302596,3,30.0,10.839842918743216,15.613535868704469,21.757068521169696,22.227107700726627,5,6
10,9,7.0,77.77777777777777,5,106.68543442540538,224.01793679468005,236.8214122039773,4,44.44444444444444,13.783931681021086,18.76775873869122,23.515820995202997,24.174362165126382,5,6
11,2,0.0,0.0,5,50.01589904505909,50.01844414853361,50.01867037995357,0,0.0,11.106331506769287,15.899045059090414,18.44414853360922,18.670379953566446,5,6
12,7,3.0,42.857142857142854,5,120.01635927873947,222.0129148665958,236.4138075011394,2,28.571428571428573,11.535904451455396,16.359278739479905,23.07052325298114,24.41060360169408,5,6
13,2,0.0,0.0,5,70.01607812354999,70.0163859677762,70.01641333170743,0,0.0,11.27347980108668,16.078123549987296,16.38596777620759,16.413331707427172,5,6
14,0,,0.0,5,0.0,0.0,0.0,0,0.0,0.0,0.0,0.0,0.0,5,6
15,0,,0.0,5,0.0,0.0,0.0,0,0.0,0.0,0.0,0.0,0.0,5,6
1,21,14.0,66.66666666666667,5,3.824922083916457,9.018771668236118,9.818406407968284,13,61.904761904761905,10.638922147214407,15.398274392647203,24.168903743765657,25.311391198227508,6,7
2,20,14.0,70.0,5,6.315956704438066,12.017826384528673,12.017975161727504,14,70.0,11.16014962193674,15.9567044380656,21.9596588406778,24.72997840284961,6,7
3,21,12.0,57.142857142857146,5,15.251263631448065,36.00595756341665,39.218629349647024,12,57.142857142857146,9.090955666653526,13.168393352828957,21.797296204615606,23.13921380742398,6,7
4,14,6.0,42.857142857142854,5,16.514063219787158,30.464338549296727,34.101245851683515,6,42.857142857142854,9.392808786475738,14.063219787161431,20.00577632254347,20.097998737633098,6,7
5,15,9.0,60.0,5,30.014108841087317,63.0115906095175,68.6113687477032,9,60.0,9.43539079879751,14.10884108731934,21.10952037582361,21.94960828582175,6,7
6,20,14.0,70.0,5,45.76701123722496,75.77261091371177,87.16772073535071,13,65.0,12.144429508089926,17.011237224967804,23.13295148644795,26.177747300707477,6,7
7,5,2.0,40.0,5,55.01345901052073,95.02071340861211,99.0224383297446,2,40.0,9.575555955018265,13.459010520724842,21.884520501103136,22.672552122400088,6,7
8,11,4.0,36.36363636363637,5,52.2867798924917,87.51935061449592,97.52169496794046,4,36.36363636363637,9.382914936519148,14.052619764429393,19.460504599804686,21.716945961238263,6,7
9,9,4.0,44.44444444444444,5,46.68270845426494,78.01471110321044,87.61339642614082,1,11.11111111111111,11.239564547934537,16.04178759826446,24.181192696615533,24.63273749042096,6,7
10,10,5.0,50.0,5,96.01842607848388,182.0197908198611,196.415112046222,5,50.0,13.465014140970808,18.426078483885245,28.317894610799538,28.338128528923168,6,7
11,5,1.0,20.0,5,70.0180910311249,100.01789877184684,100.01873128975882,0,0.0,13.15228761367652,18.091031124891906,20.1004374277163,20.332641065896173,6,7
12,6,3.0,50.0,5,120.01927505975418,180.0264711366167,180.02877901396647,2,33.333333333333336,14.25743633820999,19.27505975416567,29.08873289800698,29.302533222720076,6,7
13,3,1.0,33.333333333333336,5,93.35218841734418,133.0150153490478,138.61390030253628,0,0.0,13.865439349642449,18.85508401085655,26.342068954045413,27.316111632438687,6,7
14,2,0.0,0.0,5,90.01635728739484,90.01667765587487,90.0167061330731,0,0.0,11.53404577005493,16.35728739483823,16.67765587487366,16.706133073099032,6,7
15,1,1.0,100.0,5,150.02416890374377,150.02416890374377,150.02416890374377,0,0.0,18.82525278238628,24.168903743765657,24.168903743765657,24.168903743765657,6,7
1,33,26.0,78.78787878787878,6,4.953197688545228,10.017539653979247,10.694622350539634,25,75.75757575757575,9.150624066275958,13.803749151288198,23.73898365686627,24.284567469177926,7,8
2,23,14.0,60.869565217391305,6,6.360923765517706,11.808196551382835,12.007644362722768,14,60.869565217391305,8.653918818308522,13.097678561184496,19.0493636964891,23.611281802697288,7,8
3,16,9.0,56.25,6,14.01375039310437,33.02026861896793,35.41090793550592,8,50.0,9.567512630341746,13.750393104371614,23.596446733093064,24.05441234163114,7,8
4,9,4.0,44.44444444444444,6,14.013717149427546,25.214334575735023,27.450248625874128,3,33.333333333333336,9.484629196631285,13.717149427545909,21.3611322097806,21.868811821323607,7,8
5,14,8.0,57.142857142857146,6,29.298712635454145,63.507200195342186,68.71789762842201,8,57.142857142857146,8.665560327408262,12.998349739859835,21.78332328236555,23.58302335949992,7,8
6,12,6.0,50.0,6,32.514357010180895,66.76664941459688,73.36264835963557,4,33.333333333333336,9.978153574563422,14.357010180894404,23.26028151026077,24.961453611088334,7,8
7,11,6.0,54.54545454545455,6,56.832999952390466,112.52088138683375,122.519637027731,5,45.45454545454545,10.436841796262524,14.818134208638856,23.38791658490566,24.148781283066914,7,8
8,6,4.0,66.66666666666667,6,66.68219118768302,118.77084955918417,123.77060213470668,4,66.66666666666667,10.75675822964953,15.52452101635257,23.00686265800956,23.33471910687999,7,8
9,13,6.0,46.15384615384615,6,69.24595935723526,132.01242074336488,146.41508303029022,6,46.15384615384615,10.444641020962793,15.190126466035268,23.922231469484625,29.182635926411983,7,8
10,8,3.0,37.5,6,65.01410564670675,106.00871308588509,117.201742617177,2,25.0,9.89909926251074,14.105646706766436,23.69786544111897,24.655197968463025,7,8
11,5,1.0,20.0,6,70.01373338006849,100.01253353838683,100.01359633406032,0,0.0,9.084942966864844,13.733380068486458,21.695710615057877,22.972825650332325,7,8
12,4,1.0,25.0,6,90.01553877566462,120.01914602376291,120.02015659110309,1,25.0,10.770063234241016,15.538775664617754,20.057452950091292,20.338876940528223,7,8
13,8,2.0,25.0,6,96.2675484375061,140.02157189846727,140.02261002771564,1,12.5,12.645841543945107,17.548437506102445,24.282441282130762,24.89106705325969,7,8
14,4,0.0,0.0,6,112.51155786507246,166.51065079857833,177.310030992286,0,0.0,7.054360628215475,11.557865072463212,14.855187165382805,15.003911952354587,7,8
15,1,1.0,100.0,6,150.0269658310193,150.0269658310193,150.0269658310193,0,0.0,21.435848957804478,26.965831019298268,26.965831019298268,26.965831019298268,7,8
1,33,22.0,66.66666666666667,7,3.9213240864560075,9.407268162064781,10.690320796537039,21,63.63636363636363,7.684683662993793,12.233177365099033,19.981127842450334,20.884861378477122,8,9
2,30,17.0,56.666666666666664,7,6.477521835857798,15.10669841517305,17.428110287388115,17,56.666666666666664,6.522928973472032,10.855169191130564,18.113710137820902,21.3294161613615,8,9
3,23,13.0,56.52173913043478,7,11.665511159353027,23.611675129960656,24.011976563605717,12,52.17391304347826,8.715199611332164,13.337246309548942,20.056616528094544,23.85102141837146,8,9
4,14,5.0,35.714285714285715,7,13.512423181298479,21.015613501651984,21.01854685304146,4,28.571428571428573,7.862029547577303,12.423181298478584,20.211677941624504,21.595601562918368,8,9
5,14,8.0,57.142857142857146,7,31.440793512447666,60.01354985069863,60.013827921383516,8,57.142857142857146,7.674329221585837,12.222083876236402,22.098892269563684,28.50722131758543,8,9
6,17,10.0,58.8235294117647,7,42.367142424610286,93.00846519788983,102.61677889592104,10,58.8235294117647,9.741260539724205,14.201248139701354,26.30484350178887,28.323328873634257,8,9
7,11,3.0,27.272727272727273,7,45.46464345643256,87.51271015610558,97.51600916769947,3,27.272727272727273,5.691753426496524,10.098001887106939,17.38502152090511,17.82590225928395,8,9
8,7,3.0,42.857142857142854,7,35.729741774041585,67.51419690338109,73.5158830634857,1,14.285714285714286,10.692857853571587,15.456059755874184,22.508979102788853,22.84790459843931,8,9
9,10,2.0,20.0,7,48.011911213557205,76.51395868756025,87.3121702449229,1,10.0,7.384169061537231,11.911213557205603,18.577543603104832,19.812352193745372,8,9
10,4,1.0,25.0,7,50.00950915277666,74.00362533556155,78.8007250671123,0,0.0,6.075513472451533,9.509152776661614,21.75590339754558,23.68630367452164,8,9
11,8,0.0,0.0,7,75.0121527071006,100.0111069117877,100.01166159645496,0,0.0,7.60957432190387,12.152707100597844,16.555148238437727,17.283957260215356,8,9
12,1,0.0,0.0,7,60.0142075543037,60.0142075543037,60.0142075543037,0,0.0,9.52752774758893,14.207554303704786,14.207554303704786,14.207554303704786,8,9
13,6,2.0,33.333333333333336,7,105.01465379056258,192.52266482064886,206.52326631070505,2,33.333333333333336,9.944035778004514,14.653790562578143,22.664820648857564,23.266310705049595,8,9
14,3,0.0,0.0,7,120.01243121333364,171.0128475515686,178.21287228115858,0,0.0,7.869526489112858,12.431213333636421,12.847551568592136,12.872281158565308,8,9
15,0,,0.0,7,0.0,0.0,0.0,0,0.0,0.0,0.0,0.0,0.0,8,9
1,17,8.0,47.05882352941177,7,2.4819356557783325,5.209687268389431,5.855080525742582,7,41.1764705882353,6.8579358437654685,11.347420484214771,18.60633989541636,20.93762510479662,9,10
2,16,7.0,43.75,7,5.387084005906257,12.515019326474706,13.714993013896018,6,37.5,7.778795013768207,12.084005906256305,20.14344745906598,21.245046617526544,9,10
3,22,12.0,54.54545454545455,7,12.556693964307271,24.013886519755115,27.167721183765693,12,54.54545454545455,6.926834740657062,11.23941885272511,21.90227840150391,23.04922278744376,9,10
4,12,4.0,33.333333333333336,7,13.429070448775441,24.161560037567416,27.243249097355363,3,25.0,8.155049420442202,12.40378210877344,21.541919188299914,24.16686019754997,9,10
5,21,14.0,66.66666666666667,7,31.44387949299475,60.017365815916875,68.01162746712234,12,57.142857142857146,10.554721959750918,15.308064423315633,24.894531100299037,27.65345582682307,9,10
6,19,12.0,63.1578947368421,7,52.90808124817221,106.5150996446246,117.31021328425582,12,63.1578947368421,8.721882386191083,13.344406066946567,20.78520001870027,23.492162998752583,9,10
7,11,5.0,45.45454545454545,7,47.74399103339183,87.51841522878874,97.51751656294879,4,36.36363636363637,11.871013452078625,16.718306119104955,26.46205739200628,27.32230599657513,9,10
8,10,4.0,40.0,7,50.012673287545695,88.7626086722613,97.7572877851856,4,40.0,8.095473734040278,12.673287545695555,22.20510763340145,23.165523710308715,9,10
9,4,1.0,25.0,7,37.51235135612978,55.51976737945394,59.121037690242176,1,25.0,7.794989366611131,12.351356129780907,19.767379453952866,21.03769024218742,9,10
10,11,4.0,36.36363636363637,7,90.91951545369025,180.00980496864003,196.01017112090796,4,36.36363636363637,5.996541886005435,10.424544599340665,14.619997812791013,14.685453870089171,9,10
11,7,3.0,42.857142857142854,7,92.87282393650705,185.0188453861066,197.02074964439353,3,42.857142857142854,10.902886671261447,15.681079364182827,26.54727784120392,28.371815741517263,9,10
12,4,1.0,25.0,7,105.01379978493824,171.01433502599141,178.2146754926745,1,25.0,9.146923948824199,13.799784938239492,16.973669605457424,17.286101642185248,9,10
13,2,2.0,100.0,7,105.02006608390062,136.5200166105039,139.32001221286862,1,50.0,14.995762511157114,20.066083900604028,20.11555729732536,20.11995493258948,9,10
14,2,0.0,0.0,7,90.01066010047506,90.0132940687963,90.01352819931374,0,0.0,6.216405045703848,10.660100475058119,13.294068796308503,13.528199313752982,9,10
15,0,,0.0,7,0.0,0.0,0.0,0,0.0,0.0,0.0,0.0,0.0,9,10
1,14,7.0,50.0,7,1.9433356889831237,3.3611958317797463,3.8800693810302485,6,42.857142857142854,10.047146133474284,14.764260411694911,25.428135294112355,29.173069922495166,10,10
2,23,15.0,65.21739130434783,7,6.100238640354257,11.812011154922878,12.02058285596268,14,60.869565217391305,8.663744520069121,13.282118615126594,22.900342709221242,23.20802337856819,10,10
3,18,11.0,61.111111111111114,7,10.457663931504356,20.007612180818636,20.011643488924573,10,55.55555555555556,8.605285474696187,13.219487059911438,22.423714225880357,27.854671407223336,10,10
4,17,8.0,47.05882352941177,7,18.54179961597565,36.418018274667276,40.8893157766628,8,47.05882352941177,7.829053202916822,12.387851269768383,20.861297822794832,21.256473915955816,10,10
5,14,4.0,28.571428571428573,7,20.728820568428386,43.523679960402724,48.724071115075546,4,28.571428571428573,9.833022894104293,14.534854142675389,23.67996040273142,24.071115075558808,10,10
6,7,3.0,42.857142857142854,7,23.586483743586456,40.52170308040271,44.119426472423605,2,28.571428571428573,10.318677359407422,15.05517215787854,26.296364828060355,27.93382257237533,10,10
7,10,4.0,40.0,7,50.01333226856464,113.75960987057263,122.75192197411454,3,30.0,9.083905511326998,13.332268564639833,21.355267939246062,21.355267939246062,10,10
8,14,3.0,21.428571428571427,7,42.86879552457018,75.01240995955061,75.017498048362,3,21.428571428571427,7.142847256806567,11.652667427326348,18.80060801723414,18.84597794651854,10,10
9,9,1.0,11.11111111111111,7,43.343394141555684,78.0090097228987,87.61123180704494,1,11.11111111111111,6.071873187629591,10.060808222347603,14.635284857137574,14.863407818968394,10,10
10,3,1.0,33.333333333333336,7,53.35074132745665,76.01539062243633,79.21497013960033,0,0.0,12.514754489531411,17.407994123318378,19.832739820987083,20.063391437321823,10,10
11,3,0.0,0.0,7,66.68102177190731,95.01080049370081,99.00998888315978,0,0.0,9.66524885139885,14.355105240647653,19.27282334965599,19.799454499844817,10,10
12,4,1.0,25.0,7,75.01305467819152,111.01488943856347,118.21403325611476,0,0.0,8.451456161630867,13.054678191523392,19.883836181012477,20.740018629730578,10,10
13,2,0.0,0.0,7,105.01481278633018,136.51395688008122,139.31388079952578,0,0.0,10.092439258664808,14.812786330192893,15.668692579141656,15.744773134603767,10,10
14,1,0.0,0.0,7,90.00638987451934,90.00638987451934,90.00638987451934,0,0.0,2.230661245465205,6.389874519338764,6.389874519338764,6.389874519338764,10,10
15,1,0.0,0.0,7,150.0106216541255,150.0106216541255,150.0106216541255,0,0.0,6.180519989258948,10.62165412548485,10.62165412548485,10.62165412548485,10,10
1,27,16.0,59.25925925925926,7,3.2353239237276084,6.024943588586847,6.762715204539521,16,59.25925925925926,8.633625314448754,13.101701505386368,25.71293747143966,28.21369400006618,11,10
2,21,11.0,52.38095238095238,7,5.44185468487954,12.017237909137222,13.61818188493623,11,52.38095238095238,8.84259309997222,13.283256308111753,18.93941923681694,23.12300684237592,11,10
3,17,8.0,47.05882352941177,7,10.602549298830327,24.82630032044923,27.38135690756297,7,41.1764705882353,9.626886437739989,14.314004712680875,23.296731605895612,26.935455902133473,11,10
4,13,4.0,30.76923076923077,7,13.47361425584842,23.816859242057465,27.169147496426973,4,30.76923076923077,7.537785456013936,12.075794309957239,19.73280449064122,22.575118297770054,11,10
5,15,8.0,53.333333333333336,7,30.013202192524336,63.01219442066984,68.6217390681877,8,53.333333333333336,8.589143099872677,13.202192524333368,25.328071029733287,27.57337415987706,11,10
6,11,4.0,36.36363636363637,7,30.0118413773622,67.50945326250329,73.51199291318649,3,27.272727272727273,7.318985348972017,11.841377362197418,20.968933247554848,24.13400542401967,11,10
7,14,6.0,42.857142857142854,7,58.94049295286087,108.76162896939056,121.75952295412546,6,42.857142857142854,7.393792893505792,11.921524289436604,19.528986799810117,19.5366462309315,11,10
8,5,1.0,20.0,7,30.01575560262172,45.012992228649104,49.01029042703443,0,0.0,10.97244519457556,15.75560262171876,25.066129988700254,26.214215375760077,11,10
9,8,2.0,25.0,7,45.013068480013736,79.51370305453106,87.91234066802319,1,12.5,8.464338507414025,13.06848001374049,24.190563086101456,27.345872571150693,11,10
10,5,2.0,40.0,7,48.01831710298875,72.02363921227644,78.4240629654503,1,20.0,13.363298585724547,18.317102988750065,23.639212276440862,24.062965450300698,11,10
11,7,2.0,28.571428571428573,7,85.72673790924348,135.00866852445043,147.00571193975156,1,14.285714285714286,7.889110318901483,12.452194957761575,25.367134098250663,28.13578699292661,11,10
12,4,2.0,50.0,7,75.01660594258266,111.0163920395009,118.21559276865828,0,0.0,11.766135566594786,16.605942582656066,21.94880029828006,22.03259310190839,11,10
13,6,1.0,16.666666666666668,7,105.01143055808872,192.5089845566173,206.50870601036004,1,16.666666666666668,6.935534826864711,11.43055808873114,15.681815066074515,15.922956107867945,11,10
14,2,0.0,0.0,7,135.01012916551693,175.51039608343083,179.11041980946763,0,0.0,5.720840937467894,10.129165516924237,10.396083430827513,10.419809467618915,11,10
15,0,,0.0,7,0.0,0.0,0.0,0,0.0,0.0,0.0,0.0,0.0,11,10
1,20,13.0,65.0,7,3.1624698331585694,6.059089824178811,6.817002647881374,13,65.0,8.278925491886369,12.46983315856957,21.476916412140103,23.325973200129503,12,10
2,18,9.0,50.0,7,5.236059719447092,10.314012521284594,11.680911953449447,9,50.0,9.182123845547203,13.837497224868704,23.757685304003978,28.838979924473485,12,10
3,12,5.0,41.666666666666664,7,7.3456915937533305,13.811853725032579,15.57109682644843,3,25.0,8.11256038339904,12.35826041999747,21.821977491368642,22.278315720110722,12,10
4,12,6.0,50.0,7,15.181479577207037,31.161366965570284,34.24228727406169,5,41.666666666666664,10.714808573778098,14.812910540371078,28.343187008454077,28.343187008454077,12,10
5,21,11.0,52.38095238095238,7,30.49006043353239,70.01754267512979,78.02284365802097,10,47.61904761904762,9.212421471859145,13.869957341915416,24.168903743765657,24.168903743765657,12,10
6,8,2.0,25.0,7,24.389304729781507,39.76916919615691,43.96500850210044,2,25.0,9.618229401836295,14.304729781509101,24.97397643506041,28.057155460288563,12,10
7,11,4.0,36.36363636363637,7,43.194727158584676,87.51029508651914,97.50777113903317,3,27.272727272727273,8.654872289825121,12.908976766498746,24.291435599805755,25.16768442899733,12,10
8,5,1.0,20.0,7,40.01103188254707,70.01103795037821,74.01049961121544,1,20.0,6.563419022002781,11.031882547076988,13.114426974843655,13.606602348651156,12,10
9,6,1.0,16.666666666666668,7,35.01460920252101,52.512520917941124,58.50971809985688,0,0.0,9.902418188658038,14.609202521010806,21.583091602083798,22.741806926047147,12,10
10,8,2.0,25.0,7,65.01173014959997,106.01460498858367,117.21227619632937,2,25.0,7.215167572514902,11.730149599975043,17.76257992896159,19.561406753634355,12,10
11,6,1.0,16.666666666666668,7,75.00986329734384,100.01669074486723,100.01943499244656,1,16.666666666666668,5.4726848835395705,9.863297343839408,17.89114582530828,19.675072638186062,12,10
12,6,1.0,16.666666666666668,7,70.01316452388669,105.01199661634323,117.00763753083251,0,0.0,8.55398394424446,13.164523886691434,25.073235374041925,27.689196681571648,12,10
13,3,0.0,0.0,7,70.01355271235008,70.01633687757277,70.01636057809635,0,0.0,8.916311319259536,13.552712350075454,16.336877572758908,16.360578096343954,12,10
14,2,0.0,0.0,7,135.01302695753625,175.5154710050595,179.11568825372825,0,0.0,8.425582254493705,13.02695753626543,15.471005059537314,15.688253728272592,12,10
15,1,0.0,0.0,7,150.0188470491941,150.0188470491941,150.0188470491941,0,0.0,13.857939811832852,18.847049194115815,18.847049194115815,18.847049194115815,12,10
1,16,6.0,37.5,7,2.26128912504715,4.267519536654599,4.867294234640696,6,37.5,6.803524044654129,11.289125047150119,18.079228422368008,19.197186651110304,13,10
2,16,6.0,37.5,7,4.760707817163574,10.516403683576028,11.710539606092615,6,37.5,6.494287869185348,10.707817163573882,18.969661815325757,19.26393210622962,13,10
3,20,11.0,55.0,7,13.412135864605556,28.22361384051654,31.255840719347088,11,55.0,7.78052988664888,12.13586460555466,20.03993025049903,23.308170103824818,13,10
4,13,4.0,30.76923076923077,7,15.087262286498612,30.811397471399925,34.173039510981276,4,30.76923076923077,5.916891875537776,10.339209575536083,16.161008973881323,18.840606288094794,13,10
5,10,4.0,40.0,7,20.012947486258525,35.513022694029814,39.10746052883741,4,40.0,8.351405347736389,12.947486258525226,21.387814558308428,21.493920037375034,13,10
6,14,3.0,21.428571428571427,7,27.870483864813906,50.26943099801617,58.060374429513715,3,21.428571428571427,8.718710391189724,13.34100767104731,22.20526226068798,24.862464674088162,13,10
7,3,0.0,0.0,7,33.34383203526844,47.51278046007943,49.51285886286074,0,0.0,6.0657588652347805,10.498701935109196,12.780460079434478,12.858862860733776,13,10
8,6,1.0,16.666666666666668,7,37.51176479623103,68.76322597809583,73.76454517627009,1,16.666666666666668,7.247506047425795,11.76479623103161,14.638794676191512,14.8277395861483,13,10
9,9,0.0,0.0,7,43.34496145897919,60.016646246111776,60.017358838470756,0,0.0,7.53477603364826,11.628125645858518,16.646246111772008,17.358838470751397,13,10
10,8,2.0,25.0,7,55.012086639893944,80.01942736637737,80.02322059627049,1,12.5,7.5479085079496615,12.08663989394195,22.7521564529396,23.885554285600445,13,10
11,3,0.0,0.0,7,66.67631748770157,95.00903509076163,99.00875735123438,0,0.0,5.274363731485025,9.650821034895323,11.812486034145694,12.09022556139702,13,10
12,5,1.0,20.0,7,84.0160786171754,120.01580995172034,120.01654782840507,0,0.0,11.273940541196506,16.07861717538683,25.622569096205154,27.400623400195382,13,10
13,2,0.0,0.0,7,70.01407991357503,70.01837033563221,70.01875170648174,0,0.0,9.408390435358513,14.079913575028115,18.370335632207045,18.75170648173406,13,10
14,6,0.0,0.0,7,105.01357468005187,157.5128026319036,175.51167997560407,0,0.0,8.936815534311712,13.574680051891164,16.365490357727545,16.88317249312457,13,10
15,0,,0.0,7,0.0,0.0,0.0,0,0.0,0.0,0.0,0.0,0.0,13,10
1,15,6.0,40.0,7,1.946553886849755,3.3177380921579385,3.870298131935759,4,26.666666666666668,8.606280883947694,13.220553516421289,23.656158438733147,27.263255274035245,14,10
2,14,4.0,28.571428571428573,7,3.5848738027066713,6.017023874590512,6.021982880365841,4,28.571428571428573,8.815990628806542,13.445231278100279,21.39392254317494,22.856889956373493,14,10
3,14,7.0,50.0,7,8.871507729895738,17.413139433123703,19.489378400128906,6,42.857142857142854,9.674365652647452,14.36487275288027,26.42150076655082,27.958849760073424,14,10
4,11,2.0,18.181818181818183,7,11.467396671686634,17.519457938670335,20.32223769651195,1,9.090909090909092,8.600960606718159,12.851217141179609,22.079172468820964,22.761943271645734,14,10
5,11,3.0,27.272727272727273,7,20.921986407285736,45.01390746743589,49.01048666465922,3,27.272727272727273,8.302880725217815,12.895498194827328,18.622525327152605,18.97376886348155,14,10
6,10,5.0,50.0,7,30.013162266822405,53.258987444383784,58.65717582621886,4,40.0,8.551877245423757,13.162266822405337,23.061273380309082,23.947377671074342,14,10
7,12,2.0,16.666666666666668,7,41.67819165879139,86.26415336796062,97.26227908654378,2,16.666666666666668,7.0236776739655395,11.524992124726737,15.842634092626875,16.024724164467077,14,10
8,13,5.0,38.46153846153846,7,53.8587935548565,110.0076970702845,122.00551764891837,5,38.46153846153846,8.064131911177755,12.639708702650227,25.448854824628008,28.15213113820208,14,10
9,10,5.0,50.0,7,66.01529984184384,136.51462762993413,147.31764385110608,3,30.0,10.54704716794501,15.299841843838152,21.960248991769042,22.718054772206795,14,10
10,9,2.0,22.22222222222222,7,62.234697656642616,104.02208057764761,116.82276222430741,2,22.22222222222222,8.325637156692611,12.475434420394189,22.08057764762904,22.762224307407347,14,10
11,4,0.0,0.0,7,62.51099802829776,92.51426088966835,98.51421822137662,0,0.0,6.531820140415774,10.998028297760598,14.509788036753267,14.55245632847776,14,10
12,3,0.0,0.0,7,80.00728833522682,114.01103187192146,118.8110517457377,0,0.0,4.31377332286887,7.288335226823858,11.031871921464328,11.051745737710037,14,10
13,3,0.0,0.0,7,93.34635239452359,133.0142043131387,138.61398327159736,0,0.0,8.418211962504335,13.019061190255343,16.414728551867288,16.635770093185556,14,10
14,0,,0.0,7,0.0,0.0,0.0,0,0.0,0.0,0.0,0.0,0.0,14,10
15,1,0.0,0.0,7,150.00974877858002,150.00974877858002,150.00974877858002,0,0.0,5.365795351774646,9.748778580011706,9.748778580011706,9.748778580011706,14,10
1,13,4.0,30.76923076923077,7,1.8566111479682808,3.4131925434891848,3.8891881781615796,4,30.76923076923077,6.314310685317169,10.457301814434418,17.931452915573242,19.61377889963215,15,10
2,21,9.0,42.857142857142854,7,5.25248070236582,10.0202573069009,11.616836981029566,9,42.857142857142854,9.693585364874762,14.385464270581334,20.257306900900474,22.784807955458177,15,10
3,19,6.0,31.57894736842105,7,9.064792951228181,20.408727068695256,23.30480777391233,6,31.57894736842105,7.814163295724733,12.161372280812586,20.9917439289245,27.26070895906139,15,10
4,14,7.0,50.0,7,16.01760570316642,37.469665370845924,41.115505738984616,5,35.714285714285715,12.69929216996365,17.60570316641914,27.273588104211402,27.730827201796632,15,10
5,15,6.0,40.0,7,23.34451922003526,53.00850312349228,58.60955602546087,6,40.0,6.707163430794788,11.185886701929194,18.606162484513355,21.58082547192049,15,10
6,3,0.0,0.0,7,15.008785917507376,15.011960644386386,15.012294721099684,0,0.0,4.467080016675975,8.78591750737789,11.960644386387173,12.294721099683649,15,10
7,9,1.0,11.11111111111111,7,36.12511680897592,50.01546888995893,50.016545620136164,0,0.0,9.753954557115847,14.005697864805171,20.379029161638133,21.292162958040972,15,10
8,6,1.0,16.666666666666668,7,29.179279732853704,43.7608208678105,48.75729764632563,0,0.0,8.039264318097255,12.61306618703689,21.840556401789,23.594469983384613,15,10
9,5,1.0,20.0,7,42.012055867502966,60.00784541237713,60.007970582848685,0,0.0,7.519186171519313,12.055867502970298,19.531268255841773,20.496497886113975,15,10
10,2,0.0,0.0,7,40.01374070691449,40.01547787856694,40.015632293824936,0,0.0,9.091781698902128,13.740706914493988,15.47787856693667,15.632293824931576,15,10
11,5,1.0,20.0,7,70.01433721560585,100.0199042260095,100.01998973596974,1,20.0,9.648551022821227,14.337215605846728,19.904226009501215,19.98973596974228,15,10
12,6,1.0,16.666666666666668,7,90.00972905696794,165.0079312509281,177.00645601608116,1,16.666666666666668,5.34738759213377,9.729056967950138,15.73106283303141,16.335777827396964,15,10
13,1,0.0,0.0,7,70.00840366399065,70.00840366399065,70.00840366399065,0,0.0,4.110292202583647,8.40366399064904,8.40366399064904,8.40366399064904,15,10
14,2,0.0,0.0,7,90.01117297333934,90.01374399572893,90.01397253105245,0,0.0,6.695110355520294,11.17297333933918,13.743995728920494,13.972531052438834,15,10
15,1,0.0,0.0,7,150.01528925979017,150.01528925979017,150.01528925979017,0,0.0,10.537170089940005,15.289259790154443,15.289259790154443,15.289259790154443,15,10
1,11,3.0,27.272727272727273,7,2.1019582818346114,4.513321743266804,4.911757395743884,3,27.272727272727273,6.579574317481257,11.049190925520778,16.144885348714794,16.83905149132202,16,10
2,23,12.0,52.17391304347826,7,5.317962288543662,11.814115881143598,12.019465321529566,11,47.82608695652174,9.136274606736276,13.614462456705409,22.262200386768438,23.470641018794442,16,10
3,14,5.0,35.714285714285715,7,10.583373805109721,25.415866243752234,27.494640846330334,5,35.714285714285715,7.682602787115043,11.94523368115109,18.528723674919473,21.25901070957736,16,10
4,9,2.0,22.22222222222222,7,10.122730017734737,18.20682037941678,20.445812918734504,1,11.11111111111111,7.111335595494022,11.618906623624763,18.47780268123376,20.127783406093855,16,10
5,11,2.0,18.181818181818183,7,18.195038922710886,35.01211885959606,39.0129850336028,2,18.181818181818183,8.606455777233977,13.220740892702354,18.241904616639758,18.897644721378978,16,10
6,5,0.0,0.0,7,18.00771280653263,27.008272920886878,29.406865477976517,0,0.0,4.212163676025609,7.712806532629081,14.214626362354862,15.091033623419493,16,10
7,12,6.0,50.0,7,54.182833909272155,111.27470372903043,122.27902818866978,5,41.666666666666664,11.35666175132477,16.167242605490262,30.109303579590875,30.109303579590875,16,10
8,8,0.0,0.0,7,31.259352031232943,50.01018053160549,50.01082171130272,0,0.0,4.995479285308274,9.352031232941902,10.579710567529142,10.901547095128036,16,10
9,5,0.0,0.0,7,42.014396270766184,60.01676620926201,60.0179000185778,0,0.0,9.703671932490362,14.396270766180393,19.267543052317762,19.48435748143303,16,10
10,8,2.0,25.0,7,65.01379916907031,106.01299565344576,117.20850659446648,2,25.0,9.146349109975546,13.799169070312471,22.059340473462584,23.145214669970596,16,10
11,3,1.0,33.333333333333336,7,50.01457798966283,50.02210383296591,50.02315411316846,0,0.0,9.873284728923245,14.577989662840656,22.103832965915675,23.154113168461215,16,10
12,4,1.0,25.0,7,75.01676907315431,111.01363967253114,118.2120464112224,0,0.0,11.918398390940165,16.76907315431294,23.690137019692756,24.678246178447246,16,10
13,4,0.0,0.0,7,105.01206750688876,140.00984827176134,140.00999348451367,0,0.0,7.5300501422315795,12.067506888751925,14.825566832666995,14.865094017443397,16,10
14,2,0.0,0.0,7,90.01243968725588,90.01675808694908,90.01714194469959,0,0.0,7.877435879244501,12.439687255876988,16.758086949086824,17.141944699594365,16,10
15,0,,0.0,7,0.0,0.0,0.0,0,0.0,0.0,0.0,0.0,0.0,16,10
1,19,10.0,52.63157894736842,7,2.697001627461301,6.108282587545272,6.828312994759585,9,47.36842105263158,8.40193966735741,12.791101145511348,22.33810467633033,22.813729713147605,17,10
2,18,9.0,50.0,7,5.345701160669457,10.322132479506305,11.669611178946871,9,50.0,8.225198848874932,12.36782733612402,25.484543967743516,28.15926896682518,17,10
3,13,6.0,46.15384615384615,7,8.630063730779227,16.018387840301223,16.02529985763395,5,38.46153846153846,9.967673471494656,14.679115394612982,26.711886820367422,26.96466693777829,17,10
4,14,5.0,35.714285714285715,7,14.013924835700903,28.01785351852333,28.02279706240769,5,35.714285714285715,9.26364383839813,13.924835700904529,22.399822097216322,23.706323122470074,17,10
5,8,1.0,12.5,7,13.762260522899773,20.018340941705862,20.02025506592481,1,12.5,7.710207440052468,12.260522899771235,18.623630073275088,20.311603598294184,17,10
6,11,4.0,36.36363636363637,7,28.645174764935657,52.509425792491385,58.51159105571695,3,27.272727272727273,5.169433390832827,8.811128572021765,16.96005922976176,20.822209394909255,17,10
7,5,1.0,20.0,7,30.013195077661784,45.019551721955956,49.020673595784714,1,20.0,8.582502228966893,13.195077661780298,19.551721955965277,20.67359578472114,17,10
8,3,0.0,0.0,7,25.00981797794788,25.011768053538677,25.011994979545015,0,0.0,5.430384662581979,9.817977947882511,11.768053538677083,11.994979545015577,17,10
9,5,0.0,0.0,7,36.012014235846074,54.012325413822886,58.81098792284922,0,0.0,7.480328012698456,12.01423584606893,17.836097608060545,18.777514474582038,17,10
10,5,0.0,0.0,7,56.010299630283136,80.01254305490025,80.0128113818249,0,0.0,5.8799493528371,10.299630283134821,12.576032617477546,12.817977368342389,17,10
11,1,1.0,100.0,7,50.03010930357959,50.03010930357959,50.03010930357959,0,0.0,24.369903595270593,30.109303579590875,30.109303579590875,30.109303579590875,17,10
12,3,0.0,0.0,7,60.011426294589874,60.01787227384093,60.018556005015036,0,0.0,6.931555362002347,11.426294589872,17.872273840929164,18.556005015030436,17,10
13,3,1.0,33.333333333333336,7,70.01615480890403,70.02816053863418,70.02971955059051,0,0.0,11.345056382185229,16.154808904025955,28.16053863418027,29.719550590508753,17,10
14,3,0.0,0.0,7,90.00960502390114,90.01395658321795,90.01436367204889,0,0.0,5.231617599598886,9.60502390115184,13.9565832179466,14.363672048877769,17,10
15,0,,0.0,7,0.0,0.0,0.0,0,0.0,0.0,0.0,0.0,0.0,17,10
1,13,6.0,46.15384615384615,7,2.0133292967862513,3.416385728020329,3.8976764391183027,5,38.46153846153846,8.707779684722759,13.329296786251659,24.116354036679642,28.910713671008622,18,10
2,12,6.0,50.0,7,3.682043901847768,6.914625382057245,7.792018123501973,3,25.0,10.61928456647574,15.377235181102101,27.565720972566314,28.187693801276524,18,10
3,12,5.0,41.666666666666664,7,8.67934142409886,17.810480567594745,19.571796706483536,4,33.333333333333336,8.407972386706513,12.674757432193557,24.074475138551254,24.115079081435265,18,10
4,16,6.0,37.5,7,14.887875110580733,29.75841854534323,33.96441772534532,5,31.25,8.283851332552663,12.875110580732454,21.541071113107208,24.617611531657616,18,10
5,14,9.0,64.28571428571429,7,20.729029282006923,40.01054231249155,40.0148939821477,7,50.0,10.027831988584982,14.74356772120791,24.37673910447828,26.448012636334266,18,10
6,14,6.0,42.857142857142854,7,37.512468198297576,80.2719496116268,88.0731273911764,6,42.857142857142854,7.904047517332082,12.468198297574904,21.949611626800586,23.127391176412896,18,10
7,13,6.0,46.15384615384615,7,78.85771619292929,185.01178094153087,197.0123556735527,6,46.15384615384615,7.058543760450203,11.562346775437666,15.049039663656758,15.257916283679872,18,10
8,5,3.0,60.0,7,55.01778848912179,95.01153472415737,99.00885661429521,2,40.0,12.86990093772449,17.78848912178386,23.964429642789796,24.733104703066655,18,10
9,4,1.0,25.0,7,30.01352816562764,30.02096924858839,30.02201148623243,0,0.0,8.893399897762585,13.528165627641151,20.9692485883903,22.011486232429295,18,10
10,12,4.0,33.333333333333336,7,76.67958816398162,138.0218369020031,155.62845482326432,4,33.333333333333336,8.327147785779262,12.921497314959515,24.615766498588915,29.010596163390492,18,10
11,2,0.0,0.0,7,50.0109637945113,50.01241865909687,50.012547980393364,0,0.0,6.499867006423818,10.963794511301252,12.418659096871073,12.547980393366169,18,10
12,7,4.0,57.142857142857146,7,85.73109620280889,162.01400340478403,176.41136199970336,2,28.571428571428573,11.957054670819815,16.810488523179288,27.070861992670544,27.119290425215056,18,10
13,0,,0.0,7,0.0,0.0,0.0,0,0.0,0.0,0.0,0.0,0.0,18,10
14,2,0.0,0.0,7,90.01374116419147,90.01607078362393,90.01627786090681,0,0.0,9.092208512124866,13.741164191477488,16.070783623930527,16.277860906815242,18,10
15,1,0.0,0.0,7,150.00766910787243,150.00766910787243,150.00766910787243,0,0.0,3.424672161760908,7.669107872439102,7.669107872439102,7.669107872439102,18,10
1,16,7.0,43.75,7,2.3862964807700093,4.264387534015131,4.868778843700382,7,43.75,7.043734747197237,11.296480770009111,17.99232501894935,19.4998019011465,19,10
2,20,9.0,45.0,7,4.814056037253835,10.006482664016579,10.017079973641048,8,40.0,9.572780766960548,14.05603725383414,21.36915287249741,23.54950026204996,19,10
3,12,5.0,41.666666666666664,7,8.34805851383241,13.822948771319378,15.584899151572913,4,33.333333333333336,10.01066972191132,14.725180499077764,27.511897260778262,29.589822315828357,19,10
4,9,1.0,11.11111111111111,7,10.896467255227245,18.209687461749176,20.447420024895692,1,11.11111111111111,3.7548114088927713,7.578366338357264,15.95070023305551,17.023657237634435,19,10
5,17,9.0,52.94117647058823,7,28.24783230230379,62.012518741199585,68.41530480617354,9,52.94117647058823,7.9693713901193295,12.538184656730126,20.84942493551241,21.19509632745082,19,10
6,6,1.0,16.666666666666668,7,22.508782137516274,41.258963694650774,44.258471802160656,1,16.666666666666668,5.08580522812368,8.782137516273195,12.547916451154935,12.747289472326905,19,10
7,7,1.0,14.285714285714286,7,42.8691495004594,67.51086839768188,73.50828685183599,1,14.285714285714286,7.473241296960905,12.006643316543705,17.69960848407389,18.258246816067068,19,10
8,15,9.0,60.0,7,70.01393097177278,157.50629751521643,171.5012595030433,7,46.666666666666664,9.518272477513756,13.930971772777136,25.04367030964986,28.071094235206452,19,10
9,3,1.0,33.333333333333336,7,40.01486886331454,57.01234536551598,59.41156212019372,0,0.0,10.144780398220192,14.868863314535929,20.249528421233133,20.975405997434315,19,10
10,10,3.0,30.0,7,80.01192314620569,142.01303668276137,156.41579690181308,3,30.0,7.395306757798717,11.923146205676348,17.990684862209488,18.74967236189545,19,10
11,8,5.0,62.5,7,93.76532914089557,150.0090840828876,150.00971764914786,3,37.5,10.574394318906108,15.32914089558404,25.960895650847206,26.764843945608057,19,10
12,1,0.0,0.0,7,60.01279713272762,60.01279713272762,60.01279713272762,0,0.0,8.211068358578414,12.797132727619898,12.797132727619898,12.797132727619898,19,10
13,3,1.0,33.333333333333336,7,93.35112473630197,133.01789121695953,138.6176381868854,0,0.0,12.872620664303208,17.791402968636792,20.421517700997118,20.674547775145044,19,10
14,1,0.0,0.0,7,90.01893941923682,90.01893941923682,90.01893941923682,0,0.0,13.9441561687286,18.93941923681694,18.93941923681694,18.93941923681694,19,10
15,0,,0.0,7,0.0,0.0,0.0,0,0.0,0.0,0.0,0.0,0.0,19,10
1,19,9.0,47.36842105263158,7,2.3809903727772985,4.113705922861657,4.827979392136188,9,47.36842105263158,7.998432635002301,12.569320145718997,18.47107987444601,22.322773374531018,20,10
2,25,13.0,52.0,7,5.53341494396428,11.611221371115633,12.013094921631772,12,48.0,8.937061864874238,13.41494396427854,24.086938170418478,27.89130779696526,20,10
3,11,5.0,45.45454545454545,7,8.378593198965639,18.01754267512979,19.61754267512979,4,36.36363636363637,10.226891723469205,14.95683532927402,21.237255324525897,21.463808190618526,20,10
4,18,8.0,44.44444444444444,7,16.34362920067899,35.0119052846716,35.01307120712444,8,44.44444444444444,6.291272688529173,10.29586734565532,20.582962433783813,25.317581864776777,20,10
5,18,9.0,50.0,7,26.123464649130025,50.00926558035603,50.01583051666094,9,50.0,7.797025898442876,12.353538018914632,18.98493147189831,25.844684136009253,20,10
6,10,1.0,10.0,7,22.512777221452303,38.26745789597515,43.667720054292516,1,10.0,8.192483571036082,12.777221452304099,17.457895975163524,17.720054292518096,20,10
7,10,5.0,50.0,7,47.515177782637465,88.75985950982954,97.76252615238381,3,30.0,10.433119537397847,15.177782637471958,24.242802131904295,24.319758392466643,20,10
8,8,2.0,25.0,7,46.88502301955299,91.26293931672112,98.26381451699382,2,25.0,6.08845644511271,10.023019552995459,16.819596858128204,18.019840462611924,20,10
9,5,2.0,40.0,7,42.017666809437834,60.022343762570756,60.02524257961338,1,20.0,12.756327545831368,17.66680943782825,25.48911620417431,25.871650340065376,20,10
10,12,5.0,41.666666666666664,7,80.0127884014803,138.0099076558892,155.60873137480286,4,33.333333333333336,8.514045476232932,12.788401480281129,18.600051529124595,20.152233175672027,20,10
11,2,1.0,50.0,7,50.02151215173896,50.0284423848062,50.02905840552329,0,0.0,16.345493410934996,21.51215173896405,28.442384806199588,29.058405523287192,20,10
12,7,2.0,28.571428571428573,7,85.7304681274157,120.01854593822357,120.0207934019961,1,14.285714285714286,11.370821616538322,16.182413129988287,23.83872477188096,24.690195685927208,20,10
13,3,0.0,0.0,7,70.01227332511168,70.01648447593637,70.01674873733165,0,0.0,7.722156769492447,12.273325111675819,16.484475936369144,16.748737331652023,20,10
14,2,1.0,50.0,7,90.0163405952062,90.0247407196614,90.02548739739075,0,0.0,11.518465613863473,16.340595206203595,24.74071966139883,25.487397390749518,20,10
15,1,0.0,0.0,7,150.0101928799237,150.0101928799237,150.0101928799237,0,0.0,5.7803106949027425,10.192879923696548,10.192879923696548,10.192879923696548,20,10
1,19,10.0,52.63157894736842,7,2.6452173289163725,5.113321251962352,5.833856928556039,10,52.63157894736842,8.996273241144989,13.638381547951152,25.19643086519248,29.1267290367112,21,10
2,18,8.0,44.44444444444444,7,4.790195516776193,8.016158794071515,8.023835313232416,8,44.44444444444444,7.856949813165105,12.41773899841559,19.78106359066863,24.55976713624705,21,10
3,17,9.0,52.94117647058823,7,9.894041791720777,20.81999878370358,23.372918044238062,8,47.05882352941177,7.396238696988669,11.688850544306847,23.10631415153749,23.345765013935925,21,10
4,17,12.0,70.58823529411765,7,21.83874905735429,43.41862240864457,47.89382674241474,10,58.8235294117647,10.691812422489432,15.219645589582335,25.37771453414768,27.704621462145948,21,10
5,15,7.0,46.666666666666664,7,20.682072496002032,40.01943177796529,40.020213741943564,6,40.0,10.645973780174444,15.405829335364382,22.129541876572834,24.73530568435074,21,10
6,15,7.0,46.666666666666664,7,32.0118003169669,64.5223351154445,72.91112004852518,6,40.0,7.77846309819274,11.800316966898976,25.39061714954561,27.75267303667238,21,10
7,10,3.0,30.0,7,42.51335114223762,75.01059736638673,75.01324801819672,3,30.0,8.72816979363898,13.35114223761478,20.09717357246355,21.933354936329703,21,10
8,14,8.0,57.142857142857146,7,53.583757505765966,108.76385835291727,121.76047684175546,7,50.0,8.040741332396346,12.328934337403059,21.998222551055846,23.87084247629695,21,10
9,4,0.0,0.0,7,30.010092669179354,30.013241901680296,30.013585470177933,0,0.0,5.68677598336103,10.092669179352612,13.241901680296268,13.585470177933372,21,10
10,9,2.0,22.22222222222222,7,57.7903520465626,104.01162172977607,116.81022517852557,1,11.11111111111111,8.00305159611761,12.574268784826675,20.48643901980379,23.81773269927934,21,10
11,10,2.0,20.0,7,85.0148510749573,150.01824044155597,150.02062865548342,2,20.0,10.128177100097636,14.851074957293989,20.15993412388734,21.012553997009473,21,10
12,7,2.0,28.571428571428573,7,111.44154199880849,222.00927865451013,236.4091633440688,2,28.571428571428573,8.372951473234567,12.970570237064438,17.702038233873274,17.842658260762683,21,10
13,3,1.0,33.333333333333336,7,70.01559051673968,70.02719873749406,70.02850210767208,0,0.0,10.818357322489474,15.590516739679833,27.198737494065554,28.502107672089593,21,10
14,2,0.0,0.0,7,90.01190246849069,90.0121314038266,90.01215175363424,0,0.0,7.3760065907471954,11.90246849069422,12.131403826610425,12.15175363424742,21,10
15,1,0.0,0.0,7,150.0126278258573,150.0126278258573,150.0126278258573,0,0.0,8.053040700140249,12.627825857282723,12.627825857282723,12.627825857282723,21,10
1,25,16.0,64.0,7,3.533650021044324,8.81557992381599,9.783112095060217,15,60.0,9.007137315080556,13.65002104432363,26.186044071647196,27.30560976295413,22,10
2,18,10.0,55.55555555555556,7,5.012840961963376,10.310018617219143,11.670672984951953,9,50.0,8.25197769370437,12.840961963376502,20.680142963665872,22.22379126556925,22,10
3,18,9.0,50.0,7,10.235203558573843,20.61472677408476,23.328483255620753,7,38.888888888888886,8.383000349989796,12.981336351620882,21.291480832615648,23.785168704729774,22,10
4,22,10.0,45.45454545454545,7,18.46666736819358,41.6593928800751,42.017812173608704,9,40.90909090909091,7.75053779430736,12.1219136481237,20.091193195009154,25.659225463042585,22,10
5,12,6.0,50.0,7,27.513847197832423,54.508374195122585,58.90167483902452,6,50.0,9.502304889206544,13.847197832422781,21.69199467478049,21.717427042241724,22,10
6,11,4.0,36.36363636363637,7,31.374056490712963,67.50930715809244,73.50823004448175,3,27.272727272727273,6.331829592762035,10.420127076599172,19.73943944222095,22.809044308219377,22,10
7,12,5.0,41.666666666666664,7,54.17620379978433,111.26005219592591,122.25760714196595,4,33.333333333333336,5.4793763852837,9.537133117669667,18.65650731537633,21.28456743766874,22,10
8,9,4.0,44.44444444444444,7,38.9053495025737,65.01651089050561,73.01769397706347,1,11.11111111111111,11.630488469787638,16.460613684805388,27.801181130797413,29.647679089832184,22,10
9,8,3.0,37.5,7,56.26337036839195,109.51683532924596,117.91416621567198,2,25.0,8.746115102917878,13.370368391955555,27.0490869716267,28.779745956372615,22,10
10,10,4.0,40.0,7,60.015120925392374,102.0140923782309,116.40827331567671,2,20.0,10.380050118001021,15.120925392370125,25.930928564612426,27.860735319685748,22,10
11,6,2.0,33.333333333333336,7,66.68066548847648,100.0196251611229,100.02203448141711,1,16.666666666666668,9.33270099789035,13.99882180981456,23.22171528698948,23.377689632675978,22,10
12,5,1.0,20.0,7,72.0109182164384,108.01793860783488,117.61737804887676,0,0.0,7.204029397341989,10.918216438410601,20.040703927869576,20.60126288599924,22,10
13,1,0.0,0.0,7,70.01237824027801,70.01237824027801,70.01237824027801,0,0.0,7.820082494757287,12.378240278007768,12.378240278007768,12.378240278007768,22,10
14,2,0.0,0.0,7,90.01426887169927,90.01699557946414,90.01723795348768,0,0.0,9.584760182542677,14.268871699276941,16.995579464140988,17.237953487684457,22,10
15,0,,0.0,7,0.0,0.0,0.0,0,0.0,0.0,0.0,0.0,0.0,22,10
1,19,9.0,47.36842105263158,7,2.6964400228047367,5.111013805203393,5.829390988551956,9,47.36842105263158,7.681248006554102,12.229496488946673,19.703182803694563,22.2003459905859,23,10
2,24,15.0,62.5,7,6.346932388888768,12.028035919234005,13.561055780009545,14,58.333333333333336,9.115130488461133,13.59905555543528,21.693116204489396,29.127827888252412,23,10
3,9,2.0,22.22222222222222,7,7.1222833807509165,14.412590427593933,15.691479221740401,2,22.22222222222222,6.694453536400584,11.172269639805599,14.79456091590606,14.85889283409121,23,10
4,10,3.0,30.0,7,12.614988727018497,21.022016700511355,21.028490782965946,3,30.0,10.256658790578733,14.98872701849628,26.335820279123137,29.354606919497332,23,10
5,17,10.0,58.8235294117647,7,24.72017145663278,42.01035527192006,48.41649276756428,9,52.94117647058823,9.603644320951938,14.289103691604643,23.387618456900082,26.72522153300962,23,10
6,11,4.0,36.36363636363637,7,34.10124684188884,67.51237503157648,73.51689671949556,4,36.36363636363637,6.254941385737348,10.33775097974471,19.592008433407035,20.843901999869097,23,10
7,13,7.0,53.84615384615385,7,61.55144290523438,135.012174414898,147.011839038466,7,53.84615384615385,8.383028744552153,12.981366772842925,22.59485684224746,24.828368677485667,23,10
8,11,5.0,45.45454545454545,7,61.376950083224486,112.5183040054587,122.51685036635254,5,45.45454545454545,8.693240238439104,13.313719588114,20.26514363977148,20.380415078464264,23,10
9,9,2.0,22.22222222222222,7,53.34491173261537,90.00991949918873,90.01127158957115,2,22.22222222222222,7.07352685018829,11.578399282047,17.857783572066136,18.588891303307623,23,10
10,6,0.0,0.0,7,53.34413407091912,80.0100723934822,80.0107550033432,0,0.0,6.347672921913322,10.80073758577966,13.398599406129472,13.616809723100014,23,10
11,6,1.0,16.666666666666668,7,75.01169830363051,137.51139986121626,147.51294447657958,1,16.666666666666668,7.185443179315005,11.698303630509416,16.308384930774455,17.10245280020785,23,10
12,3,0.0,0.0,7,60.01294669597576,60.01562542899768,60.01590006064269,0,0.0,8.350667713548143,12.94669597575384,15.62542899767635,15.900060642688013,23,10
13,1,0.0,0.0,7,70.011005034602,70.011005034602,70.011005034602,0,0.0,6.538359685145406,11.005034601989532,11.005034601989532,11.005034601989532,23,10
14,4,1.0,25.0,7,112.5169565048879,166.5227262426923,177.32377160724147,1,25.0,12.093343435497108,16.956504887894717,22.72624269233731,23.77160724149427,23,10
15,0,,0.0,7,0.0,0.0,0.0,0,0.0,0.0,0.0,0.0,0.0,23,10
1,31,21.0,67.74193548387096,7,3.1738396313621235,6.010725778542611,6.0214880235363495,20,64.51612903225806,8.34106284053433,12.549308781477968,24.5800353760886,27.217928790127555,24,10
2,35,24.0,68.57142857142857,7,7.840884673861085,16.619323685713518,19.333881909753043,24,68.57142857142857,7.759417467999749,12.3132452896573,20.320250166960868,22.183195304433422,24,10
3,19,13.0,68.42105263157895,7,13.48574807723728,28.0060943590994,28.006457079383736,12,63.1578947368421,7.526652472836323,12.06386671096636,20.1054085380133,20.784333101130745,24,10
4,16,7.0,43.75,7,15.761248669963505,29.758467868946145,33.96179583447505,6,37.5,6.765764075861652,11.24866996350547,17.86482593758206,20.4984655007041,24,10
5,9,3.0,33.333333333333336,7,18.90216605161299,36.02078281434065,39.216750615584495,2,22.22222222222222,9.07395437669823,13.277162724102123,28.63404493333899,28.78916915994428,24,10
6,20,11.0,55.0,7,40.512415989775704,75.76045592923266,87.15904484883606,10,50.0,7.855317123544511,12.4159897756996,25.912269552651434,28.311232808799854,24,10
7,13,7.0,53.84615384615385,7,48.09318963879353,85.01902127122325,97.00843263231977,5,38.46153846153846,11.449364373773138,16.266561870446164,25.10947284020853,27.298004148996053,24,10
8,10,6.0,60.0,7,67.51395425634004,138.76302290038296,147.7637225313204,4,40.0,9.664456504503411,13.954256340053831,23.539392028908306,25.01727571481784,24,10
9,7,2.0,28.571428571428573,7,42.86959870824662,81.00862774909659,88.20869304437615,1,14.285714285714286,7.892522892715556,12.455851103767696,20.44013956257565,21.857239741758217,24,10
10,10,2.0,20.0,7,64.01032606093942,102.01176857228941,116.40893082417035,1,10.0,6.277971228518098,10.326060939409148,18.81675946163596,20.592370218858257,24,10
11,4,0.0,0.0,7,75.01293066822859,100.01071056022732,100.01131913582016,0,0.0,8.335707733793674,12.930668228601418,18.270670948576345,18.731773545007922,24,10
12,6,0.0,0.0,7,80.00842222528864,120.00635633152929,120.00650947386971,0,0.0,4.127616948196135,8.422225288639707,15.412947119489637,16.923365237950886,24,10
13,7,2.0,28.571428571428573,7,110.0152658775394,189.01580434746066,205.8165467075531,1,14.285714285714286,10.515345563119164,15.265877539419693,25.04949380132801,27.68444836702886,24,10
14,4,1.0,25.0,7,112.5149790505486,166.5131738650165,177.3117278200938,0,0.0,10.247626966432012,14.979050548599613,22.035313881788674,23.140409351635814,24,10
15,3,0.0,0.0,7,150.00909385092828,150.00974502568081,150.00978458422148,0,0.0,4.754498934549336,9.0938509282852,9.745025680829416,9.784584221477571,24,10
1,23,14.0,60.869565217391305,7,3.1420095971910045,6.917641623438515,7.797115080963148,14,60.869565217391305,7.394834900188143,11.574814582308793,21.120837011328838,21.654745146646718,25,10
2,22,14.0,63.63636363636363,7,6.742246511063898,12.022606820356245,13.598497210235111,13,59.09090909090909,10.242711080015901,14.973783791170753,22.966100725891433,24.603165640014762,25,10
3,14,2.0,14.285714285714286,7,6.868877808966574,13.412838004419532,15.490420093804444,2,14.285714285714286,7.219649872446498,11.73495182371759,16.529984110975807,17.933966568328845,25,10
4,21,9.0,42.857142857142854,7,20.346038251586428,49.01932593795531,54.61092093273705,9,42.857142857142854,8.124997205917232,12.704918253094352,21.707502936084385,22.72759073826166,25,10
5,12,9.0,75.0,7,23.3484821812025,44.51533419592178,48.91122094556548,7,58.333333333333336,10.406112401337099,15.148847869163637,22.085078306288167,22.526464853789733,25,10
6,20,11.0,55.0,7,45.76307091095639,105.76215592056066,117.16077177689355,10,50.0,8.466607500831847,13.070910956388023,20.786290175802144,21.523260384027935,25,10
7,13,5.0,38.46153846153846,7,50.01331622360275,85.01477089006373,97.00864395279423,5,38.46153846153846,8.695577435788069,13.316223602742989,22.9409499321044,26.618084504594744,25,10
8,12,6.0,50.0,7,64.59774453095152,136.26677459261046,147.26150922246106,6,50.0,10.028731048565541,14.411197618191714,22.5519652354938,22.935581652729145,25,10
9,13,7.0,53.84615384615385,7,62.32181293124947,120.02122147456262,120.02179756088712,5,38.46153846153846,9.733582188921115,14.120623557158295,23.135058868199447,24.567230548148583,25,10
10,7,1.0,14.285714285714286,7,51.443319579591666,80.02268151258866,80.02378031363335,1,14.285714285714286,10.032109948558277,14.748151020243439,22.70078849839472,23.784168815301964,25,10
11,3,0.0,0.0,7,50.01091241064239,50.013316843576895,50.01363400490995,0,0.0,6.451906327279114,10.912410642391919,13.316843576896177,13.634004909952575,25,10
12,5,1.0,20.0,7,84.01216188163255,120.00866378170366,120.00892991658809,0,0.0,7.618137647178389,12.161881632551538,18.970319425321872,20.380941468703544,25,10
13,7,2.0,28.571428571428573,7,90.01640877443388,140.02055864790043,140.0244211268891,1,14.285714285714286,11.5821027461445,16.40877443387942,24.299334561396716,25.16926422131552,25,10
14,7,0.0,0.0,7,115.7240982733923,180.0098227560763,180.0114277867225,0,0.0,5.425326824126951,9.812559106598936,13.059425675399398,13.48127068957116,25,10
15,3,0.0,0.0,7,200.00996228309506,285.0091203038766,297.00861045566893,0,0.0,5.56507621088737,9.962283095031024,14.218785953660785,14.728634161365644,25,10
1,36,25.0,69.44444444444444,7,4.040204639726254,8.263564340663438,9.663322132319191,24,66.66666666666667,7.8654649929284846,12.42686194847601,23.880096960085698,30.278323193741713,26,10
2,21,13.0,61.904761904761905,7,6.014222872532371,12.01567089763943,13.607762557603019,11,52.38095238095238,9.54182547692972,14.222872532371472,25.38674663629522,27.353458908213398,26,10
3,18,8.0,44.44444444444444,7,8.681045658596865,16.61919615504209,19.3463712545947,7,38.888888888888886,9.687544211358437,14.378991930200016,24.652760544395097,27.462575695167633,26,10
4,19,10.0,52.63157894736842,7,17.32827456820318,28.714012876333662,33.75389199877627,10,52.63157894736842,8.116319180944311,12.485094518970683,21.27956710119908,21.621915769107325,26,10
5,20,10.0,50.0,7,27.515407025818025,60.508641024500776,68.11387395575926,10,50.0,10.647090553242752,15.407025818024064,25.482917156049126,26.944709056308454,26,10
6,19,9.0,47.36842105263158,7,37.118702537597365,76.52044244990684,87.3206816120818,8,42.10526315789474,8.810528884887498,13.439379702631433,21.761690398977475,25.57532681089025,26,10
7,13,5.0,38.46153846153846,7,55.77971729731808,110.01081391840806,122.00763456257282,5,38.46153846153846,6.054396038339638,10.486528087323222,13.63251116795791,13.687446237770482,26,10
8,14,7.0,50.0,7,57.16058433917551,108.77417556502573,121.76762170609979,7,50.0,12.812691456591667,17.727196318359823,28.67121312262859,28.7966027978022,26,10
9,11,3.0,27.272727272727273,7,57.28356641939718,90.0131815555899,90.01517302922953,3,27.272727272727273,6.38352319554173,10.8391466699156,15.186357761922007,15.573989663928643,26,10
10,7,4.0,57.142857142857146,7,97.1560944263373,188.02069174171115,197.62090159973576,3,42.857142857142854,8.621896298671306,13.237283480163086,20.772692224013387,20.917789838330762,26,10
11,13,7.0,53.84615384615385,7,123.08888516724186,220.01440241926664,244.0116065652952,6,46.15384615384615,7.7188502844182905,11.962090318792914,20.689376297293645,25.33886463747875,26,10
12,13,5.0,38.46153846153846,7,147.70769259295736,324.0177059558167,352.8133860521666,5,38.46153846153846,10.626439362055343,15.384900649662843,24.30627643793261,26.084244018681268,26,10
13,6,1.0,16.666666666666668,7,105.01194283981498,192.5131333582804,206.51419171323514,1,16.666666666666668,7.413688380230404,11.942839814987446,15.30189599662818,15.308487550274156,26,10
14,7,3.0,42.857142857142854,7,180.01272742929183,333.01299916507696,354.613742241985,2,28.571428571428573,8.146008560818554,12.72742929182672,23.66999924694608,27.01010943034356,26,10
15,1,0.0,0.0,7,150.00738432972167,150.00738432972167,150.00738432972167,0,0.0,3.1588659115519593,7.3843297216792045,7.3843297216792045,7.3843297216792045,26,10
1,44,32.0,72.72727272727273,7,4.627523591464777,9.867239005392992,10.584847266770618,31,70.45454545454545,9.313394133360672,13.887227828413195,27.382046202026338,29.445656114597423,27,10
2,43,32.0,74.4186046511628,7,10.52505942094822,22.026211787411153,25.178089135241454,31,72.09302325581395,8.890013221189525,13.431513971475667,27.358884547454238,29.154657036511274,27,10
3,31,21.0,67.74193548387096,7,19.239982719043375,50.01486407447839,54.82572759237712,20,64.51612903225806,9.618761341693553,14.176267430468007,28.814284690656955,30.28841272403567,27,10
4,24,16.0,66.66666666666667,7,29.47115298562183,61.96284926712886,68.40665810737363,16,66.66666666666667,8.232087667881185,12.819652288498503,24.544526000808546,29.023115482632875,27,10
5,21,11.0,52.38095238095238,7,33.345931920258245,80.01453817774117,88.02603641444651,10,47.61904761904762,8.02574966340134,12.59858692490729,25.526765277438212,28.234131953757217,27,10
6,26,17.0,65.38461538461539,7,46.16669953564962,90.00901731288701,101.2581050573998,16,61.53846153846154,8.26357012490382,12.853381803456243,22.294852442394973,24.175189669436218,27,10
7,22,14.0,63.63636363636363,7,81.83298020623731,198.76468714717308,219.76223856050333,12,54.54545454545455,10.07900019601191,14.798388055482537,22.88308329714642,28.548555490214696,27,10
8,18,9.0,50.0,7,65.29135188049685,128.7675509895078,145.76167551893008,8,44.44444444444444,8.936276663361697,13.574102719068769,23.865554996482004,26.478229025977342,27,10
9,16,9.0,56.25,7,93.76009187330689,217.50710968841122,235.5066328314814,8,50.0,6.15272316671606,10.091873306882796,16.056652822969056,19.974581958121895,27,10
10,12,7.0,58.333333333333336,7,103.34826061740813,178.02156841605188,195.62422930809063,7,58.333333333333336,10.199309171511194,14.92728407480327,25.11602809149732,25.332602927335643,27,10
11,12,6.0,50.0,7,108.34776073190807,222.51932593795527,244.51932593795533,5,41.666666666666664,9.732726008613822,14.427398574740096,23.197702385367503,23.915210164623982,27,10
12,9,3.0,33.333333333333336,7,120.01165158239844,180.01507499432327,180.0152722605733,3,33.333333333333336,7.141834512484094,11.651582398456188,15.074994323277602,15.272260573302585,27,10
13,5,2.0,40.0,7,112.01676133867295,196.01966776177483,207.2175794534139,2,40.0,11.911179180185059,16.76133867294853,27.644561638044046,29.61635519128151,27,10
14,2,0.0,0.0,7,90.0,90.0,90.0,0,0.0,0.0,0.0,0.0,0.0,27,10
15,2,0.0,0.0,7,150.01399210271916,150.01518862969414,150.01529498764748,0,0.0,9.326429532586468,13.992102719159654,15.188629694143913,15.294987647475846,27,10
1,103,90.0,87.37864077669903,7,10.701900198094632,24.02006331272713,26.019399102162193,89,86.40776699029126,8.080718957415035,12.579809745117215,20.688335903346225,27.087275052046888,28,10
2,88,75.0,85.22727272727273,7,21.217989260629576,49.31311848536427,56.27600455144447,75,85.22727272727273,8.857086747955828,13.443806084120887,25.305483315439496,29.825795657802054,28,10
3,91,78.0,85.71428571428571,7,41.06843733191832,94.01733013262483,108.41338309060431,78,85.71428571428571,8.941957533783336,13.4922769732653,25.96119653371502,28.044965256341847,28,10
4,69,55.0,79.71014492753623,7,53.07132025304429,119.01386941446259,135.26435746901998,55,79.71014492753623,8.780501920539916,13.349238551533098,24.19397556720883,27.00268155737362,28,10
5,62,51.0,82.25806451612904,7,68.07715699551076,150.02962082001605,163.9226303251526,50,80.64516129032258,8.245866763129351,12.640866478507538,24.775618687226434,29.03197247119743,28,10
6,66,55.0,83.33333333333333,7,124.78560986119555,311.26048885283046,350.26292066010484,54,81.81818181818181,8.290831043745785,12.882588468272166,23.115391110961667,25.46033988523693,28,10
7,37,26.0,70.27027027027027,7,105.41917705927456,205.02024108033245,241.01520027382324,25,67.56756756756756,9.221572923084453,13.771653869156038,23.91230805225315,25.034610489421933,28,10
8,47,34.0,72.34042553191489,7,136.7147326380824,300.0166559672107,338.51340308118756,34,72.34042553191489,8.19058864299688,12.604978507965209,20.127589171832817,27.157688676263174,28,10
9,26,14.0,53.84615384615385,7,91.16732839684848,180.01210465075198,202.51593786439156,14,53.84615384615385,8.850536634541701,13.482243002322964,19.538561088711845,24.911990094755026,28,10
10,42,31.0,73.80952380952381,7,245.72739336795024,638.008923441693,703.6091055320179,30,71.42857142857143,8.500902412339467,13.107653664552098,24.582313150668423,28.64127083664466,28,10
11,31,19.0,61.29032258064516,7,164.5280300662096,375.01038964134307,435.0172856078209,19,61.29032258064516,7.374667620478512,11.901033951526166,22.048773928735656,24.23497535576382,28,10
12,22,14.0,63.63636363636363,7,193.65195230816656,417.02115017308455,467.42412177416526,13,59.09090909090909,10.81663529533838,15.588671802974012,27.998142455353538,28.165029482860774,28,10
13,17,10.0,58.8235294117647,7,197.65921151525805,364.012618853648,408.81409729384615,9,52.94117647058823,7.829178813957994,12.152691728640848,20.87402280447397,25.87992258757574,28,10
14,12,5.0,41.666666666666664,7,180.01320642425526,400.5121979180109,440.11352900711177,4,33.333333333333336,8.593092913170368,13.2064242552497,23.237352375114455,24.367915370341475,28,10
15,4,0.0,0.0,7,225.01111089482595,300.01725749527117,300.0178507925685,0,0.0,6.637167508344959,11.11089482592806,17.257495271127624,17.850792568463305,28,10
1,29,19.0,65.51724137931035,7,4.254572331210082,9.618233358756179,10.730945572656166,19,65.51724137931035,8.580582456081792,13.193020865253995,22.014707659349455,24.6925593189811,29,10
2,33,23.0,69.6969696969697,7,7.225587898465922,14.811908522434834,16.00783046658563,23,69.6969696969697,8.836016360374549,13.466686344710146,23.673142850727682,29.77821308002693,29,10
3,27,20.0,74.07407407407408,7,16.160314652235147,30.812221462300506,34.967155411338354,20,74.07407407407408,7.622452154033475,12.166504086999716,21.14272639646156,22.828698302540054,29,10
4,22,14.0,63.63636363636363,7,23.239092655657405,48.663288628285315,54.54470360540633,13,59.09090909090909,7.298965300843009,11.819928384681567,22.792181357588348,23.874647134974154,29,10
5,33,26.0,78.78787878787878,7,47.89208467178086,124.01264638782918,136.8085644679884,25,75.75757575757575,8.790578270037614,13.296792992977513,26.73984911912704,30.932794474288,29,10
6,23,11.0,47.82608695652174,7,48.27220687167798,118.51590489216318,131.71135580643482,11,47.82608695652174,6.848495615691116,11.337306460591726,17.812174862136438,25.101772668734316,29,10
7,21,12.0,57.142857142857146,7,75.01376214183512,150.01370646986257,170.01170243019413,12,57.142857142857146,9.111788626594088,13.762141835102605,24.827288932716126,26.327964263958762,29,10
8,20,11.0,55.0,7,81.2615301327764,175.0109036080051,175.01091688088545,11,55.0,7.215151869724609,11.530132776399306,17.14040925245628,23.343706730730474,29,10
9,19,10.0,52.63157894736842,7,91.59092319723463,183.00956366329663,204.61889329983157,10,52.63157894736842,7.444479654048208,11.97582881359257,21.36636064577533,22.379052745269718,29,10
10,13,7.0,53.84615384615385,7,92.32259156951048,176.0235884991676,195.21683980532578,6,46.15384615384615,10.173153755677882,14.899261818187735,26.621682941203055,28.694265150287883,29,10
11,7,1.0,14.285714285714286,7,71.44132519556399,100.01221888297937,100.0129236287917,0,0.0,8.170591645776225,12.753766992571965,20.84346074682862,22.51480092724726,29,10
12,10,0.0,0.0,7,84.01247001044018,120.01643048221382,120.01717746416385,0,0.0,7.905738935129885,12.470010440187208,16.86398096894942,17.264163914883646,29,10
13,3,1.0,33.333333333333336,7,70.01579620708362,70.02910980123782,70.03087821592852,0,0.0,11.010344590065465,15.796207083630577,29.109801237820765,30.878215928527588,29,10
14,2,0.0,0.0,7,90.00914276442128,90.0096806336947,90.00972844429678,0,0.0,4.80015381405752,9.14276442128729,9.68063369470002,9.728444296781152,29,10
15,1,0.0,0.0,7,150.01324685243546,150.01324685243546,150.01324685243546,0,0.0,8.630827770827116,13.246852435453249,13.246852435453249,13.246852435453249,29,10
1,38,27.0,71.05263157894737,7,5.513241170820182,13.169028061038969,14.639700924804961,26,68.42105263157895,8.723775198023395,13.241170820182282,28.228297494313225,28.738730640029765,30,10
2,40,28.0,70.0,7,9.962053478834974,24.11164705967275,27.230222632553623,28,70.0,7.610294643389724,12.05347883497404,19.514239513236756,24.754837334102255,30,10
3,34,24.0,70.58823529411765,7,18.013415086314588,41.41045113850054,46.702303420658026,23,67.6470588235294,8.787853920663313,13.415086314589448,25.75960921284242,27.131397533351183,30,10
4,32,21.0,65.625,7,32.826424416038904,80.16475987062714,88.85064278331045,21,65.625,9.263252134254634,13.924416038908086,25.91802929748276,27.131397533351183,30,10
5,30,19.0,63.333333333333336,7,38.34697186909899,85.51167535046983,97.11822988960078,19,63.333333333333336,8.99641718487112,13.638535765649602,21.66742423842603,24.675054543751667,30,10
6,31,18.0,58.064516129032256,7,56.625823519468646,127.51075951570735,145.51632513145643,18,58.064516129032256,8.56689659633819,12.92029366220064,24.279125517238096,27.373550221234005,30,10
7,18,8.0,44.44444444444444,7,51.40372755878832,103.76892725728256,120.77317729617694,8,44.44444444444444,10.324016259588824,14.838669899425248,26.205739369118383,28.965298628766952,30,10
8,15,8.0,53.333333333333336,7,66.67763378599106,132.51794268542346,146.5109150260666,7,46.666666666666664,7.000773024550269,10.967119324397583,22.590418891003534,24.238528673519287,30,10
9,16,7.0,43.75,7,90.01244549538092,217.52075414507544,235.51347232350344,7,43.75,7.8828570673965315,12.445495380914089,23.2206736670602,23.67472465111353,30,10
10,15,4.0,26.666666666666668,7,80.0139157116582,160.0133070450191,160.01335155919392,4,26.666666666666668,9.255127638785977,13.915711658203712,23.282705048639876,28.026469571775248,30,10
11,13,5.0,38.46153846153846,7,92.32206715295314,170.01702430985642,194.01472617860009,4,30.76923076923077,9.683673792803365,14.374845260819912,22.43776337197248,24.482763042880713,30,10
12,6,4.0,66.66666666666667,7,130.0148189619105,225.00909554878717,237.00915050644844,2,33.333333333333336,10.098203422225303,14.818961910481713,21.562382508901145,21.678478850647735,30,10
13,8,2.0,25.0,7,96.2632099231803,140.02067255515865,140.02535749976283,1,12.5,8.596358740081781,13.209923180304333,24.50316926295056,26.123622583684863,30,10
14,9,5.0,55.55555555555556,7,220.01298825973583,414.00675227317794,442.8065603023519,4,44.44444444444444,8.389462498835478,12.988259735840634,25.613163908551943,26.34562151280514,30,10
15,2,1.0,50.0,7,150.0157843951632,150.02298785317373,150.02362816055245,0,0.0,10.99931957894815,15.78439516319745,22.987853173733917,23.62816055244827,30,10
1,47,36.0,76.59574468085107,7,4.948501790176292,10.711366840644008,12.553273026498255,34,72.34042553191489,8.014838109107533,12.331577410333505,22.53183406653941,24.53812846381546,31,10
2,37,26.0,70.27027027027027,7,7.906242037330961,16.009576426218395,17.29227630258871,25,67.56756756756756,9.761525424939432,14.35014543907046,26.649268237764986,28.217191250627614,31,10
3,34,26.0,76.47058823529412,7,16.013307588620513,32.008118932990214,32.0111154791568,24,70.58823529411765,8.687517715474733,13.307588620515633,26.405788961090046,29.81332893017039,31,10
4,22,13.0,59.09090909090909,7,19.423361836105357,35.02260541778124,40.544097179848464,12,54.54545454545455,9.756384039978782,14.270927014445812,25.923029210277463,26.896244232612915,31,10
5,36,26.0,72.22222222222223,7,45.01409683370989,92.52255106467864,106.51834206540991,26,72.22222222222223,9.527892248658109,14.096833709898473,26.638009690225896,27.073449253432663,31,10
6,21,10.0,47.61904761904762,7,35.013073831309775,75.0090681297313,75.00927923926008,9,42.857142857142854,8.469333300476858,13.07383130977188,25.067871831715877,26.00631127547617,31,10
7,22,14.0,63.63636363636363,7,71.60520594102651,125.02567819686716,144.76214948799122,14,63.63636363636363,9.780580147652683,14.296850117433586,26.18226867118122,28.588397893669093,31,10
8,11,3.0,27.272727272727273,7,52.28222533998724,112.50772746191691,122.50700033241391,3,27.272727272727273,5.131786402399087,9.498067259972949,13.678923438419549,14.557813615163235,31,10
9,17,13.0,76.47058823529412,7,121.78285886185164,276.0184356431263,295.2130423272379,11,64.70588235294117,13.210108991133056,18.15297949869244,27.15402641983057,29.154956038909393,31,10
10,14,7.0,50.0,7,97.1546861275964,214.00793206207663,234.80876911551667,5,35.714285714285715,7.307418321701467,11.828984739250034,21.474530519089328,21.725103652774767,31,10
11,11,4.0,36.36363636363637,7,95.46667180141431,150.01053849374182,150.01060502204876,3,27.272727272727273,7.584970206960829,12.126346868853648,22.212329216438263,24.037302759675253,31,10
12,7,2.0,28.571428571428573,7,94.29702613811659,162.01083421379786,176.40831446850342,1,14.285714285714286,7.358097344830851,11.311852402307142,20.744560241984367,21.129479220628877,31,10
13,8,5.0,62.5,7,122.52076317171804,210.0250177085193,210.02622653043497,3,37.5,15.646410386786576,20.7631717180348,26.528735913868438,26.528735913868438,31,10
14,4,3.0,75.0,7,157.51874875750914,256.51434822704596,267.31489387744847,1,25.0,13.766196312039384,18.748757509120118,26.414208767252426,26.98795978013143,31,10
15,4,0.0,0.0,7,187.51167723170116,277.50841783324006,295.5072802694287,0,0.0,7.165775060432244,11.677231701162551,15.88461381727773,16.357384286828214,31,10
1,54,45.0,83.33333333333333,7,6.66009208068883,14.01579519601702,15.009836019304554,42,77.77777777777777,7.414708308615122,11.943932540681741,20.42419744808994,25.143424290842358,32,10
2,40,30.0,75.0,7,11.163194882946716,30.113655412048875,33.235873060550375,29,72.5,8.675658492776929,13.194882946714978,26.685058540358963,29.932198676585283,32,10
3,29,19.0,65.51724137931035,7,14.496278017069084,32.01076455689598,34.90047676949068,19,65.51724137931035,8.885214856252679,13.519396379426516,23.701847258336702,25.8869623008695,32,10
4,36,29.0,80.55555555555556,7,38.124404353941976,78.76817778959274,88.56879777115644,28,77.77777777777777,8.777836537978922,13.293242830879603,27.131397533351183,28.771861625064325,32,10
5,26,15.0,57.69230769230769,7,41.54840338098768,107.51128823174119,117.51161228347293,14,53.84615384615385,5.6895943250719805,9.941842526139055,16.728347968310533,20.513624369589806,32,10
6,23,13.0,56.52173913043478,7,51.53451719636221,118.52386985316923,131.71724895588108,13,56.52173913043478,8.517925724583247,12.778065927434152,24.219120148397838,24.239805900577206,32,10
7,32,21.0,65.625,7,82.82549991807241,175.00689003815953,192.25866806355006,20,62.5,8.400344157834068,12.99991807240865,24.031875600500346,28.999327603216926,32,10
8,24,16.0,66.66666666666667,7,81.26174301840932,150.0144956655634,169.2612726729368,15,62.5,7.382742407634129,11.743018409323836,22.97079204885443,25.898421255017873,32,10
9,11,4.0,36.36363636363637,7,57.285781018670235,105.01419739170092,117.01634599200102,3,27.272727272727273,8.450586019403167,13.05374594296149,19.335444506117128,21.297286450180327,32,10
10,11,4.0,36.36363636363637,7,61.83174354967089,100.01634131347825,116.01127022987535,3,27.272727272727273,9.264140538283703,13.561731489069656,22.233957459039893,22.59092587731491,32,10
11,13,7.0,53.84615384615385,7,115.397552886556,220.00985513441253,244.00927864004927,6,46.15384615384615,8.342086184378159,12.937501940603056,23.624378222011693,25.92586502242236,32,10
12,14,4.0,28.571428571428573,7,111.44195925667024,201.0138777297629,232.2168662759475,3,21.428571428571427,8.762411645329138,13.387828098821027,22.48984141151741,26.527862800477347,32,10
13,8,2.0,25.0,7,131.2620460913175,255.51016697907053,275.1103976625006,2,25.0,7.510061274843722,12.046091317500215,17.613216051914602,18.45616584508917,32,10
14,6,4.0,66.66666666666667,7,195.0156796128706,337.51371008230376,355.5118350635513,3,50.0,11.523771255192402,15.679612870605368,26.047046405035225,27.461884746236176,32,10
15,0,,0.0,7,0.0,0.0,0.0,0,0.0,0.0,0.0,0.0,0.0,32,10
1,52,43.0,82.6923076923077,7,6.916358748370116,15.460226724983324,17.500835334945243,42,80.76923076923077,8.160881470914493,12.512594523961239,26.528735913868438,28.50613257384165,33,10
2,57,44.0,77.19298245614036,7,12.223606668945871,26.014864818319115,28.01027691562793,44,77.19298245614036,8.540921017905442,13.080353156398775,25.61514449180986,27.960802370019543,33,10
3,39,30.0,76.92307692307692,7,17.859008476439463,40.42231310466821,46.4933892791336,27,69.23076923076923,8.360466722474158,12.854630285619983,26.528735913868438,28.74868786661634,33,10
4,60,47.0,78.33333333333333,7,40.962202481866186,91.36149157197596,100.87838983919647,47,78.33333333333333,7.71825843405669,12.202481866183168,20.65200368792706,23.172267548517752,33,10
5,34,23.0,67.6470588235294,7,37.07105117793167,73.52024096034374,80.01401797659878,23,67.6470588235294,7.899141989012211,12.227648519903537,24.73893367249992,25.992263989056653,33,10
6,29,19.0,65.51724137931035,7,56.39089603986079,129.01010324604252,145.80836690481652,18,62.06896551724138,7.080336558911785,11.585695033203965,22.985140396741617,25.62539524718553,33,10
7,32,23.0,71.875,7,105.48210537473093,211.2674593344068,242.2618105161896,22,68.75,8.732120318546283,13.355374730931805,24.471509195287535,28.4459573631575,33,10
8,21,12.0,57.142857142857146,7,67.86828099536221,125.00852953566033,125.01115995782344,12,57.142857142857146,6.662595948794346,11.138138219347862,16.883142076038133,19.969750515632953,33,10
9,25,16.0,64.0,7,93.61245174310359,204.00959240572826,232.81058971734936,15,60.0,8.03802937837375,12.451743103586132,21.27590927183912,22.411378265323822,33,10
10,19,11.0,57.89473684210526,7,120.01102001029655,244.01037136138916,272.8077640470594,11,57.89473684210526,6.552337699975988,11.020010296547575,19.440813283350792,20.97237700806701,33,10
11,22,14.0,63.63636363636363,7,140.92129145157975,250.01331272273538,289.5237924782004,13,59.09090909090909,7.654222919942712,12.200542488868543,26.486002459329374,26.528735913868438,33,10
12,8,3.0,37.5,7,105.01041518963834,180.0091300253811,180.01012573783655,2,25.0,5.987810151853937,10.415189638339424,19.621875177046604,23.056733944597617,33,10
13,8,4.0,50.0,7,96.26348826003986,185.5157292784034,205.11129996206176,2,25.0,8.85615281745838,13.488260039860961,24.372434766767118,25.683782881983824,33,10
14,6,4.0,66.66666666666667,7,180.0153873069287,337.51780853063576,355.51918077125794,2,33.333333333333336,10.628685334923686,15.387306928670952,23.612870245891234,24.249446587384895,33,10
15,6,2.0,33.333333333333336,7,200.0151110004605,300.01439071225917,300.01491578934514,0,0.0,10.370786384405507,15.1110004605057,21.191880312035046,21.31200769510262,33,10
1,53,43.0,81.13207547169812,7,7.257460555972658,16.41559929992973,18.489519681342408,42,79.24528301886792,7.773637710588436,12.177537104734531,26.35604704739712,27.831757417585763,34,10
2,50,38.0,76.0,7,10.852249862665287,23.10907194183533,25.04177124098973,36,72.0,7.700257389647906,12.249862665288592,23.53469611539196,25.30580002167682,34,10
3,29,18.0,62.06896551724138,7,16.28707523661826,34.41459423564169,38.887129661203865,18,62.06896551724138,6.8613690051508724,11.213167652745772,16.939088708075438,22.195813039131153,34,10
4,41,30.0,73.17073170731707,7,32.281609510933805,70.00484331512452,74.21675038459242,28,68.29268292682927,8.787203044870873,13.316828006977907,26.528735913868438,27.76358410107365,34,10
5,37,25.0,67.56756756756756,7,44.60669222081512,90.01138320954348,96.41202918134842,25,67.56756756756756,7.659068879698222,12.097626220518704,23.88385263051218,26.640350110925066,34,10
6,23,11.0,47.82608695652174,7,38.488837972776466,75.01432432417096,86.70708897089555,11,47.82608695652174,6.46359099111858,10.577103211252705,21.008703103921146,23.149032763476352,34,10
7,28,18.0,64.28571428571429,7,88.40525774086383,175.01255961587424,193.26243900036584,18,64.28571428571429,7.840950753124469,12.400598006701935,22.740287754301264,24.18395436969291,34,10
8,22,13.0,59.09090909090909,7,112.51231041976749,273.7599423096911,294.7717406481189,13,59.09090909090909,7.7567801819057545,12.31041976747232,24.630898539664308,26.99995314967203,34,10
9,14,8.0,57.142857142857146,7,96.43949179006418,220.50666120084077,236.10916969163281,7,50.0,6.459327492543486,10.920361492753077,20.197681495797994,23.005623355026643,34,10
10,16,8.0,50.0,7,115.0124526158695,250.00999322326422,274.01205411959796,8,50.0,7.889503189540029,12.452615869511563,21.868787585320078,26.649867098018365,34,10
11,21,12.0,57.142857142857146,7,147.63047161039012,300.01830772062897,340.0105306574164,10,47.61904761904762,7.284978916710616,11.423991342511068,23.969299492996097,26.15636637601476,34,10
12,6,1.0,16.666666666666668,7,100.01344376562447,165.02486151958823,177.02750432750395,1,16.666666666666668,8.814622616920447,13.443765624471617,24.861519588234692,27.50432750393556,34,10
13,5,1.0,20.0,7,112.01507400408096,196.0129837371286,207.21209593715153,1,20.0,10.336254701067022,15.074004080939641,18.136621723846865,18.279398665830072,34,10
14,4,0.0,0.0,7,112.51665347766122,166.51924433832707,177.31959642591318,0,0.0,11.810503861535262,16.653477661216435,19.244338327111024,19.596425913188135,34,10
15,0,,0.0,7,0.0,0.0,0.0,0,0.0,0.0,0.0,0.0,0.0,34,10
1,56,43.0,76.78571428571429,7,6.333164428428209,15.267713564334755,17.461541225831503,42,75.0,7.2871647505891195,11.735856999637404,20.888110415402256,23.774176685168737,35,10
2,52,41.0,78.84615384615384,7,12.395977612062373,28.911608270635146,30.994538177741177,40,76.92307692307692,7.01535330151376,11.36222744698887,20.861005785737504,22.98256550923696,35,10
3,40,28.0,70.0,7,18.113316385447632,40.213493997635624,46.45138769996189,28,70.0,8.695728498582191,13.316385447632356,26.580280233276863,27.733786253272125,35,10
4,34,25.0,73.52941176470588,7,36.24775759911668,72.46588540904084,81.70590173852065,25,73.52941176470588,8.009454344096312,12.463481469623634,23.895459796435794,26.821783499631298,35,10
5,31,19.0,61.29032258064516,7,42.26967946337823,95.01076529132251,100.0102108660798,19,61.29032258064516,7.1076399943060675,11.614947249187843,20.221976853093537,21.43189076701599,35,10
6,21,12.0,57.142857142857146,7,45.72665815071988,90.01245389525806,102.01316935737964,12,57.142857142857146,7.8146653025845705,12.37243643416269,19.773219735990903,28.042086810870888,35,10
7,20,10.0,50.0,7,62.510737105524285,125.00965493119405,125.01393460828456,10,50.0,6.474956037866866,10.737105524290186,16.833524032800213,21.45446747939611,35,10
8,23,12.0,52.17391304347826,7,77.18580304531685,172.5078560975296,194.5124229645826,12,52.17391304347826,7.364370466138976,11.890001838592037,25.053426102947242,26.053002746389616,35,10
9,10,1.0,10.0,7,48.010843141721466,76.51393148455661,87.31657662422111,1,10.0,6.387252097034052,10.843141721463539,15.839839783512044,16.95829526647941,35,10
10,22,10.0,45.45454545454545,7,105.46649202406698,238.00929124742214,271.61701391016163,9,40.90909090909091,7.417169613982788,11.94656952152966,22.221293124857716,26.66784873137925,35,10
11,14,7.0,50.0,7,96.44597701379777,167.52629413008822,193.52934626888128,6,42.857142857142854,12.512506073087408,17.405585226324572,29.526323209520218,29.992707505576742,35,10
12,13,5.0,38.46153846153846,7,120.01152443411226,204.0084475002722,232.80835737583024,5,38.46153846153846,7.023156836258105,11.524434112268214,21.785522387141985,26.404802319057996,35,10
13,11,6.0,54.54545454545455,7,190.9204726877744,385.0108334600577,413.01091343740023,6,54.54545454545455,6.8900051021601065,11.381778683447058,21.258706107975062,26.504216686824147,35,10
14,5,0.0,0.0,7,126.0112406090338,180.01703530845927,180.01902612682264,0,0.0,6.758240164750863,11.240609033821057,17.80058549126078,19.17918222903489,35,10
15,2,1.0,50.0,7,150.01656640838084,150.0203323643575,150.02066711599986,0,0.0,11.72923513055508,16.566408380847946,20.332364357507995,20.667115999877776,35,10
1,56,44.0,78.57142857142857,7,6.334852481952664,13.27461697302596,14.467847660350884,43,76.78571428571429,8.929430271904168,13.423910524093325,25.672243955688526,26.60721464617388,36,10
2,59,47.0,79.66101694915254,7,13.74097877374196,30.21290460700394,34.84562768294366,46,77.96610169491525,7.684528409219012,12.165214419928592,22.99557933529729,26.51426656868001,36,10
3,46,35.0,76.08695652173913,7,22.10011660360249,51.011465675860535,54.21158335697959,33,71.73913043478261,8.549837848195184,13.160081863357297,23.00418012799452,24.500218098556285,36,10
4,49,39.0,79.59183673469387,7,40.58523252886423,95.21774460437717,108.6526829149171,38,77.55102040816327,9.150818474758525,13.803957435661173,24.299320834795218,29.204989210952032,36,10
5,37,25.0,67.56756756756756,7,44.8779040745885,102.02167447597158,116.41280200148842,25,67.56756756756756,8.437018201990364,13.039209723630194,20.776979896668504,23.334038424647947,36,10
6,30,21.0,70.0,7,65.01343167401633,143.2565202259189,160.65894099401058,20,66.66666666666667,8.803336550877127,13.43167401633733,28.827950216595603,29.737711104322248,36,10
7,35,24.0,68.57142857142857,7,87.15558068219059,175.0124604986998,191.51328316479695,22,62.857142857142854,8.249049759159522,12.72353933344425,23.786649435117354,28.086432118577935,36,10
8,21,10.0,47.61904761904762,7,66.67994938686262,150.01181051618954,170.02463821281887,9,42.857142857142854,8.842092703573465,13.28272019595874,26.528735913868438,27.58185676372804,36,10
9,19,11.0,57.89473684210526,7,71.066369587191,123.02146085700699,144.60896693060198,9,47.36842105263158,9.285763880624462,13.738008243644506,24.582866194565568,25.22597054794929,36,10
10,26,15.0,57.69230769230769,7,130.78283375736243,270.0164871075047,310.0095877225017,15,57.69230769230769,9.10683466560645,13.60298813168646,26.39945691309833,26.528735913868438,36,10
11,14,7.0,50.0,7,117.87250919635594,267.51605072244945,293.50977027309995,5,35.714285714285715,10.609114487098493,15.366339213095866,27.333460919822944,28.52905235724107,36,10
12,15,8.0,53.333333333333336,7,168.01378822840806,318.01609475139134,351.61194113810967,7,46.666666666666664,9.136137313885355,13.788228408066134,20.959129814183207,24.501223271872817,36,10
13,5,0.0,0.0,7,98.01426485150293,140.0135915630879,140.0143688113387,0,0.0,9.581007811390842,14.264851502924358,18.80123852172665,19.20799100214907,36,10
14,3,1.0,33.333333333333336,7,120.01795033748836,171.02399090826708,178.2243930185698,1,33.333333333333336,13.020966977397805,17.950337488355267,23.990908267080428,24.393018569803683,36,10
15,7,4.0,57.142857142857146,7,300.0138780675547,555.0230761025888,591.0279851490797,3,42.857142857142854,9.753351422694555,13.87806755472708,26.673928664932426,28.704714295033757,36,10
1,44,34.0,77.27272727272727,7,5.2866368610828465,12.013658930212259,13.015836497443093,32,72.72727272727273,9.334265003760637,13.909588355573783,24.207527787887752,25.54449600815321,37,10
2,64,54.0,84.375,7,15.920517256458977,37.712844855318416,42.75658463086035,51,79.6875,9.641588803796012,14.267256458977053,23.72335312489846,26.528735913868438,37,10
3,51,41.0,80.3921568627451,7,24.719279777478615,56.014973795559214,62.00874561730183,41,80.3921568627451,8.917781329832192,13.397424537441003,25.37052131155112,27.870573308213764,37,10
4,36,26.0,72.22222222222223,7,33.45854026776411,78.76559553748571,88.57242850678051,26,72.22222222222223,9.423240273906394,14.095823319653855,26.31287483077929,27.38439660437936,37,10
5,32,22.0,68.75,7,41.262760411148314,94.51006262309218,106.91173984757188,22,68.75,8.176793168328205,12.760411148316457,20.737109520241173,23.076243560252642,37,10
6,32,21.0,65.625,7,57.66924752886784,126.76456296146429,145.36228267608877,19,59.375,8.514786630621966,12.99752886784069,23.7019751004693,24.99567649986215,37,10
7,40,29.0,72.5,7,105.0134067354833,201.27354692151636,240.25596136899787,28,70.0,8.780059421190568,13.40673548331967,24.53820617002503,26.083360095614882,37,10
8,20,10.0,50.0,7,91.26140739529544,226.2672287413119,245.26616769495013,10,50.0,7.100591151171747,11.407395295419974,17.63988114724963,22.82816028317493,37,10
9,21,14.0,66.66666666666667,7,81.44391481249538,180.01798974870295,204.0169540419456,11,52.38095238095238,10.587688477729065,15.343383923964804,26.528735913868438,29.393190046446392,37,10
10,21,14.0,66.66666666666667,7,156.20573406625024,320.00846639428767,352.00893360671176,13,61.904761904761905,10.507876874811567,15.257875774061777,26.528735913868438,26.92803675647849,37,10
11,23,11.0,47.82608695652174,7,136.96800099733554,250.01420490688136,289.0122205289266,11,47.82608695652174,6.980990544881928,11.479258205106246,14.944557769619998,22.195639239427503,37,10
12,14,6.0,42.857142857142854,7,124.2987717793966,261.01062017787723,292.2122647493712,4,28.571428571428573,8.454084084632184,13.057493682325683,22.649005544252436,22.673935494357416,37,10
13,5,1.0,20.0,7,112.01357225430297,196.00865503109063,207.20892436154904,1,20.0,8.934551388619349,13.57225430297512,18.168859001952665,18.279948303598122,37,10
14,7,2.0,28.571428571428573,7,167.15345591941073,270.0112580413988,270.01231754471115,2,28.571428571428573,6.15916651961129,10.59877655359259,12.860201420095944,12.955440579238038,37,10
15,2,1.0,50.0,7,150.01864678962227,150.020117566558,150.02024830228564,0,0.0,13.671021518681977,18.64678962224774,20.117566557994266,20.24830228561618,37,10
1,51,39.0,76.47058823529412,7,6.364853319985145,15.515050193421823,17.513390243359936,39,76.47058823529412,7.60465590512675,11.912143514556593,19.438865276671176,25.162329873091032,38,10
2,45,33.0,73.33333333333333,7,12.368288282522972,29.622068998576296,33.146528735913876,33,73.33333333333333,8.316887540246553,12.732726967417664,26.528735913868438,27.76444399027193,38,10
3,39,29.0,74.35897435897436,7,21.75694407244101,44.409518145593765,50.48947022525815,29,74.35897435897436,8.826875404509,13.354328851262562,23.76406955432626,25.658942508817763,38,10
4,40,32.0,80.0,7,34.312145278948606,77.36140858303995,88.28093696294339,30,75.0,7.789317046820651,12.145278948604084,24.24824513918626,26.486862904612952,38,10
5,27,20.0,74.07407407407408,7,41.86413547875555,87.00789928049625,97.40935072178094,18,66.66666666666667,7.731772256847061,12.283626903696696,21.89992136724843,26.2161445756044,38,10
6,29,20.0,68.96551724137932,7,49.15177960356803,99.01532474442183,115.8077856618136,18,62.06896551724138,9.192458099387398,13.848569085277484,26.011619910788003,28.316189280863185,38,10
7,37,26.0,70.27027027027027,7,105.41731188146109,225.01180936527984,241.012421581402,25,67.56756756756756,7.480653125509293,11.90647605567339,24.532105885800487,26.84817658795648,38,10
8,23,14.0,60.869565217391305,7,90.23159189687465,197.51994080898925,219.51586441572283,13,56.52173913043478,9.683356732437382,14.200592526816568,25.75212624161896,27.418719958971764,38,10
9,17,9.0,52.94117647058823,7,81.18873192591617,186.0203927196174,205.2084486861782,8,47.05882352941177,7.7109679405008045,12.261337680880256,24.93318995029717,27.51866157634805,38,10
10,24,15.0,62.5,7,126.68000027584652,240.0219021970544,270.81394120650697,14,58.333333333333336,8.867368131918328,13.333609179856419,23.020909198190676,23.878070951184178,38,10
11,15,7.0,46.666666666666664,7,113.34257977716616,215.0075265449314,243.00150530898625,7,46.666666666666664,5.145827462345432,9.246443832820347,17.242391266881338,22.74866230710128,38,10
12,15,4.0,26.666666666666668,7,124.0115668149916,258.0186921931677,291.6037384386335,4,26.666666666666668,7.311615656275754,11.56681499158827,18.355215240575223,25.033549525530578,38,10
13,9,2.0,22.22222222222222,7,124.4548398405794,210.0174106991304,210.02278232387982,2,22.22222222222222,6.3841708768282555,10.395396134959414,20.339923477443566,23.36816874921373,38,10
14,9,3.0,33.333333333333336,7,210.01527498161016,414.0154599861903,442.8081253597838,3,33.333333333333336,10.523843121312629,15.274981610172006,25.152078320560967,28.40034422615947,38,10
15,1,0.0,0.0,7,150.0172379091372,150.0172379091372,150.0172379091372,0,0.0,12.356000553350983,17.23790913722125,17.23790913722125,17.23790913722125,38,10
1,65,53.0,81.53846153846153,7,7.873595035417782,16.80791200612355,18.37128471564593,53,81.53846153846153,7.634723036167841,12.056573879320457,21.514282873973837,25.063820705362048,39,10
2,79,66.0,83.54430379746836,7,18.114182614709534,40.21316150664104,46.450136593203055,65,82.27848101265823,8.51179486977266,12.916791924722528,24.80959262087502,27.31646080032737,39,10
3,52,41.0,78.84615384615384,7,24.85793617281954,56.00988914960207,61.97252308372664,41,78.84615384615384,7.4074655395492295,11.782326665687776,23.520862440053296,30.049211215053866,39,10
4,38,30.0,78.94736842105263,7,38.882047406286226,85.05992036690044,95.42433449697486,30,78.94736842105263,9.083297178909442,13.626353654648286,22.423209439277333,25.216670320595338,39,10
5,35,25.0,71.42857142857143,7,50.01267181080494,113.00701140370106,126.61087513277577,24,68.57142857142857,8.09409537365127,12.671810804940387,24.043512853698502,25.760286187158197,39,10
6,33,23.0,69.6969696969697,7,58.64906670121357,126.01646425547102,145.20634849130823,23,69.6969696969697,8.123267276344201,12.703064849931843,23.923034465138624,26.872293669835333,39,10
7,36,26.0,72.22222222222223,7,125.01257556081136,281.2662757570946,316.2626505203702,26,72.22222222222223,8.004257547939323,12.57556081136639,19.56294854068384,24.923232207899122,39,10
8,27,17.0,62.96296296296296,7,100.01207569815104,217.50375722763195,225.00661434512386,17,62.96296296296296,7.675974232047931,12.075698151044856,24.475449482620125,26.528735913868438,39,10
9,10,4.0,40.0,7,60.01379813344397,136.5137654765257,147.30951505290994,3,30.0,9.518734504885002,13.79813344398294,23.079341322382408,24.92526557351266,39,10
10,15,8.0,53.333333333333336,7,120.01330436373892,292.0155818449601,314.40946762408504,7,46.666666666666664,8.684507675262266,13.304363738915804,24.159602817182552,24.223765283898274,39,10
11,23,14.0,60.869565217391305,7,176.09936727361665,350.025576556344,389.0160351966177,14,60.869565217391305,8.012755142408574,12.410751877505414,17.00317408533098,24.433940860096442,39,10
12,13,4.0,30.76923076923077,7,129.24292873883448,264.01822436450414,292.82592098248176,4,30.76923076923077,7.6159222067647185,12.159508065249685,24.832836862862408,27.24267695352683,39,10
13,9,2.0,22.22222222222222,7,124.45665583485197,210.01574418103561,210.0171784254555,2,22.22222222222222,7.664348151017226,12.211390407527905,18.729093472285548,19.364883825239843,39,10
14,2,0.0,0.0,7,90.00640651864038,90.00729966980586,90.00737906102057,0,0.0,2.2461965363099496,6.406518640366038,7.299669805850671,7.379061020560417,39,10
15,1,0.0,0.0,7,150.01076934470396,150.01076934470396,150.01076934470396,0,0.0,6.318371431690238,10.769344703958108,10.769344703958108,10.769344703958108,39,10
1,44,34.0,77.27272727272727,7,5.512733022375996,11.861501868053391,12.579163395497117,33,75.0,8.236081767719952,12.733022375995263,23.776683281602587,28.407191156420826,40,10
2,54,43.0,79.62962962962963,7,11.420815481414694,24.012609255452393,26.96005179201945,42,77.77777777777777,8.919587301632257,13.408074007288512,26.528735913868438,27.239874920098472,40,10
3,49,38.0,77.55102040816327,7,24.42195363392665,54.41698278493262,62.09165150934507,37,75.51020408163265,9.138134945542339,13.790368620528138,25.613163908551932,27.379608569744445,40,10
4,35,25.0,71.42857142857143,7,33.41170403131044,72.10920502453017,81.62890915235646,24,68.57142857142857,7.404133297544361,11.704031310442256,24.089174708026416,25.560541956230963,40,10
5,41,32.0,78.04878048780488,7,46.11107251485839,100.0100309992586,106.01772241670797,30,73.17073170731707,8.877881166966494,13.511539248634724,24.493546145484498,26.890332885558085,40,10
6,33,25.0,75.75757575757575,7,64.55841759972644,135.00935242653384,145.20988945555678,24,72.72727272727273,8.365936221141327,12.96305427189561,25.507272474143097,27.80113587782725,40,10
7,25,18.0,72.0,7,108.01450637078779,245.02413603102912,269.0240108197043,17,68.0,9.806437098342974,14.506370787797778,26.877855698289302,29.146911572648275,40,10
8,35,26.0,74.28571428571429,7,125.01208702641875,275.014099793417,291.5130756987692,24,68.57142857142857,7.761613298439316,12.087026418753235,23.455618025720312,25.523534800204658,40,10
9,19,11.0,57.89473684210526,7,86.85220660315316,180.00612032486143,180.01531479496725,11,57.89473684210526,5.891370217430119,10.101339995265391,20.90302676727755,25.403594084550264,40,10
10,26,15.0,57.69230769230769,7,133.86012714702164,310.0157859571552,350.01277577523473,15,57.69230769230769,9.30888025927623,13.973300867824175,21.707502936084385,26.0799018448091,40,10
11,21,13.0,61.904761904761905,7,147.63185783601682,300.006839723614,300.0225909334539,12,57.142857142857146,8.401067608844263,12.810216969202557,26.528735913868438,26.528735913868438,40,10
12,14,5.0,35.714285714285715,7,141.44046056745,321.0118968088709,352.2157651998351,5,35.714285714285715,7.363564996471445,11.88913887858928,17.871230150489374,19.563358546496186,40,10
13,8,2.0,25.0,7,105.01191166209078,185.5146745586581,205.10913365610875,2,25.0,7.384587713845987,11.911662090790514,22.49825360825676,26.52954523982522,40,10
14,5,0.0,0.0,7,108.01351288527152,162.01393637480848,176.41278676020823,0,0.0,8.879137517906239,13.512885271525624,18.55114483879304,19.45778721552454,40,10
15,6,2.0,33.333333333333336,7,200.01571764019755,300.01447647990824,300.0183368745504,0,0.0,11.559265204317093,15.717640197603695,26.85145312771039,27.075408652223025,40,10
1,61,50.0,81.9672131147541,7,7.22511210398996,17.00869212869717,18.015832363815182,49,80.32786885245902,7.64818275075609,11.997349891597969,24.239805900577206,27.06927619361908,41,10
2,52,40.0,76.92307692307692,7,12.934847764671137,30.903761847987706,34.98936044207751,40,76.92307692307692,7.324947135837572,11.770841594216332,26.528735913868438,26.824040107414984,41,10
3,51,41.0,80.3921568627451,7,23.542166154528875,54.008387384528746,62.013945478036064,40,78.43137254901961,8.171172983276927,12.754389822991813,25.86861015831279,26.514986318196733,41,10
4,55,43.0,78.18181818181819,7,44.30352740968259,114.11191523786,129.24383372566282,43,78.18181818181819,8.179931351390188,12.618318773497235,24.239805900577206,26.805960258830503,41,10
5,43,32.0,74.4186046511628,7,46.75594860248955,99.00914300954567,115.81067287370158,32,74.4186046511628,7.245415039825532,11.762555977925599,19.590275872195456,22.25897820853831,41,10
6,33,23.0,69.6969696969697,7,55.92287491809429,126.02231677357356,145.21693601523756,22,66.66666666666667,9.132199005642821,13.784009003377385,26.512236399062395,26.528735913868438,41,10
7,22,10.0,45.45454545454545,7,71.60290423868604,173.75676349096602,194.75716258721482,10,45.45454545454545,7.462511589411391,11.995147776947691,18.926877785805306,20.248940331040775,41,10
8,20,10.0,50.0,7,56.26507837172941,100.02655886899484,100.02701689182565,8,40.0,10.34033137710072,15.078371729409952,27.28029283566317,29.543501430805332,41,10
9,21,12.0,57.142857142857146,7,87.15544809692199,180.02423980590058,204.01551246551645,12,57.142857142857146,8.018625303933783,12.590954064833742,24.239805900577206,27.379984766404064,41,10
10,21,14.0,66.66666666666667,7,135.25100451561576,280.00681855003813,312.0155921851051,13,61.904761904761905,8.315742073187002,12.909277520513106,21.520446407141684,25.52707801252309,41,10
11,16,9.0,56.25,7,112.51339103891858,212.51167998188822,242.509518699479,6,37.5,8.765408560499628,13.391038918580026,22.772518783823372,25.777492487859423,41,10
12,12,3.0,25.0,7,100.0139639779815,180.01127237753383,180.0123567361926,2,16.666666666666668,9.300178462991184,13.963977981502289,20.16834175093168,23.06425826788783,41,10
13,8,3.0,37.5,7,131.26284561489928,255.5071024332393,275.1062556716735,2,25.0,8.256320651359092,12.845614899297939,21.95829226116614,24.307283332472455,41,10
14,7,1.0,14.285714285714286,7,141.43878329424473,243.00920421699897,264.6095460145718,1,14.285714285714286,5.798031615203113,10.211865673312806,16.028753365235474,16.698340669693977,41,10
15,2,0.0,0.0,7,225.0133393720485,292.5119573286599,298.5118344803587,0,0.0,8.717183733684676,13.33937204848091,14.72141543712184,14.844263738334366,41,10
1,53,40.0,75.47169811320755,7,5.106474010618901,10.412853899944764,12.494870964377565,40,75.47169811320755,7.733363175100383,12.134387977390892,24.78268876508351,26.422839940583803,42,10
2,47,33.0,70.2127659574468,7,9.928014197403936,23.423429122380185,27.09102496228545,33,70.2127659574468,8.512967953386937,13.120580382658668,26.95059904750636,29.51988103261305,42,10
3,41,32.0,78.04878048780488,7,22.060977325172953,44.012251817746574,46.41048028380472,32,78.04878048780488,7.650764634038452,12.196837368075334,23.78823739712686,24.48625603171982,42,10
4,44,34.0,77.27272727272727,7,41.375312028664126,84.0090633091302,95.0014966550227,32,72.72727272727273,7.503723693144147,11.675665027760628,24.749890092933615,26.528735913868438,42,10
5,32,20.0,62.5,7,46.575192500554934,114.51393184643979,126.91549235928724,20,62.5,8.346751791377148,12.692500554940754,23.73985613884578,25.81790919569524,42,10
6,32,22.0,68.75,7,60.01420887971283,126.76554762203662,145.36685119754617,22,68.75,9.528764858053183,14.208879712832744,24.84876085634992,26.590555755263836,42,10
7,36,26.0,72.22222222222223,7,111.12335838732398,256.2618140158165,291.25939654498825,26,72.22222222222223,7.6978432464942115,12.247276212854018,24.9627038087707,28.48405609333632,42,10
8,19,12.0,63.1578947368421,7,80.27564465102682,177.50902122385315,195.50701409248694,12,63.1578947368421,7.921369177575778,12.486756289978818,20.838012656586926,21.533604880184892,42,10
9,19,10.0,52.63157894736842,7,78.96074777022928,183.0119448262129,204.61268891728056,9,47.36842105263158,8.754497588369865,13.379349176658364,23.850272724690004,24.29692708314465,42,10
10,20,11.0,55.0,7,126.01088939901999,242.00709673803692,272.41933326782913,11,55.0,6.430427737577159,10.889399020011167,19.66725985666931,21.847372193170848,42,10
11,13,8.0,61.53846153846154,7,126.93910568521513,250.02483822034173,250.02619063279946,6,46.15384615384615,11.514600710723887,16.028762138209025,25.155377905893694,26.25406431227349,42,10
12,14,5.0,35.714285714285715,7,137.15619050644565,261.0175899570766,292.2199502142851,5,35.714285714285715,8.711575556877964,13.333363588488364,19.87958792431908,20.408140454710917,42,10
13,11,6.0,54.54545454545455,7,146.37724665302738,245.0189695759545,273.01710053629785,5,45.45454545454545,8.970052581735786,13.610289391004544,22.264253667467862,23.030956181232078,42,10
14,2,0.0,0.0,7,90.00994206138651,90.01295637563145,90.01322431467544,0,0.0,5.546201671173789,9.942061386505163,12.956375631456558,13.224314675452238,42,10
15,4,1.0,25.0,7,187.51520121177361,277.5134784008867,295.5123166453033,0,0.0,10.454987826113992,15.201211773603902,21.05624988320336,21.57725232550818,42,10
1,81,67.0,82.71604938271605,7,8.160564571559954,18.012874940047443,19.2181150471948,67,82.71604938271605,8.040093242637946,12.416423411805031,24.239805900577206,26.528735913868438,43,10
2,51,39.0,76.47058823529412,7,13.465237640292285,33.0215291252547,37.0165564646653,38,74.50980392156863,9.720323539654792,14.257248135420294,26.528735913868438,28.171904117955137,43,10
3,44,34.0,77.27272727272727,7,21.55816832847499,44.02341489494263,48.02146449472823,34,77.27272727272727,8.302976870305134,12.713783020444634,24.239805900577206,26.741427340304,43,10
4,44,33.0,75.0,7,35.806952618684235,82.95976563900929,88.00153286922118,32,72.72727272727273,7.168257581059413,11.498073229689302,20.47909620942223,21.284148112532712,43,10
5,46,37.0,80.43478260869566,7,64.79651107959864,157.5117492894172,175.51977209314683,36,78.26086956521739,9.24268781827218,13.902383946462852,26.528735913868438,28.839445952469262,43,10
6,37,28.0,75.67567567567568,7,88.7958675001067,195.0081114847084,204.6116369993448,27,72.97297297297297,7.545179705013976,12.083716322907778,21.13397602626665,24.165337192731478,43,10
7,34,27.0,79.41176470588235,7,121.33720631399062,250.00977582154724,266.76167549987355,26,76.47058823529412,9.251846514166807,13.676902225921554,24.978539623490807,26.46990937680087,43,10
8,25,17.0,68.0,7,91.0126951910457,220.01341540584679,244.01173553586375,14,56.0,8.1159180243994,12.695191045697877,22.10473476807582,23.275976491291768,43,10
9,28,20.0,71.42857142857143,7,116.80054250472291,259.5123131740084,291.92350850991505,20,71.42857142857143,10.106843813135415,14.828219008624776,23.88379496876078,26.35066779250221,43,10
10,14,4.0,28.571428571428573,7,77.1563833743942,134.02197554075735,154.8217020363485,4,28.571428571428573,8.891594656162448,13.526231537061424,21.81774975228565,22.091254161114158,43,10
11,10,3.0,30.0,7,100.01071103184161,177.51261168492636,195.5142033249431,3,30.0,6.637295396050123,10.711031841608289,17.199821601698915,18.900714684586372,43,10
12,12,5.0,41.666666666666664,7,125.01576694264719,267.01912324610527,293.4236864803673,4,33.333333333333336,10.983029748329207,15.766942647177949,26.99984371264946,29.124119497473178,43,10
13,9,3.0,33.333333333333336,7,101.12491450777715,182.01079570617117,204.40906824027078,1,11.11111111111111,9.150295063572123,13.803396666041825,25.25951178122941,26.27489108734063,43,10
14,6,0.0,0.0,7,120.01069170381244,180.01714986699784,180.0188907237638,0,0.0,6.8681563507527175,10.691703812431106,18.99423268968048,19.259596902182682,43,10
15,0,,0.0,7,0.0,0.0,0.0,0,0.0,0.0,0.0,0.0,0.0,43,10
1,69,58.0,84.05797101449275,7,9.200894648637165,23.613375737504665,26.327492778222425,57,82.6086956521739,8.031542817285718,12.488851535716607,22.519391099163112,28.08247433609187,44,10
2,51,43.0,84.31372549019608,7,13.07204121505907,28.011346912600104,31.009299735250707,41,80.3921568627451,8.676810352047815,13.217685647303218,27.84513697619294,30.266365151881693,44,10
3,40,30.0,75.0,7,18.61217313212229,40.01318226984608,42.45194370907627,28,70.0,7.628638630077259,12.17313212229266,21.26681540102392,23.619538289333025,44,10
4,48,41.0,85.41666666666667,7,50.180129215284275,109.55723317163941,122.7198783964755,40,83.33333333333333,8.909935960842512,13.462548617611162,24.836361227089082,28.709687737858225,44,10
5,31,19.0,61.29032258064516,7,32.914051754187305,75.01391473858881,87.01252087119686,18,58.064516129032256,6.4916397114301505,10.825947735699204,18.938991230423184,22.043567500389187,44,10
6,32,23.0,71.875,7,78.762911712233,201.76623480696117,220.36266553259543,22,68.75,8.551359602733903,12.91171223300853,21.822606721755825,22.45283358527168,44,10
7,22,14.0,63.63636363636363,7,71.60470483995272,148.75590762432586,169.7647621814926,14,63.63636363636363,9.14315692523253,13.795749043630309,24.008355910608262,26.50010236545025,44,10
8,24,14.0,58.333333333333336,7,94.8042386427699,200.0107692151532,219.2621573892327,14,58.333333333333336,8.000911652797873,12.571976103217997,26.27323881729561,28.89793774549488,44,10
9,22,13.0,59.09090909090909,7,90.01219957796067,178.51378309995485,203.7123071943103,13,59.09090909090909,7.823028115770499,12.199577960674794,22.873072290537127,27.589934225304425,44,10
10,26,17.0,65.38461538461539,7,140.01206799108257,310.01189485831566,350.0119210614304,16,61.53846153846154,7.530502079083002,12.067991082561162,22.712597728890614,26.376729154709714,44,10
11,16,8.0,50.0,7,112.5140426329761,212.51472904286263,242.52150270822318,6,37.5,9.373593467334429,14.042632976102546,23.218517609875285,23.27226092161687,44,10
12,11,5.0,45.45454545454545,7,114.55864516931844,210.01648152770565,234.01505775984867,4,36.36363636363637,8.917756077229457,13.190623863897379,22.86490993268435,23.603571904238358,44,10
13,14,6.0,42.857142857142854,7,155.01296339410456,304.5100828500588,340.9116375351377,6,42.857142857142854,8.3662534141861,12.963394104569419,19.78777220938514,20.179912820446553,44,10
14,12,7.0,58.333333333333336,7,277.5142048584394,580.5148360832344,620.1121204724031,6,50.0,9.525011481559662,14.204858439382285,27.452580282629974,27.76662563748035,44,10
15,4,0.0,0.0,7,187.51084088015034,277.5117806772082,295.5116811844411,0,0.0,6.385141191602751,10.840880150320338,12.361051683107148,12.460544450232474,44,10
1,45,32.0,71.11111111111111,7,5.34400656454674,12.816911221509978,14.566423731158102,32,71.11111111111111,6.643496601717724,10.673231213406362,20.612371772283602,27.267542233807134,45,10
2,56,42.0,75.0,7,12.869283299602358,28.012503169994456,28.919655265991818,42,75.0,7.598126750340107,12.140442459499086,20.499407416997855,23.360076664548973,45,10
3,48,37.0,77.08333333333333,7,23.096379338513046,50.608429853249724,58.13715488291632,37,77.08333333333333,8.521142617736999,13.046005179711146,23.511051732964255,27.08278351877363,45,10
4,44,32.0,72.72727272727273,7,40.10319723859755,91.00946284036719,102.00417140190727,32,72.72727272727273,7.905697334468555,12.288147688463711,24.02608399945141,26.91157681035747,45,10
5,36,25.0,69.44444444444444,7,50.289756659086514,112.51130017297726,126.51580368701391,25,69.44444444444444,7.447328792176232,11.978881308734124,16.97966296155132,18.560766240158397,45,10
6,38,28.0,73.6842105263158,7,65.53846604316247,137.26149880462214,150.0126038104113,27,71.05263157894737,7.705534889873932,12.150253688790349,21.81389104680682,25.352842196957,45,10
7,30,19.0,63.333333333333336,7,94.17872944628392,200.01643627665499,217.76333528109592,18,60.0,7.7745391531555,12.062779617254852,23.192970123202905,26.766363972572307,45,10
8,31,22.0,70.96774193548387,7,105.6570795705576,262.51100670184815,292.5160151344868,21,67.74193548387096,7.5112010957992235,11.918280235023744,22.264285540030905,24.32869563561933,45,10
9,23,16.0,69.56521739130434,7,88.71085542799598,150.01442728353834,173.41190044296278,14,60.869565217391305,10.456894076948663,15.203254082944467,22.902594952131064,27.530981082862,45,10
10,18,8.0,44.44444444444444,7,95.56878258031344,166.02254401583332,193.21235199786196,8,44.44444444444444,8.819738805036373,13.227024757896407,22.554523987586965,24.34470887092472,45,10
11,19,10.0,52.63157894736842,7,168.4326059708914,405.01127185078303,441.0120558243539,10,52.63157894736842,7.050136374024902,11.553339312456492,19.54946150363764,21.27589464959504,45,10
12,7,2.0,28.571428571428573,7,94.29908254019503,162.01154636705326,176.4126120442555,1,14.285714285714286,8.7441420203189,13.368254480738674,20.5249943933806,20.868250272204204,45,10
13,10,4.0,40.0,7,105.01659830813927,178.52338861315226,203.72244693445973,2,20.0,11.75900972928923,16.598308139263946,23.949536094439292,24.65173836506076,45,10
14,3,0.0,0.0,7,120.0067959260379,171.00942048853847,178.20926580843482,0,0.0,3.8541683997705967,6.795926037885739,10.967289575168259,11.12196967883619,45,10
15,4,0.0,0.0,7,187.5124415878633,277.51504517182514,295.5155045814728,0,0.0,7.879209868322128,12.441587863287829,15.045171825183768,15.50458147283965,45,10
1,58,45.0,77.58620689655173,7,6.270434288444589,15.156718275363572,17.43671924560831,44,75.86206896551724,7.357428422062785,11.813598789415435,24.442663311963006,28.611425507218954,46,10
2,56,44.0,78.57142857142857,7,12.905391656617038,30.00211659857192,32.01211512269724,42,75.0,8.165955063110614,12.534513759891476,24.102247848867645,24.428427719063656,46,10
3,45,33.0,73.33333333333333,7,18.236101338717614,39.21175763307398,42.24878071396048,32,71.11111111111111,9.220970443169783,13.879116495392163,24.009448430323886,27.625646511888107,46,10
4,54,44.0,81.48148148148148,7,50.30851334694683,112.01341868540558,122.29972754600963,43,79.62962962962963,7.669631309024902,12.217050650529773,27.609362389393905,29.6551884436791,46,10
5,43,31.0,72.09302325581395,7,59.78018875347831,139.00882199510735,155.803254340798,30,69.76744186046511,8.337827716420229,12.746893013196074,25.20554376152922,27.730904064066745,46,10
6,31,23.0,74.19354838709677,7,57.59316321779846,120.01115086231226,130.51664588097321,21,67.74193548387096,7.950584177382559,12.518056508137294,20.73154694113751,23.757190426492265,46,10
7,32,22.0,68.75,7,123.44913950024659,275.0109896675954,292.26342394703863,21,65.625,7.130557272736748,11.639500246594068,20.488173601126157,21.37936398020264,46,10
8,25,18.0,72.0,7,98.0123444253643,220.01067163343473,244.0087746732503,16,64.0,7.788520328246684,12.344425364303518,23.103326191612627,25.599791631372618,46,10
9,19,9.0,47.36842105263158,7,64.75116262207882,123.02491553713764,144.60896134228906,8,42.10526315789474,9.632964704874194,14.320516815661685,27.20277147763536,27.716663876481423,46,10
10,30,18.0,60.0,7,141.3455503331708,302.0160017743798,320.0148387254288,18,60.0,7.794034557085285,12.216999837465664,23.458656436038876,27.10838635696056,46,10
11,14,5.0,35.714285714285715,7,100.01296418040499,200.01137831832628,200.01304636894858,4,28.571428571428573,8.366987331333512,12.964180404996464,21.581454860707584,24.036735867460095,46,10
12,9,3.0,33.333333333333336,7,140.00975422750426,276.01535631157276,295.2165383987929,3,33.333333333333336,5.785716855608416,9.754227504260026,16.08331962954629,16.683800404254505,46,10
13,7,1.0,14.285714285714286,7,100.0116598508607,189.00745711019027,205.80636118793356,1,14.285714285714286,7.149552130345655,11.659850860695729,17.491083256519584,19.11728178208665,46,10
14,8,2.0,25.0,7,168.76132615921156,270.00914979643204,270.009592280588,2,25.0,6.838090995627953,11.32615921157626,14.71650285359089,15.66524725849651,46,10
15,0,,0.0,7,0.0,0.0,0.0,0,0.0,0.0,0.0,0.0,0.0,46,10
1,64,51.0,79.6875,7,6.824128937946648,16.01259732369084,17.381443532791355,51,79.6875,7.237371141191145,11.628937946648307,20.72827124952669,25.573778398555017,47,10
2,51,39.0,76.47058823529412,7,11.737562988427102,26.012814477364834,29.011458672516063,38,74.50980392156863,7.608189765155223,12.072792348669326,23.901000269007294,27.635221047968678,47,10
3,43,35.0,81.3953488372093,7,23.083371994103207,48.01999105915213,54.32820586351634,33,76.74418604651163,8.964697641886946,13.604552242738155,22.992018330400693,25.17824813849406,47,10
4,34,24.0,70.58823529411765,7,29.043152947354383,56.010341626926234,60.70831511899639,23,67.6470588235294,9.092225739540613,13.7411826484987,22.78067771451972,25.9229683358459,47,10
5,22,11.0,50.0,7,26.375915458972223,50.01220294895496,57.913655301613055,11,50.0,7.727542581744633,12.279095335860966,19.513423701478427,23.361542031548264,47,10
6,26,15.0,57.69230769230769,7,47.89722261969595,105.01086181998629,116.25938086068334,13,50.0,8.033821679540985,12.607235080574608,21.762614092503878,23.50385947904609,47,10
7,23,13.0,56.52173913043478,7,90.22783877779126,197.50748592056888,200.0127898077634,13,56.52173913043478,6.342597149390971,10.447473443429569,16.921166119865106,18.67217615383817,47,10
8,15,6.0,40.0,7,51.67876325573158,82.51656503750705,96.52303345239672,5,33.333333333333336,7.557194865844565,12.096589064913388,21.575281666374796,24.03550122859354,47,10
9,17,10.0,58.8235294117647,7,75.89567226537808,150.01258275376043,150.02124989732735,9,52.94117647058823,8.69847147297425,13.319324201609502,24.296465441585358,27.111768553546202,47,10
10,26,19.0,73.07692307692308,7,161.55232704309418,310.0136809105981,350.0114276587626,18,69.23076923076923,9.208265401765154,13.865504632639901,25.544446455456033,25.907968198551742,47,10
11,19,10.0,52.63157894736842,7,157.90688947429751,355.0142991770357,391.02041310138173,9,47.36842105263158,7.609504403979601,12.15263219228714,22.307125527601944,24.939035554994767,47,10
12,6,2.0,33.333333333333336,7,80.01497003507393,120.02254032101833,120.0238082482574,1,16.666666666666668,10.239212102057737,14.970035073931436,23.53514482018631,24.00721301776228,47,10
13,11,5.0,45.45454545454545,7,133.6504609874107,245.0086502285195,273.00173004570394,4,36.36363636363637,9.764077158666753,14.097351047066962,23.889332938800614,26.40015616146493,47,10
14,13,7.0,53.84615384615385,7,186.93788713272667,396.0219778708365,439.2284286900518,6,46.15384615384615,10.090034236485259,14.810209649741287,28.233275122567612,29.679770909091545,47,10
15,2,0.0,0.0,7,225.0122323865102,292.5071515024286,298.506699868288,0,0.0,7.683945494789073,12.232386510195791,17.31327059175611,17.76490473233925,47,10
1,53,39.0,73.58490566037736,7,6.314925311189875,15.412895824269468,17.495441143550032,39,73.58490566037736,8.436373248882187,13.038518737043802,22.26475587017866,25.962948165061853,48,10
2,49,36.0,73.46938775510205,7,11.48220304642614,27.216454598256885,31.049069867614328,36,73.46938775510205,8.380405813437518,12.815291324100395,23.71859178912066,26.400959659272168,48,10
3,62,50.0,80.64516129032258,7,24.464383243360388,63.80139077971656,73.57409462137777,48,77.41935483870968,8.30649682424919,12.770340134582879,26.14086537462428,27.03061069675895,48,10
4,44,33.0,75.0,7,42.96765550428896,103.96787744075095,116.00409869581718,32,72.72727272727273,8.587991598294444,13.11004974350996,22.73524417260358,23.33972824411267,48,10
5,44,33.0,75.0,7,54.33053951783062,148.51191524301188,165.70837519259877,32,72.72727272727273,7.885763014454676,12.35769964880967,25.628119421034935,27.722365666305887,48,10
6,39,30.0,76.92307692307692,7,74.24334309031411,181.5145551070979,204.31138090037166,29,74.35897435897436,8.194132198109006,12.573859544878642,22.101499589390105,26.933922197265304,48,10
7,29,21.0,72.41379310344827,7,95.702570225624,240.00788829482357,268.008758050324,18,62.06896551724138,8.449875065390685,12.915053210178595,21.712397546103215,23.729522166946236,48,10
8,21,10.0,47.61904761904762,7,77.39372950502636,200.00784967735765,220.00993420215806,9,42.857142857142854,8.547966039956508,12.777124073997976,22.753423890684804,25.9131912555525,48,10
9,17,10.0,58.8235294117647,7,88.24688990200167,186.00551758519484,205.20569328879952,10,58.8235294117647,7.08975373041385,11.595784354593658,21.07574969318421,24.130774818876073,48,10
10,22,13.0,59.09090909090909,7,101.83110082140615,238.00491508432572,271.6121369705873,10,45.45454545454545,8.494525318520347,12.919003224336667,28.930403269938708,29.5622051180439,48,10
11,15,9.0,60.0,7,140.01485429920106,265.01523452930377,293.0114948869482,8,53.333333333333336,10.131186544973714,14.854299201065347,21.095915094305084,22.13310324069801,48,10
12,14,7.0,50.0,7,188.5822716051646,441.0143327765453,472.21577405134536,6,42.857142857142854,6.387151305587119,10.843033736034878,19.998043866211507,22.345717551123837,48,10
13,3,0.0,0.0,7,70.0135835094641,70.0148060215753,70.01495035291613,0,0.0,8.945056731695308,13.583509464100631,14.806021575297455,14.950352916136648,48,10
14,1,0.0,0.0,7,90.00987814145665,90.00987814145665,90.00987814145665,0,0.0,5.486540082594209,9.878141456654998,9.878141456654998,9.878141456654998,48,10
15,7,2.0,28.571428571428573,7,278.58632108874076,555.0121156452433,591.0138153397452,2,28.571428571428573,10.166858568212762,14.892517312204172,19.140251040385102,19.14057723832307,48,10
1,53,43.0,81.13207547169812,7,7.184595815666022,16.425122266905323,17.499295674649858,42,79.24528301886792,10.066032612130618,14.784494911304641,26.582129167297836,29.012491249858076,49,10
2,50,38.0,76.0,7,10.893288352210055,23.113926027311585,25.028005888849076,38,76.0,8.669562833337444,13.288352210054443,23.461874547859257,27.602647904490805,49,10
3,44,34.0,77.27272727272727,7,24.649390095201476,59.41637219556971,66.29188951756889,34,77.27272727272727,8.425116779321364,13.026458837838662,23.699420472055277,26.32218237487162,49,10
4,41,29.0,70.73170731707317,7,38.2562103528205,84.01802714147533,95.21496914333255,29,70.73170731707317,7.845502628394283,12.307913796107329,20.121054341405507,21.528685831901946,49,10
5,36,28.0,77.77777777777777,7,61.40251784555104,162.51608006351867,176.51114313554552,27,75.0,8.987476240583398,13.628956662154843,22.969426552698643,25.53080425202866,49,10
6,27,19.0,70.37037037037037,7,57.23466976749415,130.5106196071614,146.1130656574508,17,62.96296296296296,8.023048923661124,12.447545271928846,24.84920951948328,27.379748468578452,49,10
7,32,21.0,65.625,7,85.16898706926155,175.01296638267362,192.26537818535922,21,65.625,8.155006316423481,12.73706926154205,19.30898558725858,24.115164779141608,49,10
8,30,24.0,80.0,7,105.01552272052545,200.01640075134793,217.76221344809252,21,70.0,10.75507768732773,15.522720525452531,28.3856842584144,29.10091716162968,49,10
9,22,12.0,54.54545454545455,7,128.19438439418388,328.50701960020564,353.7128348167106,12,54.54545454545455,7.995531895051645,12.566212365678707,23.70993640264365,27.799434791861728,49,10
10,13,7.0,53.84615384615385,7,113.85991939604021,256.01149688454893,275.2129779552378,6,46.15384615384615,9.11496963372236,13.765549886368639,22.34225933407817,25.007705325285382,49,10
11,22,14.0,63.63636363636363,7,152.28569157352524,297.51624906114967,339.5170840564459,13,59.09090909090909,8.536805170942957,12.964300797955978,20.211014713127593,25.829119571864954,49,10
12,10,3.0,30.0,7,102.01095548747016,180.0176301575282,180.02093794276908,2,20.0,6.865465407666463,10.955487470156854,22.244446405540213,22.55833847364014,49,10
13,9,5.0,55.55555555555556,7,132.24035236008072,252.01222397891192,274.4117698447819,4,44.44444444444444,13.188789059415702,18.130137858497662,28.550650106922564,28.772490194660996,49,10
14,2,0.0,0.0,7,90.00892535761503,90.0114796928361,90.01170674485576,0,0.0,4.597230634083505,8.925357615036905,11.479692836101137,11.70674485575129,49,10
15,2,1.0,50.0,7,150.01706595357552,150.02229564972043,150.02276051159998,0,0.0,12.195500659200922,17.06595357553945,22.295649720444793,22.760511599991933,49,10
1,50,36.0,72.0,7,5.591416970877779,13.558499078775291,15.51993933458761,36,72.0,6.997523200535739,11.416970877778697,21.58852867817461,26.658048773579953,50,10
2,65,51.0,78.46153846153847,7,12.81188327591787,29.613802624187723,32.73619250256338,51,78.46153846153847,7.415531399308633,11.88327591787138,21.710759504019222,25.207412360188787,50,10
3,52,39.0,75.0,7,20.93466543080535,45.80960946290542,49.9742565301526,39,75.0,7.226558806371075,11.58850772842054,21.72282591788477,28.38547496971964,50,10
4,51,38.0,74.50980392156863,7,35.42275685844959,70.01238232551471,80.50930128792669,38,74.50980392156863,6.5263358506526465,10.992152567239785,19.313955583161402,21.31071820295896,50,10
5,37,26.0,70.27027027027027,7,42.985667822095,90.01836427640838,96.41337625188162,26,70.27027027027027,8.418316740112356,12.69484912203271,20.076817229608885,21.5376370945748,50,10
6,23,15.0,65.21739130434783,7,53.49073789133323,103.51008665606,116.71307083645382,14,60.869565217391305,7.9122831687881465,12.477021768016687,21.93520642432,23.063826091224023,50,10
7,35,25.0,71.42857142857143,7,102.87066047650207,225.01080992962713,241.520776888601,24,68.57142857142857,8.990228228964888,13.517619359208506,25.09095055575955,28.231977578090138,50,10
8,21,10.0,47.61904761904762,7,80.96396690287604,200.01757492936684,220.01776784455282,10,47.61904761904762,7.258361681897425,11.585950495097878,19.309679122254675,23.13760551200142,50,10
9,20,10.0,50.0,7,91.51261220060363,211.52250874130638,234.31456302565607,10,50.0,8.038456399792583,12.612200603625707,20.083993069475625,22.441987219525505,50,10
10,19,8.0,42.10526315789474,7,96.85246220662805,204.00787767855704,232.8171946008422,8,42.10526315789474,6.326446473940159,10.356943470145138,19.553939719198073,19.770719520379583,50,10
11,18,6.0,33.333333333333336,7,108.34514512401776,207.5087852084573,241.5200890990384,6,33.333333333333336,7.291369733612901,11.811790684427862,18.55501554363771,22.043060455711473,50,10
12,7,0.0,0.0,7,77.15260961871643,120.0093545385093,120.01048638346502,0,0.0,5.369246318567687,9.7524758592927,13.753884208488065,13.811193556616283,50,10
13,8,1.0,12.5,7,105.01191256039203,185.5183127660032,205.12007288315394,1,12.5,7.385426170323493,11.912560392034257,19.287800646496834,20.267890082599056,50,10
14,5,1.0,20.0,7,144.0121189732565,252.01883973449344,266.4211339492476,1,20.0,7.578087824144643,12.11897325649625,19.734298395133994,21.312862027894308,50,10
15,4,0.0,0.0,7,187.5099270722242,277.5102620212102,295.50983779526103,0,0.0,5.5322110858168845,9.927072224200455,12.736672580685637,13.160898529898192,50,10
1,55,43.0,78.18181818181819,7,8.193414041482557,22.314183372010646,24.468667366268225,42,76.36363636363636,7.225588396839195,11.59585966437498,20.881447409954017,25.346621226697543,51,10
2,51,42.0,82.3529411764706,7,12.797728816302907,29.01373512247254,33.01633560436274,41,80.3921568627451,8.861064399098709,13.415090812711984,24.12523006715627,26.193455617376564,51,10
3,43,32.0,74.4186046511628,7,22.61679922117095,55.61764311752481,62.33407881835817,31,72.09302325581395,7.692061351976462,12.148058380248289,22.222629649421307,25.288505790096483,51,10
4,40,29.0,72.5,7,33.612103636004825,77.00672381367852,81.28669929503909,29,72.5,7.563772339111641,12.103636004826193,21.091741470806284,26.535311514892168,51,10
5,39,28.0,71.7948717948718,7,46.16567345976268,111.00882912658443,126.20893537015498,27,69.23076923076923,7.401582631230476,11.82730591652482,23.362768706889927,24.219533447122533,51,10
6,39,28.0,71.7948717948718,7,73.85876160431111,151.51703834327265,174.31095350628473,28,71.7948717948718,8.22577248729535,12.607758157258571,21.433522498053286,24.961085968446582,51,10
7,32,22.0,68.75,7,110.16777480916323,261.262733806793,292.2552078646905,22,68.75,7.1401794100579075,11.524809163222336,20.870998653072593,22.17142083789219,51,10
8,27,21.0,77.77777777777777,7,92.60427417042932,192.50884734644538,218.51094030833391,19,70.37037037037037,7.584667243298189,11.681577836738578,23.49034668584239,24.59406081685428,51,10
9,14,5.0,35.714285714285715,7,64.2948966878567,130.50756828089888,146.1084227552163,5,35.714285714285715,5.3705109128057344,9.18240214241811,19.078747008318008,20.408871502088925,51,10
10,17,6.0,35.294117647058826,7,77.65863558019102,128.01472573386178,153.6118658937884,6,35.294117647058826,7.291612500929495,11.57675666159584,20.05901068618252,20.29139481637334,51,10
11,15,9.0,60.0,7,113.34761215289727,215.01905127131909,243.01171276742912,7,46.666666666666664,9.594045321159346,14.278819563944255,24.19618747230348,26.4615270681655,51,10
12,11,7.0,63.63636363636363,7,256.37427583246136,510.00953556745424,534.0097268306237,7,63.63636363636363,6.197147874725298,10.639468824990344,17.21252892355188,18.070475530844064,51,10
13,8,2.0,25.0,7,105.01386214716331,185.51928960808823,205.1212369497249,1,12.5,9.671821641657122,13.86214716330226,24.444577922515474,25.61661173906065,51,10
14,7,2.0,28.571428571428573,7,141.44182501465303,243.01692818071336,264.6146093680493,2,28.571428571428573,8.637112821928516,13.253586081590921,21.774106133641578,23.307928680362988,51,10
15,1,0.0,0.0,7,150.0097155446476,150.0097155446476,150.0097155446476,0,0.0,5.334775461629244,9.715544647606285,9.715544647606285,9.715544647606285,51,10
1,50,37.0,74.0,7,5.671944077474076,13.009417301973697,14.521398937314704,37,74.0,7.4148435865564375,11.944077474075655,20.41079396843626,27.063153623984395,52,10
2,51,40.0,78.43137254901961,7,16.875604822260573,45.009887757605384,49.00847608185324,40,78.43137254901961,8.2694900113686,12.859724221359594,22.37763544557251,25.1397893107442,52,10
3,38,28.0,73.6842105263158,7,17.90940079997202,40.60935734011684,46.52996195755986,26,68.42105263157895,9.95352573708806,14.663957866757315,24.027259472103722,28.58681622587712,52,10
4,42,32.0,76.19047619047619,7,38.34482303806838,90.65732343051316,102.1395808121823,32,76.19047619047619,7.168527807668293,11.48970473504348,21.169150670133757,27.256241654178407,52,10
5,28,19.0,67.85714285714286,7,37.51201742717837,76.5092346641523,87.32379774984427,19,67.85714285714286,7.749986758586346,12.017427178374612,27.154171697739695,29.04350019385496,52,10
6,49,38.0,77.55102040816327,7,99.19669330992159,234.0092229379468,262.810968831063,36,73.46938775510205,8.495133677669301,13.019840533829788,21.325766433721807,29.142369779134146,52,10
7,33,23.0,69.6969696969697,7,109.86233636915836,285.01548781220197,317.01417391770184,22,66.66666666666667,9.195213053007526,13.851520673499175,23.439557909745275,28.05370609982922,52,10
8,31,22.0,70.96774193548387,7,98.39912521485817,200.0111178817453,217.50926217065785,21,67.74193548387096,7.49358650724605,12.028440664639437,22.06393485298055,24.222484690068875,52,10
9,16,7.0,43.75,7,80.63663938525431,187.51184230961206,205.51615878923218,7,43.75,7.130449941226531,11.639385254305608,18.047261645005705,19.42802811779386,52,10
10,13,6.0,46.15384615384615,7,83.09102515230613,160.0125623133681,160.0157879637349,6,46.15384615384615,9.429075825285837,14.102075383061676,26.13085417764154,28.09562381623,52,10
11,13,6.0,46.15384615384615,7,146.1641321969316,320.0156051061231,344.0106033697877,6,46.15384615384615,5.86726733332035,10.286043085455901,16.129995897530527,19.044574968298825,52,10
12,9,4.0,44.44444444444444,7,106.68146664742407,180.01506814332862,180.01650275828894,3,33.333333333333336,10.08048679223565,14.799980757396769,25.432536507171804,26.30949603252911,52,10
13,7,3.0,42.857142857142854,7,110.01434094271228,189.01355459780152,205.80840069434177,2,28.571428571428573,9.652029829681009,14.340942712277071,27.23914749094541,28.317282478890775,52,10
14,4,0.0,0.0,7,112.51059637670599,166.5081603775856,177.30687028308094,0,0.0,6.156926549692325,10.5963767059939,16.1732835793771,17.07349431073168,52,10
15,2,0.0,0.0,7,150.01366919174376,150.01867220566382,150.01911691801226,0,0.0,9.025030863835672,13.669191743737239,18.672205663799915,19.116918012249933,52,10
1,56,44.0,78.57142857142857,7,6.69112491185124,14.266025540011489,16.470977372149484,43,76.78571428571429,8.250330839915996,12.553483279812069,21.873961655273344,26.37043778626973,53,10
2,46,36.0,78.26086956521739,7,13.186255325441985,28.013162047559796,30.003460436750185,35,76.08695652173913,8.030010173833304,12.34228196372443,23.9480933551416,27.468029624034706,53,10
3,42,34.0,80.95238095238095,7,19.059921509587966,40.01336229100872,46.37100153175805,31,73.80952380952381,7.749352531336965,12.302461968918644,26.045099640534026,26.528735913868438,53,10
4,24,15.0,62.5,7,25.679378326701784,54.96581540725487,61.39877710974647,15,62.5,8.13128985088939,12.711660035114718,20.31014633646805,23.223340113236965,53,10
5,43,33.0,76.74418604651163,7,50.01313540563338,129.00721756554384,145.81397209723383,32,74.4186046511628,8.61363159993773,13.135405633382648,21.27565942256712,25.842369892169287,53,10
6,26,18.0,69.23076923076923,7,52.512585592227076,105.00908228530439,116.26462621144839,17,65.38461538461539,8.157217605241431,12.585592227082204,20.143302497958228,21.604555402206913,53,10
7,28,15.0,53.57142857142857,7,107.15585456976176,291.2645626755466,318.2690089120476,15,53.57142857142857,8.398018951463083,12.997426904612766,20.382093403214796,20.736669048866098,53,10
8,28,17.0,60.714285714285715,7,90.18874083743651,216.25856809010278,243.25731768833978,17,60.714285714285715,6.025083296493228,10.169408865080316,19.023516716224464,21.45854185679168,53,10
9,21,15.0,71.42857142857143,7,94.30037507491413,180.02713139753334,204.02040782975354,12,57.142857142857146,9.950568166549003,14.660789199849773,27.131397533351183,28.488639679946722,53,10
10,34,25.0,73.52941176470588,7,208.24775288434617,494.0121764901055,546.8128636505617,25,73.52941176470588,7.89524425128145,12.45876669909076,21.335614812050895,25.28151795078404,53,10
11,19,10.0,52.63157894736842,7,144.7506879576203,255.0132748873662,291.01321504979785,10,52.63157894736842,9.189922359499436,13.845852357151132,26.578648519194694,26.938019277543745,53,10
12,11,3.0,27.272727272727273,7,92.7418013925125,150.016169821471,174.01137797443715,3,27.272727272727273,9.827246295476213,14.528665239766996,21.692669614305643,22.06623813351816,53,10
13,7,3.0,42.857142857142854,7,110.01507426724925,189.0207009534956,205.8220158846956,1,14.285714285714286,10.869860376949433,15.074267249240004,25.072030044176124,26.007142917968217,53,10
14,7,1.0,14.285714285714286,7,115.72744139988133,180.0119327420959,180.01329584073096,0,0.0,8.545734459499597,13.155685595610928,23.49258989284491,26.061024455984516,53,10
15,5,0.0,0.0,7,210.0099636720522,300.01181098064865,300.01222659246315,0,0.0,5.566372635840896,9.96367205221534,13.144677411387832,13.307513810302913,53,10
1,50,41.0,82.0,7,7.414158636035206,17.563926727203874,19.51905117968932,39,78.0,9.631209221881681,14.15863603520635,27.252756498146912,28.165029482860774,54,10
2,60,49.0,81.66666666666667,7,16.481349779842805,42.12827378115906,46.838464561224534,49,81.66666666666667,9.97140492109466,14.683113176139589,24.354252401241762,27.629042577231598,54,10
3,55,44.0,80.0,7,26.413598857611728,57.22002310967705,61.85384384384266,44,80.0,9.163028947462557,13.598857611728267,26.3272655696519,28.732475689711787,54,10
4,47,34.0,72.34042553191489,7,41.41631146730128,84.00891251293,94.80713428040254,34,72.34042553191489,7.678321327409601,12.05614815234714,25.683478127797407,28.58346478843066,54,10
5,39,29.0,74.35897435897436,7,41.552514331359696,101.00966220763735,116.20903642740949,28,71.7948717948718,9.574539114493813,14.05279289815839,26.368299903684168,27.543237926643684,54,10
6,36,28.0,77.77777777777777,7,69.18010680030639,150.0224679584672,159.76648349189495,26,72.22222222222223,8.914941491367692,13.440133639712663,24.153874025511506,24.665377280396395,54,10
7,27,17.0,62.96296296296296,7,82.4198370101596,175.01287905484764,193.5108843791402,16,59.25925925925926,8.00630173333286,12.429602752186145,22.167582681402486,25.579213614431104,54,10
8,31,21.0,67.74193548387096,7,108.88435268508239,262.51934060794724,292.52060087618594,21,67.74193548387096,8.8801550267239,13.384943146891935,26.38482852514234,26.528735913868438,54,10
9,17,7.0,41.1764705882353,7,75.89448054436787,186.00790920731808,205.21045957161007,6,35.294117647058826,7.586142833392148,12.127603191405814,18.663793934193123,22.952453572956628,54,10
10,18,10.0,55.55555555555556,7,104.45867600497381,206.01276593374786,233.20904498192965,9,50.0,9.549934680156658,14.231560529351558,23.60143575094737,24.112131870651236,54,10
11,19,12.0,63.1578947368421,7,142.11875441188997,255.02540358008943,291.0173024581543,11,57.89473684210526,9.055448383019414,13.491253995210723,24.468698901906325,26.116728511476015,54,10
12,20,12.0,60.0,7,192.01349275166297,420.00981595198795,420.0101072005405,11,55.0,8.860345208939519,13.492751662959819,23.4168929217345,25.411074738904453,54,10
13,14,7.0,50.0,7,155.0131433077751,304.5238444855031,340.9281388256626,6,42.857142857142854,8.80086126842281,13.143307775074993,26.86240223609361,28.742409009265995,54,10
14,6,2.0,33.333333333333336,7,150.01568171590523,247.51850017064095,265.51992482310226,1,16.666666666666668,10.90348080598852,15.681715905230092,26.32763681072097,27.94007696890746,54,10
15,5,2.0,40.0,7,240.0118470268289,420.0095693407811,444.0101823052618,1,20.0,7.324258448624545,11.847026828929817,20.664754800106202,22.73059648372235,54,10
1,61,50.0,81.9672131147541,7,7.931832742240997,20.022636811490663,22.422548328924265,49,80.32786885245902,9.147083013132432,13.79995535575042,24.239805900577206,26.528735913868438,55,10
2,43,30.0,69.76744186046511,7,8.944394420272598,18.025810987269598,21.173050385354788,30,69.76744186046511,9.658531692162386,14.161862133062293,26.066183637323064,27.126650019006206,55,10
3,40,29.0,72.5,7,20.612602348234994,52.21074278504803,58.45032985404565,28,70.0,8.122598402243469,12.6023482349939,26.528735913868438,26.528735913868438,55,10
4,46,35.0,76.08695652173913,7,40.18687186483612,84.0165443789913,87.86661801871315,35,76.08695652173913,8.443148787869857,12.958821357863561,23.067606122855516,25.498717407887376,55,10
5,21,10.0,47.61904761904762,7,27.154796785698903,60.009158111227414,68.01054438472876,10,47.61904761904762,7.588491069078388,11.939642841756354,18.338601741977417,23.684483519065655,55,10
6,37,26.0,70.27027027027027,7,69.3372379020952,150.01051399145518,159.6097266266179,25,67.56756756756756,8.31975584116484,12.913577770869935,24.69759190323544,27.37123259375612,55,10
7,27,17.0,62.96296296296296,7,78.71772122290965,167.5179185667464,193.51397722628877,16,59.25925925925926,9.350152774779225,14.01751920592914,26.93044330602253,27.84692206883968,55,10
8,33,22.0,66.66666666666667,7,100.76984787015469,225.0209541687902,242.01482511016536,21,63.63636363636363,7.834161993744839,12.272112578934513,22.89636559421998,24.714410672537475,55,10
9,21,11.0,52.38095238095238,7,84.29719956441609,180.0179991168928,180.01987152922564,10,47.61904761904762,7.3421833164034815,11.485278701807767,20.339632308834247,22.665571985467963,55,10
10,15,11.0,73.33333333333333,7,128.01676014065433,240.0122655753077,240.02236873994178,9,60.0,11.910060973473708,16.760140654319642,25.56559103021468,26.818236232723883,55,10
11,8,3.0,37.5,7,68.76801458878748,100.02148979159666,100.02552094705042,1,12.5,13.080937859448209,18.01458878747381,26.853167848489107,26.992923143402628,55,10
12,18,11.0,61.111111111111114,7,196.67794999731112,429.01442789296345,469.81947245617624,11,61.111111111111114,7.005533457938992,11.283330644462362,21.602867819696872,25.543562295034118,55,10
13,6,1.0,16.666666666666668,7,116.67673513279948,192.51129534658065,206.51195552395353,1,16.666666666666668,5.664185342079899,10.068466132797223,15.00668098963492,15.776311041079726,55,10
14,5,1.0,20.0,7,162.01301668499258,252.01949585574621,266.42145243712383,1,20.0,8.415994066940646,13.016684992567331,20.565560823672545,21.66637813932798,55,10
15,3,1.0,33.333333333333336,7,200.01882501099172,285.01292776059165,297.01162715066187,0,0.0,13.837369792941729,18.825010991717246,26.565001321205845,27.360698105870775,55,10
1,61,53.0,86.88524590163935,7,9.292104417331114,24.02073780529368,26.405567361845605,51,83.60655737704919,8.849811873428743,13.41589274094982,21.941582468241837,28.761093067188103,56,10
2,63,51.0,80.95238095238095,7,14.361346116325398,31.813207967232447,36.76791514148158,51,80.95238095238095,7.656758627673047,12.13976711904995,21.22091374013181,23.49282464688025,56,10
3,53,41.0,77.35849056603773,7,28.163686093682987,73.61682294562237,81.93376867091011,41,77.35849056603773,8.23070334033279,12.742697456565194,24.08733052477637,28.16841970102513,56,10
4,34,21.0,61.76470588235294,7,27.599986419032778,56.012278579720196,60.70095146184581,21,61.76470588235294,7.454364353573516,11.751124915134946,20.589010434933382,27.450902028255005,56,10
5,35,25.0,71.42857142857143,7,44.29885804919479,103.01914738293856,116.61229568567373,24,68.57142857142857,8.534606594868261,13.143763480502173,21.933036548369,23.36646561255877,56,10
6,34,23.0,67.6470588235294,7,65.74705015748249,155.26177850960872,175.06414277454,22,64.70588235294117,7.458951842229147,11.75603983543857,21.880774964512895,22.124620906354366,56,10
7,27,20.0,74.07407407407408,7,139.82577951747427,275.0100896116533,293.51048029948896,20,74.07407407407408,6.500714653809366,10.964702659453385,18.128164702558166,18.906944857115977,56,10
8,22,14.0,63.63636363636363,7,72.74246569842266,173.75989380556362,194.76122112068177,12,54.54545454545455,10.447296192220234,15.19297114993586,23.993668944991906,26.478973932703408,56,10
9,14,5.0,35.714285714285715,7,55.724945854777104,90.01492413492076,90.0219537949524,5,35.714285714285715,6.483122416068647,10.660140491390239,23.04103267432881,23.577174503104462,56,10
10,18,8.0,44.44444444444444,7,102.23571619765586,206.02287945345265,233.2266235885321,8,44.44444444444444,8.861487452104285,13.49397543364213,25.726721146515878,27.193042070932776,56,10
11,14,5.0,35.714285714285715,7,103.58476942193776,217.51037278301612,243.50983687790477,5,35.714285714285715,8.71856369946998,13.340850509217416,20.563237036625296,21.50573727616984,56,10
12,14,6.0,42.857142857142854,7,137.15710713672826,321.01934362592004,352.227238653746,5,35.714285714285715,9.567139993993043,14.249993871132341,23.84448550313725,28.13882566267472,56,10
13,11,3.0,27.272727272727273,7,133.6467681504176,245.01487731219424,273.0160191452484,3,27.272727272727273,5.977845774185684,10.404514053985753,14.970609450786437,16.037804699654448,56,10
14,9,3.0,33.333333333333336,7,160.0156825165528,324.0140578989882,352.81394012471696,2,22.22222222222222,10.904228114465285,15.68251655279159,22.599866236880302,24.240418142694644,56,10
15,0,,0.0,7,0.0,0.0,0.0,0,0.0,0.0,0.0,0.0,0.0,56,10
1,45,34.0,75.55555555555556,7,5.723662473089558,12.815740718504971,14.572907127401571,33,73.33333333333333,7.981670839581807,12.551361978446739,22.073301110671427,23.406720562178613,57,10
2,58,47.0,81.03448275862068,7,12.530207433007662,26.313252373473624,28.882863621439554,46,79.3103448275862,8.43310686434069,12.966053697316903,23.778401291321074,27.164502103258368,57,10
3,38,27.0,71.05263157894737,7,17.80220902607937,36.611569432892175,42.53237747035961,26,68.42105263157895,8.251644536160793,12.735341868844284,22.332827402865952,25.07401509976384,57,10
4,30,20.0,66.66666666666667,7,31.277053148649532,63.01126474790272,67.97697140983516,20,66.66666666666667,6.334367026275713,10.386481982870007,19.236905711821162,20.365174387338733,57,10
5,28,18.0,64.28571428571429,7,42.153653346124045,86.51285468738038,97.3092053214466,18,64.28571428571429,6.476780689001003,10.79620326690076,18.77107329770828,21.45003987399603,57,10
6,39,31.0,79.48717948717949,7,96.55099697554913,241.52745680075728,264.3153258544821,30,76.92307692307692,8.062538153049783,12.535437087595028,22.423631474798096,27.898382984190462,57,10
7,22,14.0,63.63636363636363,7,92.05662592056156,173.76373377358905,194.7606809866706,14,63.63636363636363,6.863324064526433,11.171375106997635,16.73025503530008,20.729385698194005,57,10
8,26,15.0,57.69230769230769,7,100.01055619973204,243.75807336674077,268.76008158311004,15,57.69230769230769,6.406620030532053,10.556199732024718,21.178063024793357,26.53627856740598,57,10
9,23,13.0,56.52173913043478,7,110.8811637528781,267.009011523045,293.41101837532426,13,56.52173913043478,7.254648551015674,11.598535486784549,20.091109745613245,26.395354951740625,57,10
10,14,4.0,28.571428571428573,7,94.29933587397475,214.02328779501974,234.81382766764705,4,28.571428571428573,8.980598721318003,13.621588260483795,23.265510361226408,28.377252827188556,57,10
11,17,6.0,35.294117647058826,7,105.89266939270165,200.01206930186308,200.01787442281534,6,35.294117647058826,5.895649964907203,10.316451525177127,19.325703053401153,19.325703053401153,57,10
12,6,2.0,33.333333333333336,7,100.01257336442411,165.0097283732476,177.00971603373608,1,16.666666666666668,8.002207483847345,12.573364424108403,21.287607014378775,23.592644397888282,57,10
13,8,1.0,12.5,7,105.01281462963453,185.51262729539172,205.11132948675993,1,12.5,8.227399622774072,12.814629634534445,16.96728519414633,17.003531460408325,57,10
14,5,1.0,20.0,7,144.01079526075964,252.01008746697073,266.4109478658461,1,20.0,6.342560961539066,10.795260759629054,17.183465286261082,18.38756523051967,57,10
15,0,,0.0,7,0.0,0.0,0.0,0,0.0,0.0,0.0,0.0,0.0,57,10
1,44,33.0,75.0,7,4.58030050587108,9.019910453084137,10.583114410189005,33,75.0,7.662674014990222,12.118687689262366,22.901508680083957,26.60603327708486,58,10
2,74,61.0,82.43243243243244,7,19.121093825842426,46.70328068072174,52.55323456187276,61,82.43243243243244,8.437542822017697,12.985717734317351,22.453445443990752,26.179908583011635,58,10
3,47,34.0,72.34042553191489,7,29.03376058390167,78.82592009425241,86.16915408026381,34,72.34042553191489,7.998222059097496,12.483988156996547,23.52644911383321,28.936450191916094,58,10
4,41,31.0,75.60975609756098,7,33.64694837196285,84.00685316568232,95.20985596065218,30,73.17073170731707,8.215639841176602,12.802030499434967,20.59704087507496,25.824826105091464,58,10
5,34,23.0,67.6470588235294,7,40.01158807507765,90.0103455476227,96.71195798628203,22,64.70588235294117,7.411986304861065,11.588075077649673,18.563318570340016,25.84306225938024,58,10
6,28,19.0,67.85714285714286,7,51.97810514043791,105.01499395917932,115.97648286165496,16,57.142857142857146,9.298596676440795,13.819426152202066,28.498538276507038,29.986692492894697,58,10
7,28,21.0,75.0,7,83.94327130534921,166.26400911094996,175.02263566115656,18,64.28571428571429,10.120391742730135,14.699876777789369,26.9676563636352,27.762039392504526,58,10
8,33,21.0,63.63636363636363,7,94.70871087608928,200.00978172426431,217.00315357705495,20,60.60606060606061,7.564873240749484,11.741179119596925,21.720997830606322,23.368380405817557,58,10
9,27,18.0,66.66666666666667,7,121.12234727024212,261.01086071105203,270.0113958014615,17,62.96296296296296,6.892365242995907,11.236159131004332,24.56176609260619,25.38674663629522,58,10
10,16,9.0,56.25,7,127.51224986771471,290.01687026979926,314.01121148667903,8,50.0,7.7002621026850715,12.249867714718423,20.08027494718811,22.12550418196972,58,10
11,18,10.0,55.55555555555556,7,177.79025698024512,407.5134808993933,441.51847962071633,10,55.55555555555556,8.121736383356179,12.479202467352978,18.913955137181343,19.566231865168778,58,10
12,12,5.0,41.666666666666664,7,155.01139565391153,327.0138758215866,353.4094542275479,5,41.666666666666664,7.214082653412084,11.395653911521835,18.68425835071699,18.964246925665254,58,10
13,8,2.0,25.0,7,131.26067097186962,255.51817021932996,275.11925310899676,2,25.0,6.693242223574889,10.670971869620653,18.170219329976746,19.25310899677808,58,10
14,6,2.0,33.333333333333336,7,135.01441220095424,247.51028939229036,265.51034989959794,1,16.666666666666668,9.71854085254295,14.412200954251757,26.008595150335534,29.28916189373981,58,10
15,0,,0.0,7,0.0,0.0,0.0,0,0.0,0.0,0.0,0.0,0.0,58,10
1,57,45.0,78.94736842105263,7,7.767632908947721,19.212288863589432,21.454250388436577,45,78.94736842105263,8.63091326842978,13.24694403544069,23.60994317799189,25.660819909405042,59,10
2,58,45.0,77.58620689655173,7,14.907751902101072,34.31424369944837,38.87066925572688,45,77.58620689655173,6.8492446877617486,11.200177963140709,19.47821935486029,22.544852104830824,59,10
3,51,40.0,78.43137254901961,7,24.953459405454783,54.0139168563842,62.0117143607814,39,76.47058823529412,7.8043326031396205,12.282934866544982,23.207488753720362,28.75016270993602,59,10
4,36,26.0,72.22222222222223,7,29.37435894309192,63.01358896241881,67.56242891994185,25,69.44444444444444,8.631742058941914,13.247831980811526,25.762188117835144,29.316845268401593,59,10
5,33,23.0,69.6969696969697,7,44.25521907285892,90.01786591369039,96.8185562558144,23,69.6969696969697,8.20891944423054,12.794830434676644,21.741362336055975,24.996776368968447,59,10
6,38,26.0,68.42105263157895,7,73.03761049504367,182.25967602638863,204.46422621477518,26,68.42105263157895,6.808732793429587,11.294705569966576,18.408395708813188,25.258407889097466,59,10
7,22,14.0,63.63636363636363,7,73.87652270146893,148.76720130058234,169.76319954096203,14,63.63636363636363,8.294330625645378,12.88633783255918,23.895160134472373,25.580452574592947,59,10
8,28,18.0,64.28571428571429,7,96.4425794468528,200.02076861953705,218.27026618311137,17,60.714285714285715,9.341284801157792,14.008018281376337,24.434393410020576,26.02162736929398,59,10
9,14,6.0,42.857142857142854,7,68.58270636294004,130.51004057531617,146.1093985952553,6,42.857142857142854,7.059625568255724,11.277791511477352,19.08137296943629,22.373174244540284,59,10
10,16,4.0,25.0,7,80.01113039804663,170.01404563746965,194.01210053648492,4,25.0,6.888716443278503,11.130398046637445,16.80292500501031,17.93883247094764,59,10
11,23,15.0,65.21739130434783,7,167.40429864587986,345.00976670818255,389.0109752801669,14,60.869565217391305,8.557425513136039,12.994298053818214,24.745640763222685,25.73127826381554,59,10
12,12,6.0,50.0,7,130.01430634577045,267.0135615084045,293.409966805466,5,41.666666666666664,9.930864423599415,14.306345770437732,26.195960546962162,28.108645090094132,59,10
13,4,0.0,0.0,7,87.50991480341682,129.50951763348522,137.90907936475315,0,0.0,5.520759625529036,9.914803416820225,12.24528265590489,12.546686134481066,59,10
14,9,3.0,33.333333333333336,7,140.0163853098086,234.02754485031312,262.8272140880893,2,22.22222222222222,11.560201332567566,16.38530980860231,28.02525542233103,28.137074670754824,59,10
15,1,0.0,0.0,7,150.0064865738195,150.0064865738195,150.0064865738195,0,0.0,2.320918444992012,6.486573819501217,6.486573819501217,6.486573819501217,59,10
1,56,46.0,82.14285714285714,7,8.460263543820584,22.273479851400445,24.461785011722373,45,80.35714285714286,9.179767216880014,13.834972392012661,25.903450687063838,29.039952826389325,60,10
2,52,41.0,78.84615384615384,7,15.243238618640314,36.913517686562955,40.98767863213999,40,76.92307692307692,8.120553242238753,12.469387871082791,23.865197748936918,26.4514557125087,60,10
3,37,26.0,70.27027027027027,7,22.282901895179215,56.81410368669687,62.57384237590304,26,70.27027027027027,8.056586659244388,12.631624908943673,22.790801383667425,29.64801636891258,60,10
4,55,43.0,78.18181818181819,7,51.685668609629595,135.11528438063922,150.23523724425064,43,78.18181818181819,8.413547848105724,12.941336902324982,22.344816752634962,28.66180762312205,60,10
5,33,21.0,63.63636363636363,7,43.64911109046915,114.01913768653607,126.8163418227203,21,63.63636363636363,8.164699322817045,12.747454105517287,24.169822842446393,29.6551884436791,60,10
6,37,26.0,70.27027027027027,7,88.7954631636112,228.01462780675573,249.6113291511179,26,70.27027027027027,7.167780078677716,11.679379827430223,17.466759226486058,20.663733482913866,60,10
7,25,16.0,64.0,7,82.01150947638261,150.0222204310432,169.02228775744751,15,60.0,7.0091955895168745,11.509476382620605,21.435900518651714,23.54497555569901,60,10
8,25,13.0,52.0,7,71.01280395010022,145.01239149249687,150.01272007221664,13,52.0,8.516113180593484,12.80395010021383,22.939146110917985,26.52460660665845,60,10
9,16,10.0,62.5,7,80.63766231848624,157.5031053953505,175.5105583441917,10,62.5,8.551925467410314,12.662318486232454,24.07243320083517,28.538637395110314,60,10
10,19,9.0,47.36842105263158,7,107.38235143996376,244.01223142905644,272.8092082434161,8,42.10526315789474,9.268825620370974,13.930387332164921,23.034001798301198,27.13882394594886,60,10
11,15,5.0,33.333333333333336,7,96.67971603040579,165.01537370644246,193.01713468478195,4,26.666666666666668,8.446495757669538,13.049363739112968,20.00512751576089,22.7255276867806,60,10
12,14,8.0,57.142857142857146,7,162.86850507492412,321.0079072052026,352.2062098191156,7,50.0,6.871747345917549,11.362217781264759,18.387870573141484,21.32040715688067,60,10
13,7,0.0,0.0,7,100.01104955952042,140.01154929211435,140.0123023285979,0,0.0,6.579918356605471,11.049559520410872,13.505394030215484,13.84527981712594,60,10
14,1,0.0,0.0,7,90.01036502642476,90.01036502642476,90.01036502642476,0,0.0,5.940988808064548,10.365026424758275,10.365026424758275,10.365026424758275,60,10
15,2,0.0,0.0,7,150.00940227794092,150.01139306290895,150.0115700215728,0,0.0,5.042378561090438,9.402277940905783,11.393062908973173,11.570021572801386,60,10
1,56,44.0,78.57142857142857,7,7.422687708431255,18.258829172774284,20.461634649402956,43,76.78571428571429,7.442233851414582,11.97342271696966,21.355083109977812,28.081782464318955,61,10
2,54,43.0,79.62962962962963,7,13.566461970267808,30.010880889277317,32.951754515008375,43,79.62962962962963,6.515449110010899,10.906414712252657,18.612950956965232,21.55595324977934,61,10
3,41,28.0,68.29268292682927,7,29.08375996037589,80.01161426123876,86.40704378825055,27,65.85365853658537,6.423439124670138,10.589228668569143,19.54092924074859,24.84522733329054,61,10
4,52,41.0,78.84615384615384,7,50.49244268930654,115.16407907447294,122.44329374605834,40,76.92307692307692,7.162253264490279,11.673458537307608,20.904235354172446,22.86657408895585,61,10
5,33,26.0,78.78787878787878,7,54.860893991288684,114.01879770336959,126.82104315977912,24,72.72727272727273,7.9620632746229765,12.409142803843315,23.902333622817807,27.096952506814485,61,10
6,40,28.0,70.0,7,79.88703796858029,165.75998681074282,189.15915382243458,28,70.0,7.595817680779024,12.037968580276665,20.318102555476017,22.345979765450853,61,10
7,42,30.0,71.42857142857143,7,117.86940617466404,250.01451321910756,275.0204419805446,30,71.42857142857143,7.890602563916547,12.263317521172988,20.64778704834961,22.459553209850778,61,10
8,25,16.0,64.0,7,104.01208744188646,220.00966706045966,244.00870751922417,16,64.0,7.548657071802248,12.08744188648162,20.592762077458378,21.503317880230945,61,10
9,13,8.0,61.53846153846154,7,80.78308142734576,162.01072079210374,176.41193020399848,7,53.84615384615385,9.194407958095306,13.850658114999861,24.53077066601895,27.968514306480266,61,10
10,22,14.0,63.63636363636363,7,121.83087442754277,238.0127774303863,271.6107736137362,13,59.09090909090909,8.113508331320112,12.69260936096142,20.673845185007103,22.80503907569927,61,10
11,17,9.0,52.94117647058823,7,135.30650465643097,260.00990437926475,292.01045304386867,9,52.94117647058823,7.828267392481846,12.38700937217439,20.051647529194266,21.2266866315522,61,10
12,9,3.0,33.333333333333336,7,113.34618325325373,216.0123458406829,235.21404269125318,2,22.22222222222222,8.260338872243858,12.849919920387585,19.202911119863266,20.25091217727234,61,10
13,7,3.0,42.857142857142854,7,130.01507125908444,259.01345741589705,275.8122888484918,2,28.571428571428573,10.333692576031163,15.071259084427506,19.46281661722937,20.30289327674556,61,10
14,8,3.0,37.5,7,157.51292969381308,270.01927077741107,270.0199509989553,3,37.5,8.33479823375508,12.92969381306791,20.601365602736617,20.80826891531002,61,10
15,2,0.0,0.0,7,150.01644664634904,150.0182483760912,150.01840852984606,0,0.0,11.617451636942647,16.44664634902437,18.248376091212865,18.408529846074064,61,10
1,56,43.0,76.78571428571429,7,5.690676113661569,13.01903161554295,14.462156590913905,42,75.0,7.631421539415578,12.104685090141194,24.026700956681506,26.190699205798968,62,10
2,58,46.0,79.3103448275862,7,12.495798186604718,28.314709494838276,32.86975397183424,44,75.86206896551724,8.50172170326498,13.039565915062678,22.823190096705858,26.623825987098265,62,10
3,44,31.0,70.45454545454545,7,24.920469911165856,59.40800348693504,66.28914616954805,31,70.45454545454545,6.887413471127086,11.379002074949495,19.33543466253328,23.314284519549613,62,10
4,46,33.0,71.73913043478261,7,34.099437596157095,75.25673563293948,87.8597499706539,33,71.73913043478261,7.9972293158000785,12.48107441796265,25.13003264085372,28.961947004691627,62,10
5,35,26.0,74.28571428571429,7,45.155543026367354,103.01037455921372,116.61307594914778,25,71.42857142857143,8.10723055628442,12.685883510218087,24.92132489821714,29.67364343617248,62,10
6,32,23.0,71.875,7,59.07544402215801,126.76078221175982,145.36191325658146,22,68.75,8.581517042789446,12.94402215801563,22.40619751173658,23.927931226828232,62,10
7,24,15.0,62.5,7,97.92924664232135,246.2617032992964,269.2661427635579,14,58.333333333333336,8.008378274710111,12.579975654691745,19.614318828363793,22.463572009508127,62,10
8,14,5.0,35.714285714285715,7,57.15175017697796,108.7602725085555,121.76219521550685,5,35.714285714285715,5.10042056864148,8.893034120828185,16.41480174033665,17.260360937801703,62,10
9,16,4.0,25.0,7,54.38578266892593,97.51223649947391,115.51565152171413,3,18.75,6.797498029779336,10.782668925929697,19.509798728838653,22.692985501872002,62,10
10,27,18.0,66.66666666666667,7,134.82733318205635,268.0098684454118,309.6093285458489,17,62.96296296296296,7.950874209741586,12.518367241533511,21.56296474484607,24.06590377760322,62,10
11,13,3.0,23.076923076923077,7,96.16527146889278,220.01628411357197,244.019464166132,3,23.076923076923077,6.9306410758734325,11.425315046641344,18.67171920505304,19.941687258646237,62,10
12,14,7.0,50.0,7,154.29718562167346,321.01149510482173,352.20713420599,6,42.857142857142854,6.973596078443562,11.47133595919774,18.90499751897253,20.568111508973125,62,10
13,8,0.0,0.0,7,96.26218037012634,140.01754571886585,140.01866067916262,0,0.0,7.635394438805424,12.180370126346293,18.71832472408433,18.895200334270417,62,10
14,4,0.0,0.0,7,90.0095368099299,90.01429019230893,90.01434563982717,0,0.0,6.101328108069695,9.536809929900492,14.290192308930163,14.34563982716945,62,10
15,5,0.0,0.0,7,180.01379358716142,270.01288896381476,294.01186920175394,0,0.0,9.14113906746591,13.793587161421664,17.120804860407134,17.81438026724425,62,10
1,61,49.0,80.32786885245902,7,6.635384924357152,15.01208340568897,16.41544937850417,49,80.32786885245902,7.933430469342038,12.43410468502026,20.59704087507496,28.942739121552812,63,10
2,62,48.0,77.41935483870968,7,12.398869963728606,26.01165789289628,28.79485503226444,48,77.41935483870968,7.496212466174979,11.773189535054787,21.723785134107032,27.209780296029166,63,10
3,43,33.0,76.74418604651163,7,19.54749787428547,43.61238072035103,46.337745780574664,31,72.09302325581395,8.127105112221063,12.614153355233638,21.336846547398252,23.29446317595116,63,10
4,46,34.0,73.91304347826087,7,49.77172701956556,131.26677820212015,143.8649568479832,34,73.91304347826087,6.80642863916699,10.85745434817604,18.193944360129564,22.383586500800835,63,10
5,32,24.0,75.0,7,49.38671363239402,114.52224873322015,126.91845076632926,23,71.875,7.316423250383479,11.713632394020276,23.765547074971817,27.669843321295637,63,10
6,42,36.0,85.71428571428571,7,92.15635801029549,209.26411584447794,233.86155404498083,34,80.95238095238095,9.134600331854356,13.50086743834726,28.149034857527383,29.093963941370326,63,10
7,31,21.0,67.74193548387096,7,92.75392030054826,212.5099236745359,242.50833520774597,19,61.29032258064516,7.452868746896754,11.984816677294358,23.55826648522796,24.698113540382487,63,10
8,31,24.0,77.41935483870968,7,153.23898532474104,387.5078180896385,417.51424774281537,23,74.19354838709677,8.567377240178873,13.178873128087313,24.341752248965868,28.153798746319836,63,10
9,18,12.0,66.66666666666667,7,100.01259453800338,184.51467725642428,204.9114327745852,11,61.111111111111114,8.22938827401516,12.594538003381837,24.937321247189,29.07490711311049,63,10
10,21,10.0,47.61904761904762,7,93.34479844832497,160.0126278258573,192.01458042392395,10,47.61904761904762,6.967789551307711,11.465114991636645,16.145272489057106,25.50516407876578,63,10
11,19,11.0,57.89473684210526,7,155.27499299512849,355.0090170927631,391.01742248368345,10,52.63157894736842,7.313126549747564,11.835100391631444,20.327244354534127,20.82870026443491,63,10
12,14,5.0,35.714285714285715,7,128.58190381125578,240.0071915579638,240.00730943377297,5,35.714285714285715,6.310539821246552,10.475239827210421,17.07588520275651,17.388104653079115,63,10
13,10,3.0,30.0,7,133.01196246080661,248.5172195571107,273.7167505325291,3,30.0,7.4320022227635665,11.962460806615,17.349841716794394,17.818866298461806,63,10
14,4,1.0,25.0,7,112.51500153677375,166.5143666161366,177.31267477742458,0,0.0,10.268615160833829,15.001536773753612,24.62631706027458,26.005642356319203,63,10
15,2,0.0,0.0,7,150.00929899521668,150.0094918288023,150.0095089695655,0,0.0,4.945976524749738,9.298995216677092,9.491828802336064,9.508969565505751,63,10
1,57,48.0,84.21052631578948,7,7.889668162731227,17.208101395328395,19.454652481671506,46,80.70175438596492,7.9105643559884244,12.475180275086323,24.310326559143125,26.35206389369367,64,10
2,53,39.0,73.58490566037736,7,15.635645171513584,40.818296669831646,44.980269683974186,39,73.58490566037736,8.54472629724118,13.003662079622872,25.548213025726795,26.76831641943447,64,10
3,42,31.0,73.80952380952381,7,21.346702471069136,47.81190992975849,54.36399049784617,30,71.42857142857143,8.833859772963994,13.369137735801857,21.45738305038682,23.83277881223737,64,10
4,38,26.0,68.42105263157895,7,33.723668271977154,85.07028801725396,95.42970539260796,26,68.42105263157895,8.631170237425344,13.141956187683702,21.58923850091864,25.191680148717197,64,10
5,30,24.0,80.0,7,51.014893395580984,105.5182690106996,117.11661576408392,23,76.66666666666667,10.167678326776521,14.893395580972019,25.69529971471426,28.46013512137361,64,10
6,23,11.0,47.82608695652174,7,38.48905212328893,75.01354613886949,86.71333306571744,11,47.82608695652174,6.663474811364668,10.791253723709646,18.3271467379099,22.780222487580783,64,10
7,24,12.0,50.0,7,73.97087370978142,150.01302238358252,169.26832856182693,12,50.0,8.126980509440381,12.540376448086407,19.665201871742976,24.7432485158886,64,10
8,25,15.0,60.0,7,78.01126839585174,170.0126354294605,194.01270514799,15,60.0,6.933516637946605,11.26839585173509,18.06580165802507,24.049550343243983,64,10
9,26,17.0,65.38461538461539,7,105.01264356687504,232.51317958427552,262.5105753794758,17,65.38461538461539,8.211329986195452,12.643566875041712,22.521308404652295,25.95650341054563,64,10
10,24,15.0,62.5,7,168.34772793072543,434.01391361860465,470.8219895999974,13,54.166666666666664,9.702110038470503,14.394597392095667,24.239805900577206,24.239805900577206,64,10
11,12,6.0,50.0,7,125.01322081530833,272.5088631900518,294.5089659933413,4,33.333333333333336,8.606525235295994,13.220815308328175,24.27154019693187,24.302569286700873,64,10
12,12,5.0,41.666666666666664,7,110.01272801220925,180.0134757456924,180.01365609314266,3,25.0,8.146552644322263,12.728012209248424,22.00622683938743,23.849506615191988,64,10
13,8,4.0,50.0,7,131.2644389289341,210.01105715506608,210.01298277766253,4,50.0,9.743488216261454,14.438928934126217,25.38014826063372,26.299018383221494,64,10
14,6,0.0,0.0,7,120.01286828370557,180.01206875720098,180.01271652228505,0,0.0,8.27747926332795,12.868283705559648,15.450782132238757,15.466203781461537,64,10
15,2,0.0,0.0,7,225.00948698199537,292.50879558438226,298.50873412681665,0,0.0,5.121439637347489,9.48698199536602,10.17837960846928,10.239837174078458,64,10
1,54,41.0,75.92592592592592,7,6.568675206863394,15.364615162065524,17.48839287844457,40,74.07407407407408,8.650379302313723,13.119651307839426,26.34165630852451,26.528735913868438,65,10
2,65,51.0,78.46153846153847,7,13.551781626820086,31.612283327372303,36.737485492683916,51,78.46153846153847,8.756623495351125,13.320088358547531,25.17719680055762,26.528735913868438,65,10
3,35,24.0,68.57142857142857,7,20.011825391914083,44.01624772369026,46.65347661989442,24,68.57142857142857,7.517408866230255,11.825391914082264,24.703575963218597,25.950243940276646,65,10
4,51,41.0,80.3921568627451,7,43.11098853278121,91.01017165090079,101.5168634164988,41,80.3921568627451,8.426320493927207,12.94931709493238,24.9933263111893,29.46862689809324,65,10
5,54,44.0,81.48148148148148,7,61.68020317156411,153.50734118318735,174.71466030244173,43,79.62962962962963,8.970322870408003,13.536504897435764,24.1653316088536,26.376194081818774,65,10
6,35,25.0,71.42857142857143,7,81.44196887613114,214.51170987541605,234.9102017159921,24,68.57142857142857,8.878062266361058,13.397447559698852,26.3272655696519,26.85815910902173,65,10
7,33,24.0,72.72727272727273,7,116.67959469723905,235.01394611320578,250.01349535815174,24,72.72727272727273,8.333245798062128,12.928030572397441,20.59151985126667,25.796278309615243,65,10
8,23,12.0,52.17391304347826,7,88.05814486559281,197.5138655459514,200.01559944769033,12,52.17391304347826,9.955996260181053,14.666604723244998,20.16345866594154,25.149433452667186,65,10
9,18,11.0,61.111111111111114,7,98.34629070213037,214.51531921314623,234.92476896065588,10,55.55555555555556,8.568047305496773,12.957368797043232,26.09288679422008,26.92369538552496,65,10
10,22,12.0,54.54545454545455,7,112.73879021313601,200.01056178727688,231.6080517893373,12,54.54545454545455,7.016671479128749,11.517485863275336,16.475135078480953,24.42380959953912,65,10
11,16,7.0,43.75,7,134.3851387171394,262.51400650725316,292.50849107623213,7,43.75,5.729756231526553,10.138717139406815,16.73908116065462,17.78182751773424,65,10
12,16,9.0,56.25,7,165.01196520541794,315.0213463691084,351.0151805782412,8,50.0,7.434563988282337,11.965205417949546,22.953031486728825,23.722965206534063,65,10
13,7,0.0,0.0,7,90.01120982492185,140.01507235025719,140.0179653422247,0,0.0,6.729506888169169,11.209824921845605,17.924041850940014,18.535680543455456,65,10
14,8,4.0,50.0,7,191.2646230993228,328.5145098271342,353.71076803747246,3,37.5,9.915389186458922,14.62309932277654,23.000364987888382,23.156972648230706,65,10
15,1,0.0,0.0,7,150.0106216541255,150.0106216541255,150.0106216541255,0,0.0,6.180519989258948,10.62165412548485,10.62165412548485,10.62165412548485,65,10
1,58,48.0,82.75862068965517,7,7.634172306758744,18.174348922271058,20.440428897129788,46,79.3103448275862,8.915289038001147,13.482651586329933,26.61913515679085,28.716953196919235,66,10
2,48,36.0,75.0,7,10.053965225313224,21.310873437111184,23.07153325253514,35,72.91666666666667,7.901272592991198,12.298558646557135,22.08426067729193,23.5520432927668,66,10
3,44,34.0,77.27272727272727,7,22.195729858590894,51.41340582491177,58.29068845119892,33,75.0,9.336214290696265,13.911676772713683,27.161138468897274,29.234557745391974,66,10
4,44,33.0,75.0,7,42.17201344800937,110.95915984435484,123.00823580435892,32,72.72727272727273,8.497825464952818,12.922538918465518,26.185396411874756,26.528735913868438,66,10
5,30,21.0,70.0,7,36.679714924140846,70.01914751749644,77.11096253123299,20,66.66666666666667,8.569913867988289,13.048257474177108,24.465718520791267,25.43431582062857,66,10
6,42,33.0,78.57142857142857,7,77.15733827598548,179.26879394440934,203.8616180794502,32,76.19047619047619,9.7828807699946,14.481133128335403,25.58649974056558,26.274898468393125,66,10
7,35,25.0,71.42857142857143,7,130.0118299491376,307.5153468151931,341.5133390255231,24,68.57142857142857,7.52166248783811,11.829949137603402,21.81131444610371,23.496475937338207,66,10
8,23,14.0,60.869565217391305,7,64.14241517016126,122.51761865991656,144.52464879873307,13,56.52173913043478,7.773388627435907,11.980387552561151,26.528735913868438,26.528735913868438,66,10
9,11,5.0,45.45454545454545,7,65.47089390650747,135.0217267887681,147.0191925949023,4,36.36363636363637,11.525798953159363,16.34845196202456,24.30106996006642,24.775838872252514,66,10
10,15,6.0,40.0,7,74.68217594596126,132.02384011599557,154.42309402817295,5,33.333333333333336,10.742531910338368,15.509279294600852,23.307196122294524,24.05328394492067,66,10
11,16,7.0,43.75,7,121.88753884183623,262.51509579808095,292.51315987341195,6,37.5,7.969984788373609,12.538841836237363,20.397217997376632,21.06001077170733,66,10
12,17,7.0,41.1764705882353,7,155.3077724276344,312.01537314383427,350.4169672815004,7,41.1764705882353,9.231198606635758,13.654780575587404,21.93217553151229,23.778279826764223,66,10
13,10,4.0,40.0,7,140.015342184211,248.51960236141772,273.7171057144206,3,30.0,10.586568689559329,15.342184211001058,24.702451111046834,25.5440446403227,66,10
14,5,1.0,20.0,7,144.01208821686987,252.01047900302422,266.4103642377105,1,20.0,7.549380425836309,12.088216869853916,16.208443921797052,17.219089374093787,66,10
15,0,,0.0,7,0.0,0.0,0.0,0,0.0,0.0,0.0,0.0,0.0,66,10
1,57,44.0,77.19298245614036,7,6.327948763140423,14.20775896829225,15.459580292846848,43,75.43859649122807,7.681218517215711,12.159289456212544,24.640870177786205,27.969345798119132,67,10
2,62,49.0,79.03225806451613,7,12.754080591754532,27.906838986709896,32.80504508311379,49,79.03225806451613,7.903571709248845,12.145107883565233,23.784386025285436,26.76377394546671,67,10
3,42,30.0,71.42857142857143,7,18.869800459337135,43.80730219118697,50.380294457745705,28,66.66666666666667,8.169726679612104,12.657602194276675,26.14582495247578,26.884306269363254,67,10
4,41,32.0,78.04878048780488,7,36.38012743070712,91.01334822291003,102.22464168397029,30,73.17073170731707,9.771457125179078,14.273772170535178,26.528735913868438,29.0586265081737,67,10
5,45,32.0,71.11111111111111,7,51.34717962100543,118.02501694777739,135.6221576176955,32,71.11111111111111,9.273295791108266,13.846287672103974,25.973349592020742,26.528735913868438,67,10
6,32,23.0,71.875,7,64.70145306608752,141.7651577922661,160.36667654358322,22,68.75,9.406666027339115,13.953066087519701,25.694727094987762,28.43476856308244,67,10
7,29,19.0,65.51724137931035,7,87.94272520723072,190.01182535716453,218.01661050822926,18,62.06896551724138,7.435853101089585,11.690724472118193,21.339939519106395,24.98104467231536,67,10
8,20,8.0,40.0,7,71.2602421919805,176.26365569597527,195.2680857653899,8,40.0,6.386365627747792,10.242191980500532,15.907300275207506,18.536086249949445,67,10
9,12,5.0,41.666666666666664,7,72.51197517087571,133.51874006326125,146.71521561023218,5,41.666666666666664,7.754992237844149,11.975170875708267,19.970005684458336,21.869695133384354,67,10
10,22,14.0,63.63636363636363,7,165.46753979764168,398.00849320878154,431.609621910578,14,63.63636363636363,8.564846053396273,12.99434309622569,24.291615850049208,26.1125937958159,67,10
11,13,5.0,38.46153846153846,7,107.70374300052373,220.00934297307515,244.0088750348742,5,38.46153846153846,7.227162368617546,11.435308216029515,20.367278683344917,23.465300457130745,67,10
12,17,10.0,58.8235294117647,7,190.6009678126962,372.0115608423852,410.40799268283513,10,58.8235294117647,8.150758799638545,12.732518578575096,19.028294838047106,21.17166131647693,67,10
13,8,3.0,37.5,7,148.75999498714825,255.50986929075987,275.1088429714425,3,37.5,5.595601522350357,9.994987148238824,12.17285377788851,12.236024952835407,67,10
14,4,0.0,0.0,7,112.5107095688167,166.50912299293182,177.30779243612955,0,0.0,6.262577809863114,10.709568816688208,17.225542975499938,18.28332482012883,67,10
15,1,0.0,0.0,7,150.01561943388475,150.01561943388475,150.01561943388475,0,0.0,10.845348009374339,15.61943388475362,15.61943388475362,15.61943388475362,67,10
1,65,56.0,86.15384615384616,7,8.581064881017102,21.81604118042162,24.370540018424506,54,83.07692307692308,7.427081352307303,11.834111786333583,24.058960858309494,26.528735913868438,68,10
2,55,42.0,76.36363636363636,7,12.41163232039137,32.61086117574268,36.939138296754784,41,74.54545454545455,7.259620112742329,11.632320391368655,21.360442508162773,25.00727189894061,68,10
3,60,49.0,81.66666666666667,7,27.212551691374124,64.21158662863557,73.66199835175263,48,80.0,8.044203628917959,12.551691374118743,25.45954139704614,27.818909232331904,68,10
4,37,27.0,72.97297297297297,7,31.41812340299659,64.42141317102393,70.01127062053986,27,72.97297297297297,8.137205199413726,12.717997591182478,26.528735913868438,28.8202992199308,68,10
5,32,21.0,65.625,7,39.70008250880163,84.51643973079118,96.90654735321961,21,65.625,8.127415172286913,12.582508801626659,23.975149239451554,26.336810040460275,68,10
6,44,35.0,79.54545454545455,7,87.96865128243783,195.02247873849922,218.56601988882363,34,77.27272727272727,9.517431076313507,14.105827892388875,26.247008944660408,27.839288066422924,68,10
7,30,20.0,66.66666666666667,7,105.84757210641853,263.76005016645775,292.76181373486617,20,66.66666666666667,9.556666736065637,14.23877308523038,26.516361277763906,28.748517210034013,68,10
8,31,23.0,74.19354838709677,7,129.85217583221817,312.5190223865719,342.5142371716561,22,70.96774193548387,8.955956364075105,13.466154798834033,23.060120032794522,28.22699124066508,68,10
9,28,20.0,71.42857142857143,7,116.79755781091423,229.51343967724173,240.00994501441212,20,71.42857142857143,7.58767011785121,11.843525199960736,24.672676481865977,26.968678896090843,68,10
10,19,9.0,47.36842105263158,7,107.38053492814826,240.01065150862348,240.01086646100913,9,47.36842105263158,7.966331830009629,12.11387551667373,26.546175632158537,26.671741603847245,68,10
11,16,5.0,31.25,7,100.01323278436249,200.01383327934522,200.01388460711283,4,25.0,8.61769691190186,13.232784362487756,20.06841371559497,21.889376739611677,68,10
12,11,1.0,9.090909090909092,7,92.73500450935852,150.00988315664773,174.00880025985782,1,9.090909090909092,4.16199289226522,7.731782085785326,11.595398709681804,11.882295569309486,68,10
13,11,6.0,54.54545454545455,7,203.65001206100172,385.00928484355956,413.0113336349227,6,54.54545454545455,9.005647261299513,13.648424638069203,20.537559291657807,20.870763251859646,68,10
14,8,0.0,0.0,7,123.7622334625996,180.0117333468169,180.01219153036666,0,0.0,7.684949895182138,12.233462599589227,18.639402865108416,19.425384483105322,68,10
15,1,0.0,0.0,7,150.0113019981794,150.0113019981794,150.0113019981794,0,0.0,6.815539569721,11.301998179389347,11.301998179389347,11.301998179389347,68,10
1,72,61.0,84.72222222222223,7,8.45720775521519,23.46587021624482,26.30096153322967,59,81.94444444444444,8.231354066431956,12.763310770747015,23.82109765780363,26.32438742187738,69,10
2,72,58.0,80.55555555555556,7,15.094984490187212,32.91781321592025,36.007684248464926,58,80.55555555555556,7.141437317655228,11.651156853877133,20.121054341405507,24.964657639674623,69,10
3,43,32.0,74.4186046511628,7,22.246264304207315,51.6125553592119,58.3363788165565,32,74.4186046511628,9.059540658597797,13.706164672431486,27.407723446587227,30.04139485572253,69,10
4,44,31.0,70.45454545454545,7,34.69463300840165,77.01874865286102,84.01884785103452,31,70.45454545454545,8.227583450997203,12.814826583482784,21.924371487630196,27.198885361308005,69,10
5,32,22.0,68.75,7,41.57504551560996,94.50895375369907,106.91840455419972,22,68.75,8.092886464465819,12.54551560995532,26.722077289146913,28.17664547325858,69,10
6,30,18.0,60.0,7,44.0111549199766,75.01166488835229,85.66186954052624,17,56.666666666666664,6.6782597065529785,11.154919976605065,22.04542937683514,27.940951014851088,69,10
7,26,16.0,61.53846153846154,7,95.20354252060173,200.01661290058314,218.7601634381124,16,61.53846153846154,6.8964414712511495,11.234828294038023,22.573692072035676,23.711209960298376,69,10
8,20,11.0,55.0,7,67.51180957276073,126.27821352374548,145.26303044199753,11,55.0,7.662651595728801,11.809572760736982,24.180296739789064,28.20598791000508,69,10
9,16,8.0,50.0,7,65.64039950293079,120.02291281118053,120.0258055509672,7,43.75,10.640068840234937,15.399502930793386,27.62410211901289,28.377570329347922,69,10
10,17,9.0,52.94117647058823,7,108.24772524469968,208.0166935494579,233.61251573366627,8,47.05882352941177,7.869445956147558,12.431127052636949,21.71800262071239,26.391298365772084,69,10
11,16,7.0,43.75,7,100.0137437935164,162.51466472132984,192.5102913567391,6,37.5,9.094662671601801,13.743793516397282,26.721948223027375,27.876413230894094,69,10
12,17,11.0,64.70588235294117,7,151.77998173606224,372.01370362755654,410.4129784316934,8,47.05882352941177,10.74427596120303,15.275853709314038,26.758326952452112,28.414025563766906,69,10
13,7,0.0,0.0,7,80.01089451082241,119.01335863804975,135.81266419778498,0,0.0,6.435198992049627,10.894510822402593,14.870270866187553,15.281325230934378,69,10
14,2,0.0,0.0,7,90.01144222234083,90.016292230798,90.01672334266087,0,0.0,6.946422007297095,11.44222234082486,16.29223079800283,16.723342660863096,69,10
15,3,0.0,0.0,7,200.01119565197928,285.0099823381936,297.0095359213613,0,0.0,6.716278146039279,11.19565197926932,14.446506516788029,14.892923349106429,69,10
1,70,61.0,87.14285714285714,7,7.757953258227115,17.011416512048797,18.327335896581193,57,81.42857142857143,10.516900949516582,15.096115369972358,26.39921926401495,29.226798262162074,70,10
2,51,40.0,78.43137254901961,7,12.171696867382412,28.013015584052113,30.02164474098022,38,74.50980392156863,10.185560093044561,14.834122284375425,26.38482852514234,28.551979580671144,70,10
3,42,32.0,76.19047619047619,7,21.156123300747943,47.809115567979056,54.37742751727027,31,73.80952380952381,8.737740438055917,13.266157890798675,26.414289413203868,28.78298440248278,70,10
4,34,22.0,64.70588235294117,7,27.60113773629215,58.4615429668093,67.71029032742902,22,64.70588235294117,8.528980937381228,12.902442174500035,25.973201004860627,28.623459108841587,70,10
5,44,35.0,79.54545454545455,7,65.69624163933952,168.51769169168324,185.71815539460232,33,75.0,9.729047507936851,14.423457521361803,23.36098658946056,26.628142308121998,70,10
6,36,25.0,69.44444444444444,7,60.84545420743695,135.00877501577324,144.76616449297677,24,66.66666666666667,7.579862036973702,12.120874103628763,20.38207117871009,23.474613291360598,70,10
7,25,13.0,52.0,7,83.00980917548844,175.01606802654683,194.0112797078332,13,52.0,5.870191055844224,9.809175488448794,17.78369202022345,19.641609712325852,70,10
8,32,21.0,65.625,7,101.57453726176863,261.26682227318133,292.26416629459396,20,62.5,7.735164967330483,12.037261768628479,22.89739623644519,26.25686553134669,70,10
9,16,7.0,43.75,7,73.13956448044958,157.5189692839257,175.51471619904612,6,37.5,9.860675498511984,14.564480449584,26.528735913868438,26.528735913868438,70,10
10,31,21.0,67.74193548387096,7,141.94908706237808,300.01290691619886,348.0067007604076,20,64.51612903225806,8.963427468052892,13.603191410344932,21.34162238347188,24.54036099667448,70,10
11,11,7.0,63.63636363636363,7,122.74133618154579,225.01727879105056,245.0120712339733,5,45.45454545454545,9.393027650937366,14.06345427305708,24.58749201671104,25.226895712378386,70,10
12,13,9.0,69.23076923076923,7,138.47738497785443,264.01556894483906,292.8169041162775,7,53.84615384615385,11.057302224844562,15.846516315960287,24.509715392110163,25.62963923297959,70,10
13,4,0.0,0.0,7,87.50987972785238,129.5092910286852,137.90904465973426,0,0.0,5.488020792747525,9.879727852380988,10.93692066703693,11.016297803504708,70,10
14,11,4.0,36.36363636363637,7,155.47108659309717,315.019001880799,351.02720743390796,2,18.181818181818183,11.705648775677947,16.541138551715644,27.893779049508893,28.98581355802126,70,10
15,2,0.0,0.0,7,225.00914181301545,292.50904696597013,298.50903853512165,0,0.0,4.799265790828796,9.141813015469296,9.236660060825644,9.245090909301764,70,10
1,58,47.0,81.03448275862068,7,7.2532057463065955,17.008475264815605,18.438122322331722,46,79.3103448275862,7.305039343596531,11.82643596176685,20.854928930410633,26.870407587664218,71,10
2,73,62.0,84.93150684931507,7,18.450314347014928,44.81050967439245,50.57754314019014,61,83.56164383561644,7.47915317266136,11.958182631367105,21.798715807998796,28.04696108979979,71,10
3,46,34.0,73.91304347826087,7,24.968849444152184,63.01444869017782,70.21206440543365,34,73.91304347826087,8.016404346719474,12.327705021752639,23.757870277175616,26.173767578070372,71,10
4,43,31.0,72.09302325581395,7,31.104651371736487,76.31044843014834,88.07177677038014,30,69.76744186046511,7.293583477544609,11.628115922533578,23.72975527349275,27.015085193433833,71,10
5,32,21.0,65.625,7,39.386432594281175,84.50789153959803,96.90743759783905,21,65.625,7.1707803857429315,11.432594281180172,17.845606810117324,22.913529129306937,71,10
6,35,26.0,74.28571428571429,7,72.0152460113466,139.52043769332028,159.91296748783557,26,74.28571428571429,10.496802854704564,15.246011346626116,24.589881093935542,28.862372407920475,71,10
7,35,26.0,74.28571428571429,7,95.72772449088276,200.01096966148842,216.50966498731046,23,65.71428571428571,8.809965958156663,13.43877659704872,25.543608703365738,26.12827881572168,71,10
8,29,19.0,65.51724137931035,7,98.28985992039244,240.01324590474127,268.01568395329457,18,62.06896551724138,9.331795261845322,13.997851426929365,24.40752513443705,29.10674463318859,71,10
9,16,10.0,62.5,7,103.13889746630186,247.5099383099269,265.5114868517112,8,50.0,9.23809778679831,13.89746630184753,24.53857776797014,27.760465459139372,71,10
10,23,12.0,52.17391304347826,7,116.532757899954,236.00874425218586,271.21196013067737,12,52.17391304347826,6.713506551809982,11.018769519238003,16.562863693772943,18.87935129437246,71,10
11,17,9.0,52.94117647058823,7,129.4241868131879,250.009014639409,250.02053627445707,9,52.94117647058823,7.861027104018266,12.422107305588053,20.890680061455146,22.911482587569107,71,10
12,10,0.0,0.0,7,84.00987370607228,120.0166594986878,120.0179408897591,0,0.0,6.229104239001832,9.87370607229558,17.908206462831707,18.190631314112544,71,10
13,8,3.0,37.5,7,122.51225007625033,210.0103536843834,210.01059357696133,2,25.0,7.700456745665029,12.250076250326021,21.080497593169287,22.953568369686636,71,10
14,8,1.0,12.5,7,112.51224876626063,180.01328685486104,180.0135413536196,0,0.0,8.165924062252362,12.24876626063508,22.327814888745934,23.691921680775994,71,10
15,0,,0.0,7,0.0,0.0,0.0,0,0.0,0.0,0.0,0.0,0.0,71,10
1,53,40.0,75.47169811320755,7,6.2392613033321185,15.411684964281022,17.492994503495574,40,75.47169811320755,8.397762723802131,12.846208992495917,22.636811490665124,27.724203451000143,72,10
2,46,34.0,73.91304347826087,7,9.099201164603754,21.5112300021228,25.11404992244413,33,71.73913043478261,7.85771230038469,12.244642864623243,21.872682925923343,27.758708258953327,72,10
3,55,43.0,78.18181818181819,7,23.286451027769807,53.207006177116085,61.85244196033305,41,74.54545454545455,9.143841346363166,13.72375504253894,24.54569063024085,27.81023653795872,72,10
4,50,39.0,78.0,7,42.433289401293614,91.01749208647294,101.5874713168502,38,76.0,8.745212432605308,13.289401293619237,23.06624630761626,23.68240947710892,72,10
5,33,22.0,66.66666666666667,7,53.95173684364079,134.01176294255686,146.81214002426103,22,66.66666666666667,7.9002375256843465,12.342904246855856,21.173398507731488,26.847597279974757,72,10
6,33,21.0,63.63636363636363,7,70.91944706062645,171.01235329941315,190.20972248209574,21,63.63636363636363,6.385253075930505,10.356151535534849,20.632085206950634,26.357981316727617,72,10
7,17,7.0,41.1764705882353,7,54.425502613593984,105.02135295320441,121.01816195836197,6,35.294117647058826,9.089168978740085,13.737907711632447,23.06203531279364,25.340103217116287,72,10
8,26,13.0,50.0,7,79.82101785806506,193.7640255461941,218.7718087166243,13,50.0,8.84787979084001,13.325550372761395,22.998545616112207,25.843329882099237,72,10
9,15,5.0,33.333333333333336,7,54.01298119549246,99.01235610267489,115.81062552447392,4,26.666666666666668,8.382868874858996,12.981195492462787,24.845261734566947,27.22152781214252,72,10
10,14,8.0,57.142857142857146,7,120.01266204211841,254.0112057088388,274.8128386237161,8,57.142857142857146,8.351657496226867,12.662042118380421,21.345542416397635,21.822374457872996,72,10
11,13,8.0,61.53846153846154,7,123.08785831436427,220.01048353031655,244.0082098783629,7,53.84615384615385,6.473212406349917,10.935237441208569,22.994470369438577,23.93401706890024,72,10
12,11,5.0,45.45454545454545,7,136.3751669949639,270.0089690427859,294.0089690427859,4,36.36363636363637,7.368352127925201,11.530631327543944,20.89491278321808,22.150092645545957,72,10
13,6,2.0,33.333333333333336,7,140.01086206916486,262.5099951503295,276.50978536732674,2,33.333333333333336,6.404918595471096,10.862069164860182,15.509528422249467,16.594495681096777,72,10
14,3,0.0,0.0,7,120.01219643024477,171.01179307885695,178.2114062172008,0,0.0,7.650384633252803,12.196430244762999,15.661695418825358,16.048557075010756,72,10
15,3,0.0,0.0,7,150.00906874840913,150.01140709632972,150.01159989598213,0,0.0,4.731068743473286,9.068748409133212,11.407096329719842,11.599895982129386,72,10
1,57,45.0,78.94736842105263,7,6.783749478207264,15.207644190843592,17.45593661040687,45,78.94736842105263,7.429709576642066,11.819653645860916,20.894333516373955,23.19487829178039,73,10
2,74,64.0,86.48648648648648,7,18.2563719080431,46.70971814343782,52.5529857245096,63,85.13513513513513,8.671872717495347,13.128664799853302,22.095517181958602,24.57525923603034,73,10
3,42,30.0,71.42857142857143,7,18.39332985582482,43.808611426140224,46.37112365710072,28,66.66666666666667,8.263834780317339,12.377474872438954,24.443307947966787,26.92551254902791,73,10
4,55,43.0,78.18181818181819,7,39.97588093101874,91.01625440363212,101.23948605452303,42,76.36363636363636,7.831079251887035,12.244567382372605,24.00770224425688,27.89621920039525,73,10
5,34,22.0,64.70588235294117,7,37.65824049262568,83.50881682027487,96.70865879114011,20,58.8235294117647,7.142464481597469,11.181669096272188,23.205402099541185,24.24303636873659,73,10
6,23,14.0,60.869565217391305,7,44.36193856969787,103.50994417974232,116.71451901414115,13,56.52173913043478,9.438789846095306,14.112482741355132,26.26053916280759,28.684513237647327,73,10
7,22,14.0,63.63636363636363,7,94.33148603283179,223.763808336244,244.76118010129224,13,59.09090909090909,8.684368518617118,13.30421464997587,21.170476234095776,21.63307512819512,73,10
8,23,13.0,56.52173913043478,7,90.23000426631937,222.51509105668703,244.51428022244198,12,52.17391304347826,8.201494014078223,12.612961971543234,23.721983285275858,24.239805900577206,73,10
9,23,14.0,60.869565217391305,7,90.013241229253,180.02087302141624,203.41609745637876,12,52.17391304347826,8.625579204397475,13.24122925300062,21.632209247572483,21.69836883591875,73,10
10,20,12.0,60.0,7,134.01173603987723,282.01232166048334,312.40766794679894,12,60.0,7.594017467785906,11.736039877220394,23.394153306515143,23.979014715028043,73,10
11,19,10.0,52.63157894736842,7,205.27404910808332,505.0091910345314,541.0145088647154,10,52.63157894736842,6.628622261048043,10.891213346476752,16.28258865687697,19.481306705392722,73,10
12,9,4.0,44.44444444444444,7,140.01211853366203,276.01369647447194,295.2114100251716,3,33.333333333333336,7.5776775154432965,12.118533662043077,21.01231821827471,22.627652249285326,73,10
13,14,9.0,64.28571428571429,7,190.01296695306033,374.51027214101873,410.9096650320087,8,57.142857142857146,8.36957527254959,12.966953060316687,23.937279326585045,24.70308074555624,73,10
14,3,0.0,0.0,7,90.01267873023788,90.01518222054342,90.01529370581733,0,0.0,8.1005538344553,12.678730237884798,15.182220543431624,15.29370581733339,73,10
15,4,0.0,0.0,7,187.51088966972347,277.5154645957117,295.5150588536839,0,0.0,7.364060476494684,10.889669723460859,17.83142420722606,18.237166235027146,73,10
1,74,62.0,83.78378378378379,7,8.661900811020034,20.018047422752904,22.289191660916075,61,82.43243243243244,8.787142889421304,13.252162371385372,23.70844403812854,29.6551884436791,74,10
2,58,47.0,81.03448275862068,7,14.735280661983435,32.0055512747539,34.87219837288122,46,79.3103448275862,6.859995828943369,11.14273094895128,20.51830884473963,21.887385400591775,74,10
3,66,53.0,80.3030303030303,7,30.315098220586002,67.00911572221163,73.42216382230926,53,80.3030303030303,7.643570428720561,12.067917555697164,20.796601191155663,24.62810341705448,74,10
4,33,24.0,72.72727272727273,7,32.46789185093882,65.81752415898448,74.7710614747048,22,66.66666666666667,8.723740117195431,13.34639639335767,22.39240027729624,23.088912677721165,74,10
5,41,30.0,73.17073170731707,7,46.84204416782335,100.00955053632157,116.00901123384543,30,73.17073170731707,8.282288420582086,12.775875140431099,22.159630263321286,24.756595807288967,74,10
6,29,19.0,65.51724137931035,7,54.838597968438314,120.00897578318228,130.81353448549226,17,58.62068965517241,6.673380555230137,11.01176154175116,20.326189294797633,23.072579318007467,74,10
7,31,22.0,70.96774193548387,7,104.04552386640317,237.50944985738823,267.51233169140886,22,70.96774193548387,8.648514811270031,13.26580188703984,22.958439772883665,28.148191120759048,74,10
8,26,14.0,53.84615384615385,7,85.5882097457596,218.76010160349335,243.76601598981938,14,53.84615384615385,6.944828400408964,11.286668836522185,19.35500917833511,21.134033322241883,74,10
9,19,10.0,52.63157894736842,7,88.43077348088198,183.01064715101268,204.60944890881302,10,52.63157894736842,5.339726721275404,9.720849303026753,17.272005470517744,17.517499070252484,74,10
10,20,10.0,50.0,7,102.01201740356454,202.01165760052768,232.41323877592313,9,45.0,7.483284697981425,12.0174035645353,19.976556963667957,26.8579853265488,74,10
11,21,11.0,52.38095238095238,7,150.01210165328095,300.0205402785873,340.01261626059016,11,52.38095238095238,7.5619217041408335,12.101653280927474,23.48878219513034,24.556232798916053,74,10
12,15,8.0,53.333333333333336,7,164.0119947018755,318.0115427400399,351.6123744844394,8,53.333333333333336,7.462095393851656,11.994701875462068,17.215087743769608,19.665375927323446,74,10
13,1,0.0,0.0,7,70.01144156969525,70.01144156969525,70.01144156969525,0,0.0,6.945812840925911,11.441569695251047,11.441569695251047,11.441569695251047,74,10
14,10,5.0,50.0,7,216.01469336743557,409.5147697462129,441.9188138808192,5,50.0,9.980976042483803,14.693367435577647,22.13933312013466,23.654225327053744,74,10
15,3,1.0,33.333333333333336,7,200.01696247256777,285.01578081831184,297.01499239717344,0,0.0,12.09891354892239,16.96247256773493,23.665029696113955,24.45345083454137,74,10
1,58,51.0,87.93103448275862,7,8.788988551538498,22.157673075112157,24.439497699051962,51,87.93103448275862,8.518476940200644,13.126482572980136,23.421836063815974,25.48879857713304,75,10
2,51,40.0,78.43137254901961,7,10.954499718941257,25.011970266205623,29.013472483994796,39,76.47058823529412,8.775340477668555,13.323248353019723,24.82309544986248,25.842843366937597,75,10
3,46,35.0,76.08695652173913,7,21.664320619317394,51.01304126827354,58.21216743458108,35,76.08695652173913,7.685136754200942,12.146706273916916,19.70988032466783,23.793068852399337,75,10
4,41,30.0,73.17073170731707,7,36.89139702590788,77.01884704919412,84.01987485654288,30,73.17073170731707,8.8165274320885,13.348245420065215,22.344617495615857,25.882102305720945,75,10
5,44,31.0,70.45454545454545,7,50.69389491160935,108.5074324045624,115.70817159051083,31,70.45454545454545,7.623511349147984,12.076729791174513,23.76257099749549,27.45146140746207,75,10
6,37,28.0,75.67567567567568,7,71.36275353171895,153.00983110121808,174.60946954072807,26,70.27027027027027,7.00995358102484,11.402180367605723,23.299141642712705,23.917122548128862,75,10
7,24,13.0,54.166666666666664,7,81.2621936556161,196.2601379314966,219.26531717854874,13,54.166666666666664,7.647794850154152,12.193655616095976,17.233214109062953,20.9459459047288,75,10
8,22,13.0,59.09090909090909,7,77.28540924737018,148.7634352920145,150.02242255446947,13,59.09090909090909,8.103582097440786,12.681974642906665,19.361637652864836,23.733282925431986,75,10
9,14,4.0,28.571428571428573,7,53.581741866815385,100.51171754413753,116.10758171639134,4,28.571428571428573,5.892704088257857,10.31329538680977,19.509864495592513,22.53053029876031,75,10
10,16,4.0,25.0,7,75.00995659572528,130.01453818579515,154.02427014363641,4,25.0,6.259802785602108,9.956595725285194,18.776560808242582,25.117818639064048,75,10
11,13,6.0,46.15384615384615,7,92.320915366015,170.00933995594806,194.00710619875343,4,30.76923076923077,8.895812687796234,13.223058322684532,23.681111007093097,24.263094739625267,75,10
12,12,3.0,25.0,7,105.01145656886348,207.0105341008265,233.40824528025507,3,25.0,7.582066145420392,11.456568863478703,21.531153124046163,23.336820542510722,75,10
13,9,1.0,11.11111111111111,7,108.90278785412397,182.02100261394997,204.42163072033895,1,11.11111111111111,9.654332447737747,13.898965235075082,21.00261394998766,21.630720338954433,75,10
14,7,2.0,28.571428571428573,7,115.73084125797082,180.02343388197954,180.0262304663141,1,14.285714285714286,11.719094240092366,16.55554368511276,26.173305880251828,26.778351094249608,75,10
15,0,,0.0,7,0.0,0.0,0.0,0,0.0,0.0,0.0,0.0,0.0,75,10
1,42,32.0,76.19047619047619,7,6.012839084620522,13.017925347684828,14.59528017005798,32,76.19047619047619,8.339118759272875,12.839084620522287,23.995585797321947,29.414357548060003,76,10
2,57,44.0,77.19298245614036,7,13.239943113367858,28.015344666311837,30.0092719585778,44,77.19298245614036,7.413943709028966,11.872937929262765,23.539936251034778,27.685248758665615,76,10
3,39,28.0,71.7948717948718,7,20.62770955159776,48.408748120295165,54.494534513956445,27,69.23076923076923,7.866060832181943,12.324936213145998,19.894153648405684,23.105757119427935,76,10
4,37,25.0,67.56756756756756,7,28.38942411142512,57.41141802200377,63.01394337282888,25,67.56756756756756,6.879064662793125,11.045733046742075,20.668445548441987,21.436265006181646,76,10
5,33,24.0,72.72727272727273,7,41.83152138497697,90.00995904106814,96.81125647173764,23,69.6969696969697,8.717365506346605,13.33956679515253,24.353030638102275,28.38360014680392,76,10
6,29,18.0,62.06896551724138,7,61.563148845795034,144.02137604709196,160.81637503438193,18,62.06896551724138,7.187558500854946,11.424707863995152,21.376047091988898,26.60516992420624,76,10
7,24,14.0,58.333333333333336,7,80.22033517291385,196.25966172783583,219.26505074910835,14,58.333333333333336,7.624320930445566,12.001839580517021,25.520540217496343,28.398591610280555,76,10
8,34,24.0,70.58823529411765,7,100.74819173484912,200.00924547368425,216.76695239351875,23,67.6470588235294,8.304858564328958,12.897617202052063,24.827288932716126,26.86429928478801,76,10
9,16,7.0,43.75,7,69.38904265436852,127.51344619655413,145.51298919134877,6,37.5,9.373613434603817,14.042654368534242,22.50639305567298,24.423729342685615,76,10
10,18,10.0,55.55555555555556,7,111.12531778160943,206.02247743866255,233.2133377514068,9,50.0,9.526702821244848,14.206670498306694,24.542978541141196,24.76707206811822,76,10
11,14,5.0,35.714285714285715,7,89.29925613198301,167.51513740094066,193.51810511954338,3,21.428571428571427,8.906169135499749,13.54184626873422,21.316913537947002,22.17730292942639,76,10
12,17,11.0,64.70588235294117,7,194.1318173645527,432.0157078416725,470.411550726337,10,58.8235294117647,9.712379510420364,14.170305729164639,24.42868268518441,25.695032465667285,76,10
13,8,3.0,37.5,7,131.2648548476199,255.51229672928451,275.11368159069025,3,37.5,10.131698428179462,14.854847619895313,23.323815021665176,26.36988103101398,76,10
14,5,1.0,20.0,7,162.01201254814964,252.01393899241342,266.41305509233337,1,20.0,7.478752750466685,12.012548149617203,17.25361771350621,18.137517793531476,76,10
15,2,0.0,0.0,7,225.01423660025876,292.5127373504679,298.51260408381984,0,0.0,9.554638663138972,14.236600258755423,15.735850049626167,15.869116697703566,76,10
1,66,55.0,83.33333333333333,7,7.119313342120809,15.764146041500686,17.009713634775828,53,80.3030303030303,8.692887917979059,13.252736060202308,24.861484164609482,26.979136360052223,77,10
2,73,62.0,84.93150684931507,7,19.656977015735755,50.81308359018733,56.58125252073327,61,83.56164383561644,8.532399913476333,13.14139929739656,23.128424593539247,25.38674663629522,77,10
3,50,38.0,76.0,7,25.851201352429374,60.01226328347832,66.0493548955957,38,76.0,6.721598832557622,11.201352429376405,18.34419820141163,23.670128518965086,77,10
4,52,41.0,78.84615384615384,7,41.20601313384489,94.16070130059933,101.4398621067621,40,76.92307692307692,9.130664165482292,13.705441537196027,23.2336231024021,24.085075137025115,77,10
5,46,34.0,73.91304347826087,7,55.01173424386086,127.51503885527424,135.51523134278892,34,73.91304347826087,7.218989074019484,11.734243860853956,21.61424737531079,23.907379489363638,77,10
6,39,26.0,66.66666666666667,7,70.3972953816465,165.01260403287864,174.31390538613394,25,64.1025641025641,8.388930101608736,12.679997031110698,23.554518066611884,26.01586433811067,77,10
7,33,20.0,60.60606060606061,7,97.73863239922382,235.01443044087148,267.0098279187363,20,60.60606060606061,6.869371118762366,11.359671951080157,18.85640549115271,20.22385675819171,77,10
8,25,16.0,64.0,7,88.0124197040067,195.00968468043405,219.0065629834815,16,64.0,7.858783912718935,12.419704006683224,21.54459886110835,25.33018337806508,77,10
9,18,9.0,50.0,7,86.67902649817677,180.01183265104436,180.01266930105373,9,50.0,7.802900117691981,12.359831510108329,17.326990659452647,19.56224160501493,77,10
10,25,15.0,60.0,7,120.0138188496607,240.00708048333308,270.4145779062443,13,52.0,9.314059391943005,13.818849660684485,24.02453417674691,24.758247338332538,77,10
11,20,10.0,50.0,7,175.012309639569,452.5077043674478,490.5155182740792,9,45.0,7.756051960198832,12.309639568997385,18.72598628026766,26.37427581136993,77,10
12,8,3.0,37.5,7,105.01207484793775,219.01074395072348,235.81101859031074,2,25.0,7.536902131063013,12.07484793775626,20.45557891758843,23.317474486544494,77,10
13,7,2.0,28.571428571428573,7,130.01154583437747,210.01247425170016,210.01253710577532,2,28.571428571428573,7.0431314172847195,11.54583437747075,13.552721744963979,13.694261302675221,77,10
14,9,4.0,44.44444444444444,7,180.01515127628755,324.01580246421895,352.81665308284045,4,44.44444444444444,10.408379038627197,15.151276287515012,23.62665590449765,25.805710125163817,77,10
15,3,0.0,0.0,7,200.0149718045136,285.0193453333426,297.01965250750624,0,0.0,10.240863661796277,14.971804513618585,19.345333342575096,19.65250750624753,77,10
1,64,51.0,79.6875,7,7.544676568844983,19.857041818263905,22.385326574421253,51,79.6875,8.7985714856826,13.42656884498308,22.324777605938078,25.555986391504632,78,10
2,59,48.0,81.35593220338983,7,11.57306844656314,26.011058043591618,28.01809814312593,48,81.35593220338983,9.09710733255222,13.746412664833965,24.11238243417677,27.482758858399457,78,10
3,32,22.0,68.75,7,18.011829890950438,45.81130117410653,50.77155513367625,20,62.5,7.424936669875152,11.829890950435633,23.30659985008614,24.585477334132268,78,10
4,43,31.0,72.09302325581395,7,34.524807418121426,76.31463248280247,88.07511604305336,31,72.09302325581395,8.567972752156585,13.179511144686375,21.57732454790078,24.99527802220561,78,10
5,27,18.0,66.66666666666667,7,36.6796147286363,77.01271602899256,80.01299346643526,17,62.96296296296296,8.490221233855973,12.94806196963229,20.85049514234126,23.507032539859296,78,10
6,36,24.0,66.66666666666667,7,75.01010040614148,168.7635532910045,189.75867578269566,24,66.66666666666667,5.797706406242336,10.100406141476492,18.807201494877717,20.081014716527623,78,10
7,36,25.0,69.44444444444444,7,107.65221544831255,231.2701114307183,266.2645103079399,25,69.44444444444444,8.70522468504262,13.326559423666955,21.44326324719959,28.078433077016715,78,10
8,29,17.0,58.62068965517241,7,72.42615744246149,140.011440641179,168.01179740981482,16,55.172413793103445,7.807107331253357,12.364339013212255,21.26238880862997,24.52322052611766,78,10
9,22,11.0,50.0,7,99.555099965098,238.51041579733808,263.70920451329806,11,50.0,5.269322180365649,9.645419643454723,14.975448885268706,20.84666015549504,78,10
10,29,19.0,65.51724137931035,7,177.94279053256614,424.0196082820027,468.81106459684526,19,65.51724137931035,7.368084388607863,11.756049807507143,19.907985573914353,20.067240450922114,78,10
11,15,8.0,53.333333333333336,7,136.6787270393487,250.0076065893829,250.00888378768877,8,53.333333333333336,7.5233912158657805,12.060372682031772,22.761064260600683,24.62591006978379,78,10
12,9,4.0,44.44444444444444,7,146.68210959744783,276.0149865810002,295.2190653427469,4,44.44444444444444,10.6806035302481,15.442930781171242,20.10664587826187,20.11817264877678,78,10
13,12,5.0,41.666666666666664,7,140.01844512432862,241.5283267635375,272.32702785918497,4,33.333333333333336,13.482791152839477,18.44512432860115,28.031558002878775,29.33046235551904,78,10
14,7,1.0,14.285714285714286,7,141.4381295593859,243.01214549288804,264.6136897308927,1,14.285714285714286,5.187848527084003,9.558130814471351,13.944792433064698,14.049590801731481,78,10
15,2,0.0,0.0,7,225.01021663192944,292.51131907591866,298.51141707093996,0,0.0,5.80248034367172,10.21663192943179,11.319075918669121,11.417070939934662,78,10
1,60,49.0,81.66666666666667,7,8.378532084296967,19.079247585402978,21.418813052324886,49,81.66666666666667,7.5903254080135225,11.86541763030064,20.151891889019332,25.186099024405326,79,10
2,65,54.0,83.07692307692308,7,15.212594644806055,33.60973173877376,38.743492818975795,53,81.53846153846153,8.136947715272857,12.594644806054049,24.54825648343762,26.70313309676942,79,10
3,50,40.0,80.0,7,24.093163202667675,54.212253838556784,62.05588515638524,38,76.0,8.627421150324485,13.163202667675714,23.047461754714835,24.992330399757588,79,10
4,46,34.0,73.91304347826087,7,42.620248421792446,117.26001747334857,129.86365406353352,33,71.73913043478261,7.293095086050516,11.552769618544882,21.764176739449045,25.69529971471426,79,10
5,43,33.0,76.74418604651163,7,53.96493910419442,110.01690534123433,120.0063816027511,32,74.4186046511628,7.128016954207377,11.450732101398224,21.355267939246062,26.503413016234155,79,10
6,36,25.0,69.44444444444444,7,72.09553677202274,153.75667978394227,174.7557891460833,25,69.44444444444444,7.968052865700271,12.203438689399299,22.23250450820462,26.00141533504882,79,10
7,22,14.0,63.63636363636363,7,87.51284218178397,175.01124738930847,194.76875628579967,14,63.63636363636363,8.253116249931054,12.84218178396581,22.013930292725675,22.095448530106633,79,10
8,29,18.0,62.06896551724138,7,82.76984950384335,190.01631413488053,218.01732730397495,16,55.172413793103445,7.004715248049107,11.228814188161573,19.85067563651062,25.770843402361102,79,10
9,15,7.0,46.666666666666664,7,78.01325885495187,189.009668734177,205.8076142611935,6,40.0,8.642030680449212,13.258854951883176,21.431248407915923,21.66527778886881,79,10
10,18,8.0,44.44444444444444,7,95.56783524567622,206.0134486195808,233.21777558025917,7,38.888888888888886,7.935515535290394,12.279690120658998,20.142900425181974,23.49977805112217,79,10
11,13,7.0,53.84615384615385,7,119.2417945687175,200.01655906475526,200.02039471717637,6,46.15384615384615,6.844504291493302,11.02533794824568,22.178851456632575,23.169116866604593,79,10
12,16,7.0,43.75,7,157.51130780839355,375.010881602541,411.00701150553385,6,37.5,7.054307725266387,11.307808393570223,19.29093931274996,21.074544988263337,79,10
13,9,4.0,44.44444444444444,7,155.56913868588344,322.01716172891577,344.4143975216732,4,44.44444444444444,8.944702853510632,13.583130327887893,21.703331547582177,22.216360306009122,79,10
14,7,3.0,42.857142857142854,7,128.58578816498945,243.01258974117923,264.6125602036711,1,14.285714285714286,9.669438160038897,14.359593560867879,20.481808590578463,20.506691671415382,79,10
15,3,0.0,0.0,7,200.01061694057975,285.0134441846809,297.01383996161576,0,0.0,6.1761204596080335,10.616940579745366,13.444184680884279,13.839961615752879,79,10
1,54,42.0,77.77777777777777,7,6.735173296942286,15.007496120482038,16.012755462627226,41,75.92592592592592,8.354754746216681,12.951074720063003,25.239079011186405,26.904417381962848,80,10
2,58,47.0,81.03448275862068,7,13.703515696192186,30.32433460393938,32.88153435738019,46,79.3103448275862,9.203616371681678,13.860523778393775,24.081297395523485,28.177399615202027,80,10
3,64,53.0,82.8125,7,32.263247703532315,75.40912557287456,85.48787106311724,52,81.25,8.689958422030273,13.247703532312809,21.90647053841822,25.482290560137383,80,10
4,32,24.0,75.0,7,38.07613328860958,77.00704588615261,81.83945496216178,24,75.0,8.991519593980009,13.63328860958742,22.6944214768743,26.276908568188492,80,10
5,40,29.0,72.5,7,60.01341631007415,160.51025891031463,176.12120912483866,28,70.0,8.788996153446547,13.416310074149242,26.441201470456875,28.298357587866093,80,10
6,35,23.0,65.71428571428571,7,52.72619808828919,105.01109122339851,114.91293648597302,22,62.857142857142854,7.491924206918517,11.912374003468873,20.188128882508273,23.39519344395245,80,10
7,29,18.0,62.06896551724138,7,82.77150691789824,190.01571805899906,218.01081347975256,17,58.62068965517241,8.294228336999371,12.886228243068976,21.11743282093485,27.395996345563475,80,10
8,27,17.0,62.96296296296296,7,91.67835849486639,217.51196478626954,243.51874367721047,16,59.25925925925926,7.179399141278181,11.691828199725167,19.576495563470118,27.231276610949926,80,10
9,22,13.0,59.09090909090909,7,96.83034993331131,208.51414284121657,233.72123069716253,13,59.09090909090909,7.79366133621117,12.168115129495677,20.667379953360566,22.536730810763856,80,10
10,31,19.0,61.29032258064516,7,158.7218500193408,340.0185544603945,360.01897599535897,19,61.29032258064516,7.869014220679968,12.172599985954717,21.417262081717908,22.023992065150217,80,10
11,22,12.0,54.54545454545455,7,138.64849638189597,297.5136892131808,300.0139301978226,12,54.54545454545455,7.930353526381973,12.132745532349832,22.9384452587436,23.55820453328497,80,10
12,15,8.0,53.333333333333336,7,172.01045300918094,378.0149428720109,411.6104230417489,7,46.666666666666664,6.272011511091654,10.453009180945656,20.508487848814916,26.37780715071733,80,10
13,8,0.0,0.0,7,96.26040668032681,140.01560909862633,140.0164746441081,0,0.0,6.446557764921009,10.40668032680917,18.09911894622606,18.705680132316925,80,10
14,7,1.0,14.285714285714286,7,102.87295476513329,153.02003653777405,174.61689052419862,0,0.0,11.024999503533309,15.811907990413763,25.49312829593318,28.468554221233905,80,10
15,0,,0.0,7,0.0,0.0,0.0,0,0.0,0.0,0.0,0.0,0.0,80,10
1,56,43.0,76.78571428571429,7,6.333449948031317,15.261764140424743,17.461052829592948,43,76.78571428571429,7.620333062623657,12.02137660274727,22.217822766815026,24.664846368402415,81,10
2,67,53.0,79.1044776119403,7,14.638570431774152,33.41095759801678,38.68867723040729,53,79.1044776119403,7.358642099263293,11.704760132361704,19.86519243029789,28.508006499222198,81,10
3,43,32.0,74.4186046511628,7,20.94231501405088,47.610919986543855,50.32832577873185,30,69.76744186046511,7.630829314979,12.082455911345875,21.540283028822035,24.15663817753921,81,10
4,43,31.0,72.09302325581395,7,31.431018636063204,70.0230158314796,81.06810282424289,31,72.09302325581395,8.027097918899816,12.413984900409787,23.683681399636043,27.199896835824617,81,10
5,35,24.0,68.57142857142857,7,46.86997955557779,93.01219596176068,106.61941645806688,23,65.71428571428571,8.247998201232095,12.836698434936796,22.258432769706094,24.006487823527642,81,10
6,34,22.0,64.70588235294117,7,52.51292327399515,105.01460674062916,115.06146701212397,22,64.70588235294117,8.438615523625094,12.92327399514953,22.79774961928527,25.57952437588608,81,10
7,27,18.0,66.66666666666667,7,87.97549474224382,175.01309745112988,193.51165638473202,17,62.96296296296296,8.10167126879154,12.531779280862215,23.416272962999454,24.262201471226543,81,10
8,20,12.0,60.0,7,77.5142314403075,151.26364833817814,170.25936325927506,11,55.0,9.549822467475792,14.231440307499273,23.457005763982988,23.991585206521613,81,10
9,26,18.0,69.23076923076923,7,109.62967838686293,232.51893943198866,240.0227368897365,17,65.38461538461539,9.608001140052533,14.293771478331585,24.86896209816407,26.44800603954846,81,10
10,10,5.0,50.0,7,80.01370460254513,142.01300755712023,156.4091786211365,4,40.0,9.058082600124049,13.704602545146944,22.20510763340145,23.165523710308715,81,10
11,24,12.0,50.0,7,141.68035467601604,342.5095001304434,388.5230423513126,12,50.0,9.198158186850481,13.688009349375726,22.918011809949267,26.226284750243156,81,10
12,16,7.0,43.75,7,138.76316263685004,240.01436867361394,240.01748272474433,7,43.75,8.552222621843644,13.16263685004048,19.355131017865844,21.980475396105266,81,10
13,8,1.0,12.5,7,105.01111835595057,185.51157505363955,205.10898879322025,1,12.5,6.644131573385893,11.118355950572683,16.23164327285707,17.30942663072035,81,10
14,11,3.0,27.272727272727273,7,155.46827001910964,270.0163209662247,270.02309799731836,3,27.272727272727273,9.076714750833593,13.724564564172352,24.847659253098968,24.89198258217081,81,10
15,1,1.0,100.0,7,150.02134203954088,150.02134203954088,150.02134203954088,0,0.0,16.18671407561852,21.34203954086951,21.34203954086951,21.34203954086951,81,10
1,58,46.0,79.3103448275862,7,6.133871108913083,14.16026798832481,16.440569201156215,45,77.58620689655173,8.762899050401973,13.181453740669102,25.009554998457723,27.079113831602232,82,10
2,60,52.0,86.66666666666667,7,14.147017197794963,32.10074280481066,36.83041533988058,51,85.0,9.163176762248016,13.68386446163109,25.41680794250708,27.306969688512368,82,10
3,33,23.0,69.6969696969697,7,16.375969622935344,36.01234318805453,38.740974348684674,22,66.66666666666667,8.004372101713074,12.333259298982643,22.419000532123757,26.29098040282384,82,10
4,31,21.0,67.74193548387096,7,32.978865456977616,73.5100316333262,77.0152393928672,19,61.29032258064516,6.889825264486552,11.12352149374443,20.820750374273594,23.423998052546548,82,10
5,36,25.0,69.44444444444444,7,37.51216453826889,80.01029959076492,86.5221937601888,23,63.888888888888886,7.828035091858173,12.164538268889446,24.792255091759163,26.034325795015828,82,10
6,40,29.0,72.5,7,64.51355854712034,150.75978971617434,174.1743451665833,27,67.5,8.921757377533188,13.558547120337186,23.63326170223185,27.48855001434712,82,10
7,29,17.0,58.62068965517241,7,77.60016779566382,190.0123682072462,218.01540569933672,16,55.172413793103445,9.426046786239116,13.960899112104505,23.755575027513416,24.596908056709264,82,10
8,19,10.0,52.63157894736842,7,65.80190538861048,127.51742749114072,145.51462969923924,10,52.63157894736842,8.066485907945466,12.4317043999657,18.91622592225414,25.631370809549466,82,10
9,22,14.0,63.63636363636363,7,85.92353694874845,150.02694663226885,173.71454530024184,13,59.09090909090909,9.75012522379181,14.446039657555737,25.377831156367673,26.686697234332517,82,10
10,24,13.0,54.166666666666664,7,103.34395134365683,200.01246184594208,230.81052267555856,11,45.833333333333336,6.643808971966888,10.618010323502348,21.254666028159367,23.314016372949656,82,10
11,19,10.0,52.63157894736842,7,150.0155143729188,305.02641164352667,341.0243129186231,9,47.36842105263158,10.747286197634034,15.514372918784549,27.043750145051558,29.496192892683016,82,10
12,11,1.0,9.090909090909092,7,92.73616649121664,150.01382406713452,174.01409741530452,1,9.090909090909092,5.246563599999826,8.893763943902732,13.824067134539657,14.097415304504322,82,10
13,6,1.0,16.666666666666668,7,93.34529438339517,140.0189779091453,140.02087979618045,1,16.666666666666668,8.052938841500163,11.961050061823412,19.642589836391657,21.012732318675184,82,10
14,7,2.0,28.571428571428573,7,128.58697073502393,180.0156202862251,180.0169143845548,0,0.0,10.773225461240527,15.542163595324784,23.775656703718063,24.030801028294093,82,10
15,0,,0.0,7,0.0,0.0,0.0,0,0.0,0.0,0.0,0.0,0.0,82,10
1,60,46.0,76.66666666666667,7,6.729321612710902,17.059217737454166,19.423676419497816,46,76.66666666666667,8.2028048180889,12.654946044233725,21.47207375813592,26.362746706499152,83,10
2,57,44.0,77.19298245614036,7,15.59268269978337,44.409011247846294,48.895104069999334,44,77.19298245614036,9.152264621408264,13.735331362319698,22.942631315642736,26.597679039538548,83,10
3,31,20.0,64.51612903225806,7,15.882449724944204,36.00996581116674,38.80806973627659,19,61.29032258064516,7.224406098323984,11.481983008720201,20.74263814171171,23.958774532088515,83,10
4,29,20.0,68.96551724137932,7,29.70243693825057,63.01253253305511,68.05417740607004,20,68.96551724137932,8.4542093660956,12.781765836778346,24.30562863033968,25.795618931581195,83,10
5,26,15.0,57.69230769230769,7,38.0896008950528,87.5162736328199,97.51567424046966,15,57.69230769230769,8.243299424675397,12.677818129720619,19.369058759064096,25.09759637695748,83,10
6,24,13.0,54.166666666666664,7,45.636993947905445,90.01267495061111,101.57096705397419,13,54.166666666666664,7.461391653263175,11.993947905443514,21.19127013936666,22.88240965268857,83,10
7,22,18.0,81.81818181818181,7,97.74156792793023,175.02307004138493,194.76650102346608,16,72.72727272727273,9.60933510741527,14.295200657511668,24.094587109438102,25.79019099075083,83,10
8,20,13.0,65.0,7,81.2640494210652,176.26772498108386,195.2645156324113,13,65.0,9.566605348339639,14.049421065186781,21.826857144752072,23.641041116500894,83,10
9,17,9.0,52.94117647058823,7,88.24917620823447,186.00952232349417,205.21379508082057,9,52.94117647058823,9.223746401388572,13.882090587414122,21.545257864058197,26.186087582302655,83,10
10,17,9.0,52.94117647058823,7,89.42569360153915,168.02104957895622,193.6173313842993,7,41.1764705882353,9.487052160260681,13.928895656814342,22.033494868961032,22.175910803035297,83,10
11,16,8.0,50.0,7,100.01322246564185,200.01115041201894,200.01435218789607,6,37.5,8.841410641148986,13.222465641857656,22.312094638519465,26.510116769333496,83,10
12,12,5.0,41.666666666666664,7,125.01043640748156,240.00790388823683,240.0088809155122,5,41.666666666666664,6.318741153740387,10.436407481557659,20.22846102678605,20.67358584445242,83,10
13,8,2.0,25.0,7,113.7631637539565,185.51372054796786,205.11368119943543,1,12.5,8.553265306744677,13.163753956495682,21.278538405687478,24.171332561376722,83,10
14,3,1.0,33.333333333333336,7,180.01090584650024,261.0178807439716,268.21818513881584,1,33.333333333333336,7.690286247445225,10.90584650024904,17.880743971620916,18.185138815870385,83,10
15,1,0.0,0.0,7,150.0079873417869,150.0079873417869,150.0079873417869,0,0.0,3.721705355039526,7.9873417869151435,7.9873417869151435,7.9873417869151435,83,10
1,46,32.0,69.56521739130434,7,4.751560337702211,10.01220699332398,10.564649221080717,32,69.56521739130434,8.030630343416158,12.429902919602428,24.375569862438795,27.314986775891263,84,10
2,50,38.0,76.0,7,10.452984141541462,23.11499085986111,25.032606678443152,38,76.0,8.385618658280539,12.984141541463373,22.520280629689893,26.11345410338662,84,10
3,43,31.0,72.09302325581395,7,19.920222255777986,47.611925551873234,54.33452213063161,30,69.76744186046511,8.7164023072139,13.245511591942265,24.094587109438102,24.894531100299037,84,10
4,45,35.0,77.77777777777777,7,39.99039504359801,82.6085792346065,87.93627136360075,34,75.55555555555556,8.126151289323044,12.617265820225107,20.534715479296008,28.43729959640786,84,10
5,28,20.0,71.42857142857143,7,52.5148839758491,126.5164856221476,137.32050552893077,19,67.85714285714286,10.158886136791006,14.883975849106282,23.65999693046805,24.59583180044255,84,10
6,24,14.0,58.333333333333336,7,46.88824111653194,102.76364207603089,105.01413018894483,13,54.166666666666664,8.625473992800321,13.241116531933857,27.161138468897267,29.17320823110142,84,10
7,23,14.0,60.869565217391305,7,81.53361005242674,150.02379810311666,169.51685838632554,13,56.52173913043478,7.346561717560428,11.870921991961042,24.639539739830717,25.5025689640738,84,10
8,26,16.0,61.53846153846154,7,79.822544467793,168.76693673799713,193.7619606404553,16,61.53846153846154,10.129189951318837,14.852160100692771,23.05177266492244,25.752010951355324,84,10
9,21,13.0,61.904761904761905,7,91.44054917889204,180.00942431715322,204.01507442869146,13,61.904761904761905,7.979633190228691,11.977750320600066,24.894531100299037,26.20189495115456,84,10
10,20,10.0,50.0,7,104.01174965057051,200.01037033532958,200.0132632396235,10,50.0,7.233369389747887,11.749650570505285,18.770150448395515,18.7713646785735,84,10
11,10,4.0,40.0,7,90.01516333946536,150.01455246205447,150.01751948243245,2,20.0,10.419638568396454,15.163339465350722,23.54470617550165,23.739531152801817,84,10
12,6,1.0,16.666666666666668,7,90.01424771720241,120.02451621028487,120.02675136768207,1,16.666666666666668,9.565014996787928,14.247717202416062,24.516210284880042,26.751367682074644,84,10
13,6,0.0,0.0,7,93.34533939454933,140.01049931400937,140.01068665350547,0,0.0,7.47269797591147,12.006061215996388,16.13866425967756,16.139809383484835,84,10
14,4,0.0,0.0,7,112.51638204148927,166.51736581591686,177.31736581591687,0,0.0,11.55715074842921,16.382041489257013,17.365815916877555,17.365815916877555,84,10
15,1,0.0,0.0,7,150.00650451837785,150.00650451837785,150.00650451837785,0,0.0,2.3376675381234415,6.504518377859511,6.504518377859511,6.504518377859511,84,10
1,50,39.0,78.0,7,4.8725468266331,11.016881632988943,12.017583563221265,37,74.0,8.276119260933173,12.546826633099132,22.323958430574642,25.095297550622224,85,10
2,53,41.0,77.35849056603773,7,12.163332152965154,26.01524330724654,28.971324216987252,41,77.35849056603773,7.829898349604948,12.388756738736012,20.418847248681118,23.859394053582218,85,10
3,34,23.0,67.6470588235294,7,19.189388018354254,37.41792330526848,42.68936300397772,23,67.6470588235294,8.323351546094834,12.917430118961212,20.061449405056297,22.47833387716665,85,10
4,32,21.0,65.625,7,28.669590670959835,59.16450017075214,63.008769450779994,21,65.625,8.718396111652321,13.34067095983223,22.51965956694206,24.032948378783512,85,10
5,27,16.0,59.25925925925926,7,31.49425076429366,60.020462208079515,67.4241832818441,16,59.25925925925926,8.18507380256491,12.769282812181373,22.936500549390786,25.589027900036616,85,10
6,26,15.0,57.69230769230769,7,50.20467079422554,116.2704972615023,131.26235116004824,14,53.84615384615385,8.093146518698903,12.363101917846867,24.511563866720696,24.779960617183917,85,10
7,19,8.0,42.10526315789474,7,71.0640342141298,177.51404005069534,195.51096670765298,8,42.10526315789474,6.9094721426518,11.402635182448245,15.18389449428031,19.447108852155754,85,10
8,17,7.0,41.1764705882353,7,52.95404386597253,105.01055323811681,121.01557778410171,5,29.41176470588235,8.496268961891358,12.867395384289551,25.185719616305303,26.11752286752535,85,10
9,15,5.0,33.333333333333336,7,58.01189107074209,99.01391480616695,115.81290401399423,4,26.666666666666668,7.365368159354192,11.891070742083325,17.598271415934384,23.353458356594203,85,10
10,19,10.0,52.63157894736842,7,120.01278490624757,284.00948409535226,312.80737935161636,10,52.63157894736842,8.19965640578153,12.78490624757475,22.926658694340336,27.11735532515669,85,10
11,14,4.0,28.571428571428573,7,92.87021362406381,167.52178363658206,193.5107466007459,4,28.571428571428573,8.466473061040702,13.070766920967184,23.897921136202168,28.1495127892877,85,10
12,11,3.0,27.272727272727273,7,114.55684044032628,180.01186154873247,180.01217376394376,3,27.272727272727273,6.893847070255427,11.385894871718039,14.65459703511086,16.576820465941847,85,10
13,11,4.0,36.36363636363637,7,127.2850468017998,245.007146548241,273.00614085564126,2,18.181818181818183,7.765282625692706,12.319529072526974,20.820750374273594,21.380507200568065,85,10
14,5,1.0,20.0,7,108.0139884759637,162.0102028266538,176.4072787728946,0,0.0,9.323044391334765,13.988475963712919,22.77683263769395,24.41384288742877,85,10
15,0,,0.0,7,0.0,0.0,0.0,0,0.0,0.0,0.0,0.0,0.0,85,10
1,49,38.0,77.55102040816327,7,6.298994304333339,13.012208014910433,14.529504200107526,37,75.51020408163265,8.890367299803653,13.28001861905377,23.10127276465485,26.52634933444578,86,10
2,45,34.0,75.55555555555556,7,11.790975578040898,26.022524031486345,29.131973960021938,33,73.33333333333333,8.66801056810385,13.19780026312097,24.527034571075284,24.867877510025203,86,10
3,47,34.0,72.34042553191489,7,19.502145190236856,42.81085554123377,50.17691532269316,34,72.34042553191489,8.198332743683329,12.783488109196664,22.76015675342964,25.718784599593825,86,10
4,35,26.0,74.28571428571429,7,28.814965170244218,65.10795079892193,74.63265470929473,25,71.42857142857143,10.2346713669581,14.965170244215253,26.584750836236605,27.582967420153434,86,10
5,39,28.0,71.7948717948718,7,48.475157191462664,131.0135391270573,146.21573293598036,26,66.66666666666667,8.977930807199975,13.618729924201935,21.787746936196125,23.217987843606146,86,10
6,30,19.0,63.333333333333336,7,70.5119177854232,188.26114011165558,205.6619448626128,19,63.333333333333336,7.390303110268601,11.917785423190757,19.360807536925126,23.2693705949661,86,10
7,22,14.0,63.63636363636363,7,68.19674947405652,125.01199183660044,144.75817049551748,12,54.54545454545455,10.203050311468962,14.931292238336177,24.61967573212999,24.790175041866867,86,10
8,20,12.0,60.0,7,73.76419680759349,176.2643017069792,195.2617907138478,10,50.0,9.517496982467538,14.196807593498644,21.787746936196125,21.787746936196125,86,10
9,19,10.0,52.63157894736842,7,83.69754141186044,183.01874418522556,204.61113931723722,9,47.36842105263158,8.709262600147945,13.330885544650622,25.197270770614182,27.31556373507719,86,10
10,24,14.0,58.333333333333336,7,135.01318217518414,280.01941060800175,310.82629992069724,14,58.333333333333336,8.570459313507806,13.182175184161729,25.02612654417183,27.256959361630937,86,10
11,19,11.0,57.89473684210526,7,128.96140838554643,305.0113018500061,341.00763945348575,10,52.63157894736842,9.567603826451867,14.039964493807565,24.870616556214404,28.698274066186165,86,10
12,11,1.0,9.090909090909092,7,87.28728289208965,120.01652800076242,120.01818733901355,0,0.0,9.852404736321487,14.55561936238182,22.178308299494788,25.03921607801229,86,10
13,4,1.0,25.0,7,87.51388639314361,129.52072441494295,137.92157508053754,1,25.0,9.227762321587216,13.886393143606348,20.72441494299002,21.575080537554904,86,10
14,10,3.0,30.0,7,180.01172968309652,319.5136690543168,351.91148055625206,3,30.0,7.58808417536773,11.729683096514755,18.695395639221456,18.756413716738688,86,10
15,0,,0.0,7,0.0,0.0,0.0,0,0.0,0.0,0.0,0.0,0.0,86,10
1,39,32.0,82.05128205128206,7,5.476715873896515,12.108510706852293,13.630673162426936,30,76.92307692307692,10.432773925968581,15.177412358053658,23.524460742347447,28.0832446674248,87,10
2,46,32.0,69.56521739130434,7,9.923881491847641,21.506901157289235,23.106241938785196,32,69.56521739130434,6.625956051286901,10.838013586772203,20.384838459088577,22.93957242681055,87,10
3,33,20.0,60.60606060606061,7,14.800126997925176,29.61601639708453,32.01688672464263,20,60.60606060606061,7.811851846250246,12.248210046387982,19.643984509747142,22.701242462059813,87,10
4,25,16.0,64.0,7,22.97390922768334,47.61014177830915,54.34461842116807,16,64.0,9.249075625869699,13.909227683333599,26.23516170966158,28.610184077169567,87,10
5,33,23.0,69.6969696969697,7,45.770876742562436,100.01141754188394,106.80966733636313,22,66.66666666666667,8.681354015266692,13.300984986681948,22.39563850006686,23.755471825197503,87,10
6,32,23.0,71.875,7,65.16914704742322,141.7678310332294,160.36443547640903,23,71.875,8.420999252836648,12.897047423219554,21.731694874984058,23.53373056992634,87,10
7,22,14.0,63.63636363636363,7,85.23980620655144,173.76372617077354,175.01681754320293,13,59.09090909090909,7.964979484057292,12.533479278712587,19.993748092676878,23.835666817086512,87,10
8,13,4.0,30.76923076923077,7,50.012139736960314,85.0200385793903,97.01803587113542,4,30.76923076923077,7.597468251458135,12.13973696031034,19.204117617472907,21.206825872362085,87,10
9,17,11.0,64.70588235294117,7,90.01392794808811,186.01321886988524,205.21189023024755,10,58.8235294117647,9.266548878592255,13.927948088117834,25.7009585004018,28.510120262127636,87,10
10,20,12.0,60.0,7,114.01452228468352,240.00673566529784,240.00809648054852,11,55.0,10.007966825382749,14.522284683518516,24.810285162000465,27.23816661335444,87,10
11,14,6.0,42.857142857142854,7,114.29836565235897,200.00884257451267,200.0092508634657,6,42.857142857142854,8.075013201931672,12.65136664469013,23.290549802971697,23.39145653587242,87,10
12,7,2.0,28.571428571428573,7,94.2994039783019,162.01549310511396,176.41400791333453,1,14.285714285714286,9.044165942912219,13.68969258760295,21.011786826201664,21.41871449095368,87,10
13,7,1.0,14.285714285714286,7,100.01315951665458,140.01883142254425,140.0211322868577,1,14.285714285714286,8.549310293596081,13.15951665458949,20.996501958945743,21.565302740656655,87,10
14,3,1.0,33.333333333333336,7,90.00945713616976,90.02026733839989,90.02148366522894,0,0.0,6.338088898174335,9.457136169754207,20.26733839988316,21.483665228933532,87,10
15,2,0.0,0.0,7,150.0039219077932,150.00745162480712,150.00776537743056,0,0.0,1.7938704300158352,3.921907793218524,7.451624807115195,7.765377430572677,87,10
1,45,36.0,80.0,7,6.546670034256444,14.009433128345131,15.013320573348455,35,77.77777777777777,8.714690558499873,13.336700923110117,22.945216144301394,25.128060563051655,88,10
2,37,26.0,70.27027027027027,7,10.119625146650572,22.413097240790385,24.013673630168476,26,70.27027027027027,7.016253958797655,11.517038542462899,18.084513275251496,20.525322457764602,88,10
3,31,22.0,70.96774193548387,7,20.789431849612733,54.014128384510485,58.80906257539092,20,64.51612903225806,10.610042519469356,15.23830122564091,24.924515066039884,26.14283907562403,88,10
4,36,25.0,69.44444444444444,7,29.1794836277313,64.76014519900127,74.56320904234582,23,63.888888888888886,8.436993526438194,12.816961064640175,24.67276479897722,26.229601732095002,88,10
5,26,15.0,57.69230769230769,7,35.39626618478494,77.52011194426626,87.51290511202616,15,57.69230769230769,7.2847013294171195,11.650800169552193,25.72812194883794,28.58786338520479,88,10
6,25,14.0,56.0,7,61.211981796202025,162.00700155651137,176.40772271487052,13,52.0,7.74873111779094,11.981796202028832,20.726244552640775,25.350367846138198,88,10
7,20,13.0,65.0,7,93.76248542314775,201.26270240890275,220.2600799355031,13,65.0,7.92012484919667,12.485423147757889,23.756209439604724,28.838684751593636,88,10
8,23,13.0,56.52173913043478,7,75.01485539582188,150.01681862795004,169.52259945828396,12,52.17391304347826,10.294537077633747,14.855395821882036,25.58845743132131,26.828467540995092,88,10
9,14,3.0,21.428571428571427,7,53.585504922347084,90.0258257340265,90.028034599786,3,21.428571428571427,9.405065122775467,14.076350918516637,25.82573402650169,28.03459978600203,88,10
10,12,8.0,66.66666666666667,7,86.6798465949936,178.01377203629966,195.6186143388365,6,50.0,9.190615521553383,13.179928326926406,22.252371954097498,22.556255006934148,88,10
11,14,5.0,35.714285714285715,7,107.15491440643629,200.01020204885538,200.01400634431266,5,35.714285714285715,7.7871692611238,12.057263579154945,18.120840767231464,19.084918517692877,88,10
12,10,5.0,50.0,7,126.01421629273905,273.0189337915673,294.6166699749573,4,40.0,9.535684028960024,14.216292739027924,22.25231279737473,22.36438278131194,88,10
13,4,0.0,0.0,7,87.50974004576611,129.51267568086973,137.91220617853367,0,0.0,5.35764431732549,9.740045766109152,15.414444496915817,15.883946833000035,88,10
14,9,1.0,11.11111111111111,7,130.01241524763495,234.01020346435936,262.80926983479947,1,11.11111111111111,7.854624424161094,12.415247634951264,17.531098819046967,18.716514716779322,88,10
15,2,1.0,50.0,7,150.01254692395915,150.0193636413032,150.01996957173378,0,0.0,7.97752848081167,12.546923959139756,19.36364130317893,19.96957173376019,88,10
1,52,40.0,76.92307692307692,7,6.108919468196159,13.0103019857912,14.50300995630593,40,76.92307692307692,8.325253846733013,12.765622042314162,21.11780742017054,23.421836063815974,89,10
2,46,35.0,76.08695652173913,7,13.6209875568342,35.510774220845875,39.107718965744894,35,76.08695652173913,7.982989002840741,12.291904660288935,22.090521567965407,22.827002149642592,89,10
3,44,32.0,72.72727272727273,7,21.74054536253477,51.411111775278705,58.289667918367506,32,72.72727272727273,8.654892947307973,13.272635262044206,21.615439799569945,24.78962185840419,89,10
4,27,16.0,59.25925925925926,7,24.641379109587906,49.016744557770764,54.19173238103408,16,59.25925925925926,7.371488672538068,11.749479958274188,20.19320863513169,27.72894135179386,89,10
5,25,16.0,64.0,7,47.21053604343319,98.0104404837456,107.62003961594604,16,64.0,6.249953486463942,10.536043433182797,21.408875111408136,23.811503407268138,89,10
6,26,14.0,53.84615384615385,7,51.35888028925471,116.26271777269015,120.01846352609475,14,53.84615384615385,8.288685003632278,12.72644310086538,21.728882644295812,27.462186723557785,89,10
7,21,12.0,57.142857142857146,7,73.82153325676799,150.0090681297313,150.01300630410984,11,52.38095238095238,7.475858427131158,12.009447244177448,21.34203954086951,24.126884268063886,89,10
8,20,10.0,50.0,7,76.26147112886893,176.26065192896536,195.26111210653102,9,45.0,7.160078798461443,11.471128868934136,19.577932089587243,20.140375391934775,89,10
9,11,4.0,36.36363636363637,7,76.37556654119341,165.0099291670524,177.00866318763372,4,36.36363636363637,7.401869681030499,11.93017755704622,16.864979427594264,18.211212110547695,89,10
10,16,6.0,37.5,7,85.01056078736106,170.01482001009595,194.01202825504222,5,31.25,6.357053181873688,10.560787361069217,17.293858267559727,20.439338825743945,89,10
11,15,7.0,46.666666666666664,7,103.3455402797375,165.0166157433473,193.0100724961584,6,40.0,7.660200206869104,12.206946404187018,23.295151668821276,24.574655214003485,89,10
12,5,1.0,20.0,7,96.01191165473823,168.01009085193505,177.6101860269959,1,20.0,7.38458085111659,11.91165473823434,17.687870816136904,18.419313024305705,89,10
13,4,0.0,0.0,7,87.51157928180517,129.51097006473728,137.90973346667002,0,0.0,7.07435057967925,11.57928180516667,18.183553463071693,19.420151530346846,89,10
14,6,2.0,33.333333333333336,7,135.01371688926005,247.51319082874176,265.5116797642919,1,16.666666666666668,9.069550774923806,13.716889260036076,20.85466491256617,21.387290108226583,89,10
15,0,,0.0,7,0.0,0.0,0.0,0,0.0,0.0,0.0,0.0,0.0,89,10
1,41,31.0,75.60975609756098,7,3.9886009145398664,8.006565002827948,8.612322335556597,29,70.73170731707317,8.483229563893742,12.991158442305638,24.792255091759163,27.797073150770338,90,10
2,43,31.0,72.09302325581395,7,8.525061896596917,17.814822927653694,19.1779962899046,31,72.09302325581395,8.979149995338476,13.43398962017162,22.281311667110156,27.693943693458316,90,10
3,27,15.0,55.55555555555556,7,12.605246583200913,26.811702328357125,30.96858098690981,14,51.851851851851855,8.07746235728946,12.653990608322166,21.763673736162602,24.033904836309222,90,10
4,37,29.0,78.37837837837837,7,29.52680115510976,63.00742281349412,67.49227085489471,26,70.27027027027027,8.769805514049146,13.287641596240967,25.705473757605684,27.231041619399846,90,10
5,27,18.0,66.66666666666667,7,38.16078382033652,80.01780255554172,87.41099106818426,18,66.66666666666667,8.060364309198189,12.635672188370757,21.87004951144814,27.705521556859097,90,10
6,17,11.0,64.70588235294117,7,37.95574711279884,75.01334098016068,75.01873192067706,8,47.05882352941177,9.86642676344025,14.570642210601711,24.590600578454374,25.39573056516525,90,10
7,19,8.0,42.10526315789474,7,68.43288898815396,152.51611156652743,170.5082272610889,8,42.10526315789474,7.510800113602587,11.836356575028878,18.8615082893188,19.51985990562969,90,10
8,18,9.0,50.0,7,77.79283371318132,178.76465120961208,195.76313151778083,9,50.0,10.526807550967147,15.055935403541623,29.020153221044893,29.891473507881678,90,10
9,13,4.0,30.76923076923077,7,62.31787688702337,132.01321318064402,146.4190529660821,4,30.76923076923077,6.346950822374982,10.184579331058002,17.500862891105196,19.910502531520724,90,10
10,14,7.0,50.0,7,111.44203214248081,254.01596448320544,274.8132588330725,7,50.0,8.830441808292871,13.460713909404777,21.289239875410054,22.40198236058894,90,10
11,9,0.0,0.0,7,72.23378211231261,100.01434753833321,100.01499161315894,0,0.0,7.056250739582755,11.55989009038315,17.954017776240327,19.448090262034384,90,10
12,11,4.0,36.36363636363637,7,114.55650296837521,210.01321382418524,234.01224282195403,4,36.36363636363637,6.578857477075615,11.04842292068662,19.661054037308926,23.847835687701018,90,10
13,10,3.0,30.0,7,154.0115027619591,318.5151698957176,343.71758075586894,3,30.0,7.0029284803990395,11.502761959074189,17.34924260109917,18.016625245612975,90,10
14,4,1.0,25.0,7,157.51428315795908,256.51570572302074,267.31594220253777,1,25.0,9.598094692734758,14.283157959102681,17.645902439850023,17.878078443072933,90,10
15,2,1.0,50.0,7,150.0164358222529,150.021194988846,150.02161802587648,0,0.0,11.607348641343098,16.435822252895278,21.194988845985858,21.618025876482797,90,10
1,44,32.0,72.72727272727273,7,5.807929042856883,13.867701066631755,15.580516701655087,32,72.72727272727273,7.994779709784533,12.474497402337237,21.85363528889247,26.985241903335595,91,10
2,49,36.0,73.46938775510205,7,12.258720829156875,28.015577567628146,31.052215740907993,36,73.46938775510205,9.168471060365555,13.822869973200635,24.15700695912797,26.323420440527965,91,10
3,47,36.0,76.59574468085107,7,21.287954919298315,44.00801325436492,46.176152065485475,35,74.46808510638297,6.868906917478976,11.359174617466065,20.90838664561976,24.968369528859704,91,10
4,42,29.0,69.04761904761905,7,42.8447207736943,111.66720357110758,123.14930539265004,29,69.04761904761905,6.984182939092265,11.387440360968347,19.279798240344874,24.2423881499312,91,10
5,29,19.0,65.51724137931035,7,40.70166448607015,86.01258495132556,97.21144286730835,18,62.06896551724138,7.6044758175065565,12.00931365636074,23.20423448039413,24.774784437262486,91,10
6,28,14.0,50.0,7,46.08105546158537,99.76665341856074,115.96250090919067,14,50.0,5.652047156698049,9.626890156801094,17.05423226244595,17.96270405947818,91,10
7,32,21.0,65.625,7,112.51153727346744,286.2600118342012,317.25715509272806,20,62.5,7.15181334320471,11.537273467447713,22.28432288362793,26.473913693356085,91,10
8,26,17.0,65.38461538461539,7,83.66622023599214,168.7618749368147,175.0177020672257,16,61.53846153846154,7.81620137721436,12.374082146000385,21.209979254221064,22.683896250653515,91,10
9,9,2.0,22.22222222222222,7,46.68155728119138,78.02260849455531,87.6224356191329,2,22.22222222222222,10.165082544289952,14.890614524711232,22.71654169432965,22.88941711674747,91,10
10,23,14.0,60.869565217391305,7,133.92593385453887,280.0278174026859,311.22409011900385,13,56.52173913043478,8.460426998760461,12.890376277981039,22.323910543175053,28.411584853086065,91,10
11,9,4.0,44.44444444444444,7,105.56790660117781,230.016469741844,246.01798074261964,3,33.333333333333336,8.209535131614269,12.351045622255326,20.400620957395244,21.489755967452556,91,10
12,8,3.0,37.5,7,142.51111078929506,279.01403595010487,295.81520145390687,3,37.5,6.637069007946369,11.11078929507114,15.417351591986156,15.47773420433771,91,10
13,11,7.0,63.63636363636363,7,171.83137342158923,315.0141178864776,343.0157067939394,5,45.45454545454545,8.579259429197172,13.191603407427811,24.474502279000554,27.957260629076597,91,10
14,4,0.0,0.0,7,135.01409056071222,180.01672332743394,180.01718544130085,0,0.0,9.418328261006437,14.090560712213062,17.209478874208536,17.282671588894665,91,10
15,1,0.0,0.0,7,150.0179991168928,150.0179991168928,150.0179991168928,0,0.0,13.066496701316389,17.999116892797225,17.999116892797225,17.999116892797225,91,10
1,111,99.0,89.1891891891892,7,10.867744699148323,25.51128210759409,27.910421284132852,99,89.1891891891892,7.430559737931286,11.888843292467312,20.662572818088947,25.494862145873963,92,10
2,137,126.0,91.97080291970804,7,26.917937295051622,62.01669413006849,69.2915095647956,124,90.51094890510949,8.266950153022576,12.82780600052859,23.507591910925495,28.61740687837112,92,10
3,98,86.0,87.75510204081633,7,41.4825560745025,100.01123891515824,108.01520726653413,85,86.73469387755102,8.671818038256415,13.16831940045825,23.286226713556953,27.838104623048274,92,10
4,85,72.0,84.70588235294117,7,62.27222637228971,140.0070622439815,162.1311811902295,72,84.70588235294117,8.82034990889651,13.402842877940103,24.66506603564668,28.18258781122512,92,10
5,64,50.0,78.125,7,58.29356788811044,128.5105014177974,143.71472288752042,50,78.125,7.997096001811473,12.317888110437547,23.218655722719607,24.55796801536574,92,10
6,67,55.0,82.08955223880596,7,107.47506121133992,265.51652038780674,305.114409036432,53,79.1044776119403,7.872450147834238,12.374644175735607,21.48525649867191,22.42146334034504,92,10
7,64,52.0,81.25,7,157.82543519397296,346.26383514592237,375.0117782041325,52,81.25,8.456604482085753,12.93519397295257,22.267341911561562,28.514856019162814,92,10
8,49,38.0,77.55102040816327,7,144.91131207911621,340.01168304045484,388.01412465155454,37,75.51020408163265,8.882194783171128,13.352895442739896,21.422724057064503,25.998199379358613,92,10
9,39,29.0,74.35897435897436,7,128.47577439555593,270.00856262919694,288.6103020508651,28,71.7948717948718,9.554016806812864,14.235934017482137,24.008697159819512,24.692654223452898,92,10
10,31,21.0,67.74193548387096,7,144.52872035780427,300.0154196201285,348.01303434719233,19,61.29032258064516,8.139408175268372,12.591325546203853,21.295118548370418,24.45423322414891,92,10
11,32,18.0,56.25,7,159.38747898795185,322.5120276698988,384.50953643279837,18,56.25,7.914118365578278,12.47898795183578,19.541535029043803,26.921142955826955,92,10
12,20,9.0,45.0,7,156.01024760846502,303.00834313035824,348.609524026834,9,45.0,6.0180692385942605,10.247608465055569,18.0920812993284,19.079166624112265,92,10
13,12,5.0,41.666666666666664,7,140.0111459672311,241.518353441127,272.3263452378322,4,33.333333333333336,6.9810300822339535,11.14596723110038,23.821014041577357,27.43875241507874,92,10
14,13,6.0,46.15384615384615,7,221.55137502032585,486.01202693785035,529.2100757498795,6,46.15384615384615,8.606860191484913,12.913481864296863,23.403390651686774,23.54462333424819,92,10
15,4,0.0,0.0,7,187.51112192350456,277.5131848757742,295.51319122557265,0,0.0,6.6474614571997765,11.121923504586245,13.184875774259242,13.191225572746731,92,10
1,46,32.0,69.56521739130434,7,4.816791411122104,10.006940977108764,11.01905587093372,32,69.56521739130434,8.04340095737705,12.443585035147084,22.797577048588003,28.609806772931915,93,10
2,43,31.0,72.09302325581395,7,9.03544098187518,19.81038085969643,23.165501922402797,30,69.76744186046511,7.72669865835483,12.185167921690532,23.518184420840118,25.841050766168514,93,10
3,31,18.0,58.064516129032256,7,13.173171762851611,28.015891633760916,30.815248634665142,18,58.064516129032256,7.597251545604793,11.881440270964447,19.63393106793874,19.796230443622164,93,10
4,29,16.0,55.172413793103445,7,20.53123232273255,42.01523613065322,47.051855821298496,16,55.172413793103445,9.325347467917403,13.99094342220852,22.919990217387614,25.68112381426043,93,10
5,31,20.0,64.51612903225806,7,41.3030126680347,85.01374727811316,90.01284049174349,20,64.51612903225806,8.111154373457161,12.69008738953806,21.33669324740895,26.18863611526436,93,10
6,26,15.0,57.69230769230769,7,43.860787590322076,86.2633900684327,90.01519937001409,14,53.84615384615385,9.92532487304602,14.633744168225357,24.38098260189904,25.202699007008473,93,10
7,24,14.0,58.333333333333336,7,72.9285800874941,150.0115181569994,169.25953395154548,13,54.166666666666664,7.541792628523889,11.913420827428505,21.51048873950381,21.762039719966882,93,10
8,18,9.0,50.0,7,68.06629257007425,128.7629089788376,145.76511851387903,9,50.0,6.495612874375997,10.737014518685315,15.670897639430303,15.670897639430303,93,10
9,5,0.0,0.0,7,36.013468460085114,54.014745024883126,58.81382884226869,0,0.0,8.8376719343213,13.4684600851193,18.51342645840768,19.163435655928122,93,10
10,16,7.0,43.75,7,102.51119943288121,210.00229106146594,234.00778960898415,7,43.75,6.953152181984667,11.199432881210239,16.498059552988263,17.733623196200966,93,10
11,15,6.0,40.0,7,110.01154027143731,200.01235448759925,200.01879828387035,6,40.0,7.037939079785744,11.540271437284366,19.231626347430264,20.173711619996016,93,10
12,11,4.0,36.36363636363637,7,87.28586052625592,150.0156680312789,174.01098609917634,2,18.181818181818183,8.524796815257794,13.133253528630705,23.71928805415952,23.970216313858714,93,10
13,3,2.0,66.66666666666667,7,140.0128970477102,203.0104535288323,208.60945317557864,2,66.66666666666667,8.304327011983602,12.897047710199166,20.457061369000453,21.4574146226676,93,10
14,3,1.0,33.333333333333336,7,120.01914874991087,171.02288390386812,178.22331424962468,1,33.333333333333336,14.139541247850962,19.148749910850388,22.88390386813479,23.314249624679736,93,10
15,2,0.0,0.0,7,150.01051879560822,150.0135595747101,150.0138298661858,0,0.0,6.084513899228872,10.518795608204082,13.559574710082092,13.829866185804583,93,10
1,36,23.0,63.888888888888886,7,4.262097636486874,9.26317002341401,10.013559733841287,23,63.888888888888886,7.5581725086267415,12.09763648687353,18.937554614865093,20.64152573786259,94,10
2,38,27.0,71.05263157894737,7,8.328335643548685,20.310724842199832,23.26307481962171,25,65.78947368421052,8.271576224841704,12.546169864473784,21.897893575073283,26.22842765857842,94,10
3,30,20.0,66.66666666666667,7,20.545123977481808,50.20961267068916,54.84644912077811,19,63.333333333333336,7.271631978408815,11.79064414847262,21.665196047665827,22.136854969202382,94,10
4,32,22.0,68.75,7,37.19925497536364,94.15736700637099,102.83897418298459,21,65.625,7.23833944553664,11.754975363641572,19.82510552170488,23.143209714203696,94,10
5,28,18.0,64.28571428571429,7,40.01221625226596,96.50986379775914,107.30847595899581,16,57.142857142857146,7.8022261227331535,12.216252265954296,22.624952838014163,23.803229661559097,94,10
6,17,10.0,58.8235294117647,7,48.543054814646304,93.02262956141674,102.61616237836908,10,58.8235294117647,9.000630625634118,13.643049940421188,24.96862912260183,25.986462733653358,94,10
7,12,5.0,41.666666666666664,7,54.18099443408811,111.27066579392586,122.26959390914944,5,41.666666666666664,9.63973227580763,14.327767421447085,25.114706662133372,28.392869894473954,94,10
8,12,4.0,33.333333333333336,7,52.09475580116782,100.01050574407581,100.01409029741623,4,33.333333333333336,6.927983544803799,11.422467834497155,15.863481435271368,16.558534348057492,94,10
9,9,3.0,33.333333333333336,7,60.011077298602345,108.01072367966572,117.61030343344702,3,33.333333333333336,6.605809462840196,11.077298602350657,16.805347925653585,17.613928264586463,94,10
10,11,6.0,54.54545454545455,7,76.37864026026794,140.016753441768,156.01339294378892,4,36.36363636363637,10.270817805101816,15.003896631585876,26.865506815517186,28.435461536379922,94,10
11,17,9.0,52.94117647058823,7,150.00930743892712,310.0097998533584,342.0110015692152,9,52.94117647058823,5.173476555720552,9.307438927116316,15.188120695728164,15.926368755759468,94,10
12,9,2.0,22.22222222222222,7,106.6782575867529,180.01692688154264,180.01882695487734,2,22.22222222222222,7.0852135192766355,11.59092008623767,17.03683613639004,18.848945796089662,94,10
13,5,0.0,0.0,7,98.01450536894802,140.01169248722644,140.01197986628256,0,0.0,9.805502001057866,14.505368948016265,18.258126027237235,18.7292645607401,94,10
14,4,3.0,75.0,7,157.5211658943236,256.5159746810383,267.3139792049148,2,50.0,16.022303640442296,21.165894323598245,29.072326727149687,29.901908209102636,94,10
15,1,0.0,0.0,7,150.00898306749656,150.00898306749656,150.00898306749656,0,0.0,4.651095887317423,8.983067496554403,8.983067496554403,8.983067496554403,94,10
1,20,9.0,45.0,7,2.8132561850873565,6.072694784617629,6.821721925875295,9,45.0,8.63953868211109,13.2561850873564,20.916457857380443,22.916638146754163,95,10
2,24,13.0,54.166666666666664,7,6.92946166755528,15.727847667997244,17.55482194562163,13,54.166666666666664,8.209078542537531,12.79500088861299,23.239866957697615,28.732966671730914,95,10
3,27,18.0,66.66666666666667,7,14.68141257320925,28.018641003723157,30.972280395257282,18,66.66666666666667,10.168293526687293,14.745906542580697,24.485672849681496,28.88573432926746,95,10
4,24,18.0,75.0,7,24.223840687225533,47.961708595664604,54.39781851043732,15,62.5,10.740734778108084,15.507353892196626,24.621097431014274,27.132248920109195,95,10
5,13,4.0,30.76923076923077,7,18.47379805296196,34.0168891157392,38.81336615726144,4,30.76923076923077,7.709338018662506,12.259591423496804,21.20922738222588,22.870402876086985,95,10
6,24,18.0,75.0,7,52.51332165294348,102.75823256784598,105.0100060446166,17,70.83333333333333,8.8562084191745,13.321652943478602,24.03984046330852,27.038724886918224,95,10
7,20,11.0,55.0,7,63.76131989503551,126.26391382669983,145.26213796395257,10,50.0,7.018920152481327,11.319895035514541,23.756209439604724,28.838684751593636,95,10
8,8,2.0,25.0,7,46.886586379625726,91.26355922890588,98.26476102517749,2,25.0,7.080975543923973,11.586379625721978,15.06147424539539,15.06147424539539,95,10
9,10,3.0,30.0,7,48.014558070946656,76.51945995202806,87.31862629351441,2,20.0,9.854692996223053,14.558070946656887,21.28786792562782,21.650663453970342,95,10
10,13,5.0,38.46153846153846,7,92.31896768476703,176.01473274324204,195.21618634758903,5,38.46153846153846,6.790691961194162,11.275377074725643,16.003938728265577,16.440586686318966,95,10
11,5,1.0,20.0,7,60.016907892940665,90.02771669166177,98.02957645421692,1,20.0,12.047970012804724,16.907892940666887,27.716691661774433,29.57645421693291,95,10
12,10,3.0,30.0,7,108.01545224914204,213.0225862107987,234.62757960233304,2,20.0,10.689301102590644,15.45224914206706,27.07174567978872,28.476709309234227,95,10
13,2,0.0,0.0,7,70.01169815948259,70.01472514276912,70.01499420795014,0,0.0,7.185308634526929,11.698159482597497,14.7251427691156,14.994207950139431,95,10
14,4,1.0,25.0,7,112.51438093945198,166.5110183143998,177.30933984026086,0,0.0,9.689361989374937,14.380939451981849,21.607419790336866,22.647488931920357,95,10
15,3,1.0,33.333333333333336,7,150.01730836298478,150.0232965706313,150.02413051209234,0,0.0,12.421760770482772,17.308362984764866,23.296570631280975,24.130512092341977,95,10
