ServiceID,total_requests,slow_requests,E_pct,n_replicas,avg_response_time_sec,p95_response_time_sec,p99_response_time_sec,deadline_violations,deadline_violation_rate_pct,avg_distance_km,avg_network_delay_ms,p95_network_delay_ms,p99_network_delay_ms,cycle,servers_on
1,34,31.0,91.17647058823529,2,11.961689984757337,25.37093215694479,26.688904474860323,30,88.23529411764706,15.52319442632415,20.513514169100485,33.86213160300524,36.463317249595924,0,2
2,33,30.0,90.9090909090909,2,22.987983316817356,48.81572878491763,51.38009788605079,30,90.9090909090909,13.33459167116602,18.286347120385148,32.92475723140045,38.6849687132376,0,2
3,18,14.0,77.77777777777777,2,23.572106134779634,48.62604560939486,51.33930315101351,14,77.77777777777777,11.714460511105907,16.55057922407827,27.668521995299866,28.28326740260023,0,2
4,17,15.0,88.23529411764706,2,45.725278113053,92.4213557753674,96.89998957522178,14,82.3529411764706,14.370095646461962,19.395760111830946,28.320026580353122,28.6715225419919,0,2
5,19,17.0,89.47368421052632,2,55.81068459851959,111.02623688465398,118.22307222197207,16,84.21052631578948,16.064324397611873,21.21091430906087,32.04186401284629,32.24880762912286,0,2
6,16,13.0,81.25,2,75.95647336582459,153.76633334896763,162.7632040083429,12,75.0,13.975841237199731,18.973365824599643,31.59428806873366,34.42282969144112,0,2
7,11,8.0,72.72727272727273,2,81.8384914488775,137.52984873185972,147.53631101161162,8,72.72727272727273,15.223084235741055,20.309630695698864,33.41543096826877,37.024351433320064,0,2
8,14,12.0,85.71428571428571,2,116.0893691401282,233.7733813565734,246.7735128486707,11,78.57142857142857,13.011848984720467,17.940568699655774,24.96995950669919,26.571027199377912,0,2
9,10,7.0,70.0,2,138.01694531888637,256.5206885787332,267.321076914337,7,70.0,12.082902644624353,16.945318886380917,23.228732825118197,24.573650009471812,0,2
10,13,12.0,92.3076923076923,2,187.71578969451775,376.02493606667366,395.2278682486942,10,76.92307692307692,18.184112580986167,23.48200221007702,34.37441310770256,34.9788546992349,0,2
11,8,7.0,87.5,2,225.01855918683904,382.52183346629926,396.5209465764262,6,75.0,13.589254826809881,18.559186839067188,23.32837626936636,23.77952948625177,0,2
12,7,6.0,85.71428571428571,2,188.58939198984726,342.0151603585214,356.417775322535,5,71.42857142857143,13.03317645708241,17.96341841870807,28.307620081718827,28.866123457494428,0,2
13,6,4.0,66.66666666666667,2,186.68332016387888,332.5203981116118,346.5215449115113,3,50.0,11.810522110047652,16.653497212214987,25.181729062049357,26.075093748970755,0,2
14,9,6.0,66.66666666666667,2,370.0194693908196,684.0084870220173,712.8057980426024,6,66.66666666666667,14.438821081690485,19.469390819683618,37.02703156980287,37.74667155362688,0,2
15,2,1.0,50.0,2,225.02125786580928,292.5245786128913,298.5248737904097,1,50.0,16.108147992125744,21.257865809243818,24.57861289125484,24.873790409655818,0,2
1,24,22.0,91.66666666666667,2,9.186858405739383,18.865696532006375,19.79390137194126,21,87.5,15.113046544462167,20.191739072715368,32.237741848499645,37.95932265551488,1,2
2,36,34.0,94.44444444444444,2,25.740724792662345,54.52903599217934,57.3184934877711,33,91.66666666666667,13.536410208419802,18.502570440126572,29.917749043353247,33.93302006402778,1,2
3,16,14.0,87.5,2,24.271548824755854,49.01749701120293,51.41808803222154,13,81.25,16.379723273995545,21.548824755853175,38.290571547834666,41.9127006192872,1,2
4,25,22.0,88.0,2,59.099637112112994,124.6253685657839,131.33783139933635,21,84.0,14.595368794134712,19.637112112995993,33.534324149865725,38.56489319290487,1,2
5,17,16.0,94.11764705882354,2,59.4339185302452,122.02109942992644,128.4187564489356,14,82.3529411764706,16.94441784935597,22.153824362855914,35.79678686002315,36.17784369167211,1,2
6,15,13.0,86.66666666666667,2,106.01844861060616,199.51986295186302,207.92542871229634,12,80.0,13.48604517482996,18.448610606159537,28.498003859292986,31.629993241266735,1,2
7,13,11.0,84.61538461538461,2,98.09681569920357,185.01572083495316,197.01481851745373,10,76.92307692307692,14.833856892095874,19.89262228050423,35.30016028119915,42.19178266630439,1,2
8,8,7.0,87.5,2,90.64403524292472,166.2634011900165,173.26426473247474,6,75.0,14.033596089223483,19.035242924719775,29.185327481914786,29.676668862665853,1,2
9,14,13.0,92.85714285714286,2,197.1656504389264,370.52140772931335,386.1195083994399,12,85.71428571428571,17.541287995233223,22.793296069232643,36.07448933231898,39.36828495860713,1,2
10,13,10.0,76.92307692307692,2,212.32972272046098,416.0269706557995,435.2370587621726,9,69.23076923076923,16.829227926969352,22.030412768667855,34.04062342278886,38.47275569725288,1,2
11,8,7.0,87.5,2,150.02348451879197,282.51398497148324,296.5132511997954,5,62.5,18.186461508369486,23.484518791970654,36.964733782097724,39.05757776911466,1,2
12,8,6.0,75.0,2,180.0234831908493,339.0180870094455,355.8195855793629,6,75.0,18.185222033147447,23.483190849300506,34.059751733963736,35.65901346396974,1,2
13,4,2.0,50.0,2,175.01362781171323,269.5156971186873,277.9153737694632,2,50.0,8.986407568073366,13.62781171322706,17.583322494501598,17.906671718589795,1,2
14,1,1.0,100.0,2,90.02900574930143,90.02900574930143,90.02900574930143,0,0.0,23.339868026196736,29.00574930143833,29.00574930143833,29.00574930143833,1,2
15,0,,0.0,2,0.0,0.0,0.0,0,0.0,0.0,0.0,0.0,0.0,1,2
1,32,28.0,87.5,3,6.892119873293603,13.466068374845515,14.013447803700508,27,84.375,12.245828249405847,17.119873293602865,30.25002683666346,32.41299058676017,2,3
2,30,26.0,86.66666666666667,3,15.215085324576082,29.113230803058507,31.433125028790688,25,83.33333333333333,10.471271701574372,15.085324576082524,22.033219778562525,23.134960489032423,2,3
3,25,21.0,84.0,3,22.257537850495282,43.217089751564465,47.05516799300072,21,84.0,12.635959839048832,17.537850495283465,31.685544152868722,35.366499562623346,2,3
4,21,16.0,76.19047619047619,3,38.350077492868664,84.00990144976655,89.61689742013262,16,76.19047619047619,11.895144515515883,16.744159535328727,29.774605437559153,34.99427037361806,2,3
5,13,10.0,76.92307692307692,3,33.094962418896706,60.018517812885136,60.02244103142808,8,61.53846153846154,13.391235857671013,18.03934197362871,31.186718447540905,31.947644142487263,2,3
6,11,7.0,63.63636363636363,3,42.289240376195636,75.01962871653522,75.02741052995016,6,54.54545454545455,11.679481387618893,16.51310346835769,26.38890968385716,28.762568579890115,2,3
7,15,11.0,73.33333333333333,3,101.68323648599501,207.5170322050872,221.51693370140154,10,66.66666666666667,11.732418840953242,16.569819328329544,25.233283391956054,34.086005964497424,2,3
8,23,17.0,73.91304347826087,3,115.23425185306374,222.5172302733662,244.51452834155444,17,73.91304347826087,12.003779856989624,16.860548715898197,25.949491056622662,30.100254305177113,2,3
9,11,5.0,45.45454545454545,3,81.83452180182078,165.02111940216838,177.02804356478373,5,45.45454545454545,11.517894789195147,16.339983638968715,29.750859149717265,29.769856179990775,2,3
10,7,2.0,28.571428571428573,3,68.5866696385573,108.01182832397487,117.60713171552828,2,28.571428571428573,10.492188020264921,15.241067128735255,23.48681703677347,25.11877562930526,2,3
11,4,3.0,75.0,3,87.52208366748435,142.52307505607337,148.52415273105152,1,25.0,16.878934817208798,22.083667484353768,24.84980491732538,24.910179757973772,2,3
12,9,4.0,44.44444444444444,3,126.68291342762258,216.01959011903136,235.2193787741705,3,33.333333333333336,11.430882594780877,16.246760955907735,20.906824102484165,21.39772194621018,2,3
13,2,1.0,50.0,3,105.01588669898348,136.51058028644698,139.31010860533263,0,0.0,11.094807925848635,15.886698983472794,21.193111519971616,21.664792634327068,2,3
14,1,0.0,0.0,2,90.01565640561006,90.01565640561006,90.01565640561006,0,0.0,10.87985668092104,15.656405610063032,15.656405610063032,15.656405610063032,2,3
15,2,1.0,50.0,3,150.01915565782792,150.03056298144674,150.0315769657684,0,0.0,14.14598895998014,19.155657827934114,30.562981446760286,31.576965768433727,2,3
1,35,30.0,85.71428571428571,4,6.357468213593973,14.313293194591544,15.679403368343133,29,82.85714285714286,10.010833952036668,14.611070736829893,27.87539478874487,31.040641530613733,3,4
2,24,19.0,79.16666666666667,4,11.34970091864347,25.720513084587814,27.558065875162438,18,75.0,11.543657638953922,16.367585310136494,30.14356383029215,34.098006816991216,3,4
3,17,12.0,70.58823529411765,4,12.013819372739006,24.807067347212044,27.36617952017573,11,64.70588235294117,9.384825651600575,13.819372739004923,23.87262904098182,27.276253876390143,3,4
4,17,10.0,58.8235294117647,4,20.190667154615046,36.419416714709264,40.893255675248156,9,52.94117647058823,9.517271838362273,14.196566379750278,22.15814329137412,24.76967529298888,3,4
5,19,14.0,73.6842105263158,4,41.59413357942966,81.01292010196978,88.21259438906972,14,73.6842105263158,10.833988545657876,15.186211008614,24.646207371060946,24.963820271045726,3,4
6,10,6.0,60.0,4,40.51919960682073,83.27169308595484,88.67116977967734,5,50.0,14.187010073938499,19.19960682072864,29.13048101851637,30.158679451121053,3,4
7,9,6.0,66.66666666666667,4,69.46069933392874,115.01807204816033,123.02176330916849,5,55.55555555555556,11.438469601168364,16.25488948428934,26.110439017869844,27.51617011639986,3,4
8,13,8.0,61.53846153846154,4,61.55352993661414,110.01897995982401,122.01536103354383,7,53.84615384615385,10.33102223928436,15.06839815260193,28.445615556245862,29.50880746129649,3,4
9,8,2.0,25.0,4,56.26273914492622,90.02192422859353,90.02705939532548,2,25.0,8.156943700468107,12.739144926223021,22.748829098997987,27.224315426562857,3,4
10,7,4.0,57.142857142857146,4,62.87714970364514,108.01314801277937,117.61185603834386,1,14.285714285714286,14.940471504181811,20.006846502282123,33.445330566950055,34.847392485710635,3,4
11,8,2.0,25.0,4,81.2645607050845,132.51476661971324,146.5145897900284,1,12.5,9.857151647992506,14.56070508450623,22.70048800397308,25.94132465971088,3,4
12,5,1.0,20.0,4,84.0136496890218,120.01277686823651,120.01419183973304,0,0.0,9.00682741187303,13.649689021798633,21.03214796316143,21.803014971999776,3,4
13,2,0.0,0.0,3,105.01445473511333,136.5158173202099,139.31593843888513,0,0.0,9.758241388907873,14.45473511332925,15.81732020987976,15.938438885128694,3,4
14,6,5.0,83.33333333333333,4,180.01893158615243,270.01849241149444,270.0202853598825,4,66.66666666666667,13.936844923836118,18.931586152385716,24.00887836048581,24.729679116545334,3,4
15,2,2.0,100.0,4,150.0225154668235,150.02467043805737,150.02486199105593,0,0.0,17.281967714467044,22.51546682348286,24.670438057352477,24.861991055918665,3,4
1,21,15.0,71.42857142857143,5,4.299972462275757,9.006461713201308,9.811179788453982,14,66.66666666666667,9.57477755407189,14.258176561471121,22.750228822535373,26.39817138960571,4,5
2,27,21.0,77.77777777777777,5,8.608018618257676,17.41348207856403,19.49447675445584,21,77.77777777777777,10.66482463181732,15.426025665085323,26.989386262886175,29.133848851950823,4,5
3,19,15.0,78.94736842105263,5,17.910205868732827,40.40777802977213,43.29296019669478,13,68.42105263157895,10.70496087317219,15.469026627562721,23.154649719561554,25.853918675007066,4,5
4,22,14.0,63.63636363636363,5,26.107114743504358,55.665632282294425,56.02224438474458,13,59.09090909090909,11.39251287026032,16.20565259526707,26.191958361854333,27.294772951956467,4,5
5,24,17.0,70.83333333333333,5,42.5173995351605,88.5103140711183,90.01242811041077,16,66.66666666666667,12.66242240718013,17.399535160501827,27.622565568886213,27.993879781672675,4,5
6,16,10.0,62.5,5,45.95199392083011,93.76287569775972,102.75257513955194,9,56.25,10.49485160825525,14.493920830112387,25.273381864293523,27.9241293535604,4,5
7,21,14.0,66.66666666666667,5,127.39386226229284,300.0138620329787,320.0114722082346,14,66.66666666666667,8.494092346642773,12.909881340466805,20.46603385394325,22.29338982881695,4,5
8,7,2.0,28.571428571428573,5,35.730185424745194,67.51341356018256,73.51442186289195,1,14.285714285714286,11.10695257823521,15.899710459484183,24.735191264528023,26.795163878004235,4,5
9,10,5.0,50.0,5,60.01567192752778,106.52482041680587,117.32681220898628,3,30.0,10.894344529555926,15.671927527773729,25.616161130032395,26.97135785110511,4,5
10,6,4.0,66.66666666666667,5,140.01764482976918,230.0251800873827,238.02943420710906,4,66.66666666666667,12.735812161172332,17.644829769175846,27.90356636583425,29.97890290568192,4,5
11,5,2.0,40.0,5,70.015326469077,100.01845423654314,100.01969970218556,1,20.0,10.57190049667637,15.326469076985532,20.765465112763525,20.91634441608079,4,5
12,3,1.0,33.333333333333336,5,80.01363250962171,114.00721859934188,118.8057898433359,0,0.0,8.990792502225501,13.63250962171517,22.180170980394745,23.069717723399698,4,5
13,3,1.0,33.333333333333336,5,93.3469196948909,133.02008836227066,138.6208488349405,1,33.333333333333336,8.947718818873687,13.586361557545482,20.088362270661992,20.848834940498577,4,5
14,1,0.0,0.0,4,90.00808223476896,90.00808223476896,90.00808223476896,0,0.0,3.8102765732406367,8.082234768965174,8.082234768965174,8.082234768965174,4,5
15,0,,0.0,4,0.0,0.0,0.0,0,0.0,0.0,0.0,0.0,0.0,4,5
1,25,17.0,68.0,6,3.3733050492140904,6.820765474085486,7.777820627094255,16,64.0,9.133169917590957,13.305049214090728,25.078551571861016,25.526765277438212,5,6
2,31,23.0,74.19354838709677,6,7.497129520082685,14.018350177295304,15.420422940375357,22,70.96774193548387,8.762184367275244,13.258552340749096,23.57575821628582,25.046461928504495,5,6
3,13,6.0,46.15384615384615,6,7.703039577414496,12.011738168351062,12.015542652803838,5,38.46153846153846,6.570601257890657,10.731885106803572,20.035352963203003,20.03654404427035,5,6
4,20,12.0,60.0,6,26.264860331201625,56.37525886148644,61.6985365589404,12,60.0,10.136816694073284,14.86033120162146,25.258861486434746,28.536558940405623,5,6
5,7,3.0,42.857142857142854,6,18.586757164629265,37.01279581002585,39.41238907624811,2,28.571428571428573,10.57388311141303,15.328593200695684,20.520170912246808,20.93519666881554,5,6
6,14,6.0,42.857142857142854,6,27.873030189152992,50.271888077554465,58.063494845815924,5,35.714285714285715,11.095398780319817,15.88733201013616,27.389680922093707,27.50783070259261,5,6
7,6,3.0,50.0,6,41.68066010687461,68.76686401899588,73.76401185811424,2,33.333333333333336,9.94993129777223,13.993440207946648,26.029445979536497,27.253587037536906,5,6
8,4,2.0,50.0,6,31.268347451496595,46.27199180934922,49.27128959452521,1,25.0,13.391625278092185,18.34745149659463,26.088062489285523,26.790277313295718,5,6
9,10,3.0,30.0,6,51.01451080367525,90.01781886638425,90.02143946727334,2,20.0,9.810574667141081,14.510803675248846,21.757068521169696,22.227107700726627,5,6
10,9,7.0,77.77777777777777,6,84.46226520191347,184.01793679468005,196.8214122039773,4,44.44444444444444,12.900019569924659,17.820757469027917,23.515820995202997,24.174362165126382,5,6
11,2,0.0,0.0,6,50.01589904505909,50.01844414853361,50.01867037995357,0,0.0,11.106331506769287,15.899045059090414,18.44414853360922,18.670379953566446,5,6
12,7,3.0,42.857142857142854,6,111.44369714189806,222.0129148665958,236.4138075011394,2,28.571428571428573,10.3845190804099,15.125713326625302,23.07052325298114,24.41060360169408,5,6
13,2,0.0,0.0,6,105.0044189970938,136.5004418997094,139.30008837994188,0,0.0,2.2578436760381533,4.418997093791541,8.396094478203928,8.749614245707251,5,6
14,0,,0.0,4,0.0,0.0,0.0,0,0.0,0.0,0.0,0.0,0.0,5,6
15,0,,0.0,4,0.0,0.0,0.0,0,0.0,0.0,0.0,0.0,0.0,5,6
1,21,11.0,52.38095238095238,7,2.681191152144501,6.018771668236118,6.818406407968285,9,42.857142857142854,9.823344988992318,14.52448547783455,20.741402625531656,24.62589097458071,6,7
2,20,9.0,45.0,7,4.713163951669847,8.118212286671923,9.63805234215615,9,45.0,8.740125862387206,13.163951669845218,21.71555200145423,24.681157035004897,6,7
3,21,10.0,47.61904761904762,7,11.249499836345947,24.01696690929368,27.208159432592062,10,47.61904761904762,7.444664471278001,11.404598250709274,19.31733150050232,22.643220866601325,6,7
4,14,3.0,21.428571428571427,7,12.511589118524546,23.464845241944968,27.10572107574542,3,21.428571428571427,7.350211997416226,11.589118524544947,18.5607400455868,19.667110843642334,6,7
5,15,4.0,26.666666666666668,7,20.678883347492256,43.0115906095175,48.6113687477032,4,26.666666666666668,7.669286121792766,12.216680825585643,16.266361546951256,18.051316949047063,6,7
6,20,8.0,40.0,7,34.51329164563907,60.76652683958321,72.16831292108273,8,40.0,8.672636854343477,13.291645639072035,18.78733595976957,19.211332392355768,6,7
7,5,0.0,0.0,7,30.01150940221654,45.01325991483864,49.01232302532745,0,0.0,7.75583042014392,11.509402216538188,17.483118203863526,17.85211355646741,6,7
8,11,3.0,27.272727272727273,7,45.465580845429066,87.50591841355009,97.50118368271002,3,27.272727272727273,6.90610456784533,11.035390883614053,16.325182688806034,16.682627210240994,6,7
9,9,1.0,11.11111111111111,7,40.012347527477715,60.01188321193961,60.01283084788667,0,0.0,7.79141577908272,12.34752747771904,21.202663338542553,24.037031618806363,6,7
10,10,3.0,30.0,7,80.01343733317233,142.01848516629408,156.4148509155086,3,30.0,8.808618694302677,13.43733317234135,20.876288497884854,23.40525280611754,6,7
11,5,0.0,0.0,7,60.016259466568634,90.01889692295116,98.01893091997968,0,0.0,11.442741760474496,16.25946656863554,18.8969229511647,18.93091997968649,6,7
12,6,1.0,16.666666666666668,7,100.0126316469195,165.0155206588594,177.01735740901594,1,16.666666666666668,8.056607203468984,12.63164691951071,17.8165965550665,17.8165965550665,6,7
13,3,0.0,0.0,7,70.01224180368813,70.01520783403075,70.01534883786384,0,0.0,7.692735300979202,12.241803688122928,15.207834030750131,15.348837863846894,6,7
14,2,0.0,0.0,2,90.01635728739484,90.01667765587487,90.0167061330731,0,0.0,11.53404577005493,16.35728739483823,16.67765587487366,16.706133073099032,6,7
15,1,0.0,0.0,1,150.0141112933534,150.0141112933534,150.0141112933534,0,0.0,9.437679695097733,14.111293353415963,14.111293353415963,14.111293353415963,6,7
1,33,20.0,60.60606060606061,8,3.9516996649951923,9.412496971452162,10.69280133173288,20,60.60606060606061,7.752398740712649,12.305725601252922,17.735734359124343,22.31447219988098,7,8
2,23,10.0,43.47826086956522,8,5.142279654176522,10.011563897640174,11.568312132751284,10,43.47826086956522,7.484573739511673,11.84487156782681,18.81852370211376,19.034704435199476,7,8
3,16,7.0,43.75,8,9.511435562521372,21.008585346583597,23.40857128102905,6,37.5,7.6402409168369125,11.43556252137245,18.61085170261425,22.446672524151275,7,8
4,9,2.0,22.22222222222222,8,10.12253352761089,18.214340350989254,20.456274635413518,1,11.11111111111111,7.3427712165413555,11.42241649978045,18.902563342235517,19.82787871784198,7,8
5,14,5.0,35.714285714285715,8,20.72596231621164,43.50728092318006,48.701456184636,5,35.714285714285715,7.4318672606908365,11.676601925920483,18.79119899263583,22.984598501553968,7,8
6,12,6.0,50.0,8,32.514357010180895,66.76664941459688,73.36264835963557,4,33.333333333333336,9.978153574563422,14.357010180894404,23.26028151026077,24.961453611088334,7,8
7,11,3.0,27.272727272727273,8,38.649669738834,62.51593633852192,72.5124137034924,2,18.181818181818183,9.025541506977616,13.306102470357581,22.339314883220737,23.93906094272993,7,8
8,6,1.0,16.666666666666668,8,41.677155943248785,68.76314654033378,73.76233638849243,1,16.666666666666668,6.0569614286032865,10.489276582118531,15.711608106562005,16.09000941241303,7,8
9,13,3.0,23.076923076923077,8,60.01296425999058,132.01242074336488,146.41508303029022,3,23.076923076923077,8.367061614920916,12.964259990569174,18.70392925337289,18.722336097519182,7,8
10,8,1.0,12.5,8,65.01118465951062,106.00514679203654,117.2010293584073,1,12.5,7.17270802973659,11.184659510614791,17.351889444051714,17.408194885673723,7,8
11,5,0.0,0.0,7,60.01325764036168,90.01187781292488,98.01098229437329,0,0.0,8.640897006154514,13.257640361673376,16.146351634049225,16.31359487312194,7,8
12,4,1.0,25.0,8,75.01545126932052,111.01319854380544,118.21222997951044,0,0.0,10.68838655668608,15.45126932051929,19.75993138015651,19.999352325426177,7,8
13,8,0.0,0.0,8,96.26438301725418,140.0179286206243,140.01891528858025,0,0.0,9.69130136854283,14.383017254187855,18.69107991427607,19.06778043824327,7,8
14,4,0.0,0.0,3,112.51155786507246,166.51065079857833,177.310030992286,0,0.0,7.054360628215475,11.557865072463212,14.855187165382805,15.003911952354587,7,8
15,1,0.0,0.0,1,150.00505181395673,150.00505181395673,150.00505181395673,0,0.0,0.9817421842454622,5.0518139567170826,5.0518139567170826,5.0518139567170826,7,8
1,33,17.0,51.515151515151516,9,3.3448776900709616,8.407268162064781,9.690320796537039,17,51.515151515151516,7.041752217705486,11.544356737628219,18.180781578841614,19.179426311652733,8,9
2,30,14.0,46.666666666666664,9,5.143918101240756,11.10669841517305,13.428110287388114,13,43.333333333333336,6.27054180443432,10.584767907422657,17.95548265684388,21.3294161613615,8,9
3,23,9.0,39.130434782608695,9,8.534204661572952,16.012156297777565,16.014905087099763,9,39.130434782608695,7.901558043899837,12.465531138168966,19.266044930980733,23.505815528991267,8,9
4,14,2.0,14.285714285714286,9,12.011253928084074,21.008460691337852,21.009142360632325,2,14.285714285714286,6.770671900803053,11.25392808407249,15.706268963533711,16.1849366022039,8,9
5,14,4.0,28.571428571428573,9,19.29510161425467,33.51222318861657,38.71313478791343,4,28.571428571428573,5.295105108509506,9.387328540386486,14.879102606617868,17.132061840513863,8,9
6,17,7.0,41.1764705882353,9,33.540395932583024,63.01741625946581,72.61395611119784,7,41.1764705882353,6.73850193998409,10.984167877141072,19.932858004274244,24.525825059324603,8,9
7,11,3.0,27.272727272727273,9,45.46464345643256,87.51271015610558,97.51600916769947,3,27.272727272727273,5.691753426496524,10.098001887106939,17.38502152090511,17.82590225928395,8,9
8,7,1.0,14.285714285714286,9,32.15766563702102,50.018022990073895,50.01861215118088,0,0.0,10.088433036167725,14.808494163874926,20.6921449222869,21.354786110170725,8,9
9,10,1.0,10.0,9,48.01098350961254,76.51395868756025,87.3121702449229,1,10.0,6.518268688992076,10.983509612539617,15.689516678658068,16.490727718543713,8,9
10,4,0.0,0.0,8,40.006994750179075,40.01320693456575,40.01393042159588,0,0.0,3.7286202006293965,6.99475017907419,13.206934565748343,13.930421595882438,8,9
11,8,0.0,0.0,9,75.0121527071006,100.0111069117877,100.01166159645496,0,0.0,7.60957432190387,12.152707100597844,16.555148238437727,17.283957260215356,8,9
12,1,0.0,0.0,8,60.01106969734922,60.01106969734922,60.01106969734922,0,0.0,6.598714604663676,11.06969734922051,11.06969734922051,11.06969734922051,8,9
13,6,1.0,16.666666666666668,9,81.67856007844746,122.51041812881903,136.50784717448764,0,0.0,7.367553238229072,11.893411780793906,18.87193953097911,19.821753955590697,8,9
14,3,0.0,0.0,4,120.01119508889853,171.00812621936046,178.20757751983933,0,0.0,6.715752577706198,11.195088898537113,14.05376335212947,14.250023848900383,8,9
15,0,,0.0,1,0.0,0.0,0.0,0,0.0,0.0,0.0,0.0,0.0,8,9
1,17,6.0,35.294117647058826,10,2.187409150361716,5.209687268389431,5.855080525742582,5,29.41176470588235,6.476315601266373,10.938562126422184,18.60633989541636,20.93762510479662,9,10
2,16,6.0,37.5,10,4.51129926953995,10.515019326474706,11.714993013896018,5,31.25,7.046337729478662,11.299269539949556,19.425314958202236,21.101420117353793,9,10
3,22,6.0,27.272727272727273,10,8.555040961261112,19.811155566312067,23.167115795680935,6,27.272727272727273,5.383954642197365,9.586415806565707,16.60961898478652,16.953730982322668,9,10
4,12,3.0,25.0,10,11.678870596202588,24.15615211303605,27.24216751244909,2,16.666666666666668,7.968511012061501,12.20392953592163,21.344048642202168,24.127286088330422,9,10
5,21,10.0,47.61904761904762,10,25.72702952679437,50.02403749388318,58.018700151510146,9,42.857142857142854,8.161300328888236,12.743812508659696,24.03749388317571,24.64130285004247,9,10
6,19,7.0,36.8421052631579,10,33.95997963553489,76.51371540645005,87.30993643662092,6,31.57894736842105,8.037535973768819,12.61121448226568,19.31120724560055,19.909607498514987,9,10
7,11,4.0,36.36363636363637,10,40.92410978925093,87.51461293213404,97.51583041853661,2,18.181818181818183,10.62421406635214,15.018880160014563,26.46205739200628,27.32230599657513,9,10
8,10,3.0,30.0,10,42.51082711274162,88.76002869727986,97.7567717901893,3,30.0,6.745642994599254,10.827112741624159,21.666513409581402,23.057804865544707,9,10
9,4,0.0,0.0,9,30.008841987752994,30.011645255056433,30.011979323571314,0,0.0,4.519414866436782,8.841987752992747,11.645255056432603,11.979323571315353,9,10
10,11,4.0,36.36363636363637,9,90.91951545369025,180.00980496864003,196.01017112090796,4,36.36363636363637,5.996541886005435,10.424544599340665,14.619997812791013,14.685453870089171,9,10
11,7,0.0,0.0,9,64.29723496539677,100.01299331429676,100.0132317024085,0,0.0,7.019652526319069,11.520679682478304,13.573160345281504,13.669798371166195,9,10
12,4,1.0,25.0,9,105.01350488496013,171.01433502599141,178.2146754926745,1,25.0,8.871670186685593,13.504884960116636,15.97100967983972,16.141889727068573,9,10
13,2,0.0,0.0,10,105.01129808343984,136.5117067451304,139.31174307061403,0,0.0,6.811885629841337,11.29808343983337,11.706745130412315,11.743070614019333,9,10
14,2,0.0,0.0,5,90.00964086735259,90.0113575258636,90.01151011773125,0,0.0,5.2650731627931115,9.640867352581566,11.357525863603053,11.510117731249407,9,10
15,0,,0.0,1,0.0,0.0,0.0,0,0.0,0.0,0.0,0.0,0.0,9,10
1,14,2.0,14.285714285714286,10,1.511257233034068,2.360222606116002,2.8776502200946554,1,7.142857142857143,7.04043669517842,11.25723303406824,19.714230883647005,20.535968277154723,10,10
2,23,11.0,47.82608695652174,10,4.96771250256473,8.019492204378933,9.570994123197966,11,47.82608695652174,6.711715275590135,11.190763434294766,19.813945204415397,20.031026601386248,10,10
3,18,4.0,22.22222222222222,10,7.121226572680486,12.010389779688584,12.01219900869856,4,22.22222222222222,5.915467739217034,10.115461569373373,16.6642437177034,17.492443128318573,10,10
4,17,5.0,29.41176470588235,10,13.598024789055827,28.00720019072115,28.007392314111478,5,29.41176470588235,5.623418028933616,9.789494938181049,14.20298430435077,14.471139053804807,10,10
5,14,3.0,21.428571428571427,10,17.15392761861654,30.01202889384525,30.01369481345178,3,21.428571428571427,6.866121177127622,11.070475759398297,17.6126137005275,18.504072986950103,10,10
6,7,2.0,28.571428571428573,10,19.30010296390723,30.01644518243449,30.018087081126556,0,0.0,9.69658517595298,14.388678192943255,23.2823796403655,23.886471034613667,10,10
7,10,1.0,10.0,10,35.01001962097214,63.76132074054656,72.76083500226433,1,10.0,5.991946270507102,10.019620972141567,15.25121379339404,16.193314823374067,10,10
8,14,2.0,14.285714285714286,10,39.29682593753554,75.01104215716359,75.01409808242856,2,14.285714285714286,6.637874072702094,11.111651821261537,16.835166756952113,18.16507799104723,10,10
9,9,1.0,11.11111111111111,9,43.34304549078296,78.0090097228987,87.61123180704494,1,11.11111111111111,5.746449505082341,9.712157449627128,14.26554239155032,14.789459325850943,10,10
10,3,0.0,0.0,9,53.34749367404222,76.01658129139567,79.2167338489516,0,0.0,9.483459519170482,14.160340708891253,16.581291395672597,16.733848951614306,10,10
11,3,0.0,0.0,9,66.68102177190731,95.01080049370081,99.00998888315978,0,0.0,9.66524885139885,14.355105240647653,19.27282334965599,19.799454499844817,10,10
12,4,0.0,0.0,9,75.01056374579925,111.01356871751605,118.21376911190526,0,0.0,6.126469511679225,10.563745799248192,13.56871751607783,13.769111905289641,10,10
13,2,0.0,0.0,10,105.01481278633018,136.51395688008122,139.31388079952578,0,0.0,10.092439258664808,14.812786330192893,15.668692579141656,15.744773134603767,10,10
14,1,0.0,0.0,5,90.00638987451934,90.00638987451934,90.00638987451934,0,0.0,2.230661245465205,6.389874519338764,6.389874519338764,6.389874519338764,10,10
15,1,0.0,0.0,2,150.01642017269023,150.01642017269023,150.01642017269023,0,0.0,11.592741651453538,16.420172690232068,16.420172690232068,16.420172690232068,10,10
1,27,11.0,40.74074074074074,10,2.5662643472730817,5.716958155368692,6.016208562098158,11,40.74074074074074,6.538409538685884,10.70879171752631,16.763217510498137,22.21065546368888,11,10
2,21,9.0,42.857142857142854,10,4.963585200303349,10.016771988340599,11.615353449957524,9,42.857142857142854,6.9020881079800604,11.204247922396709,16.771988340599734,18.5059330575735,11,10
3,17,7.0,41.1764705882353,10,9.18710742992641,20.80705654134033,23.370086520183865,6,35.294117647058826,6.414314600258916,10.636841691115977,16.47521220141267,20.51139956599588,11,10
4,13,2.0,15.384615384615385,10,11.856946342422464,23.808639543494866,27.16750355671445,2,15.384615384615385,6.33998064072483,10.792496268616267,15.398829383732812,16.02745366784719,11,10
5,15,8.0,53.333333333333336,10,26.011939769678783,53.01219442066984,58.621739068187686,8,53.333333333333336,7.410822776280733,11.939769678777497,25.031200981689633,26.722346688818583,11,10
6,11,3.0,27.272727272727273,10,24.55677315497983,52.508665764371116,58.506756112193656,2,18.181818181818183,6.831044268907537,11.318609525281174,20.968933247554848,24.13400542401967,11,10
7,14,2.0,14.285714285714286,10,41.08198259897241,75.01204133373423,75.01656516053714,2,14.285714285714286,6.117398685767001,10.554027543838032,16.0517676101445,17.367247312318803,11,10
8,5,1.0,20.0,10,25.015411466989864,25.025066129988698,25.02621421537576,0,0.0,10.651235854521847,15.411466989861356,25.066129988700254,26.214215375760077,11,10
9,8,1.0,12.5,10,41.26211725007033,60.014761324595256,60.01635883013472,0,0.0,7.576479436520511,12.11725007032984,23.509708806994187,26.418048253879494,11,10
10,5,1.0,20.0,10,40.01608425623695,40.020344370211696,40.02128523116806,0,0.0,11.279203928871723,16.084256236950285,20.344370211690897,21.285231168051528,11,10
11,7,0.0,0.0,9,71.43788378874333,100.01369491573604,100.015646815257,0,0.0,4.958451107592025,9.312360171904954,14.600850147497187,15.828002139294721,11,10
12,4,1.0,25.0,10,60.01428283577285,60.02105445274954,60.02185372359216,0,0.0,9.597793970511097,14.28283577285356,21.05445274954115,21.853723592160605,11,10
13,6,1.0,16.666666666666668,10,105.01143055808872,192.5089845566173,206.50870601036004,1,16.666666666666668,6.935534826864711,11.43055808873114,15.681815066074515,15.922956107867945,11,10
14,2,0.0,0.0,2,135.01488502763743,175.51462214703474,179.11459877987005,0,0.0,10.159867855066597,14.88502763744787,15.147908240154104,15.171275404839102,11,10
15,0,,0.0,2,0.0,0.0,0.0,0,0.0,0.0,0.0,0.0,0.0,11,10
1,20,8.0,40.0,10,2.160285648875452,4.060990334672811,4.820990334672808,7,35.0,6.426927427387345,10.285648875452269,18.76208987944881,22.783007893591243,12,10
2,18,4.0,22.22222222222222,10,3.7896584294839957,8.310892250941206,9.68028789938077,4,22.22222222222222,7.355643238931815,11.88065170621794,19.118444153235124,21.93313802317912,12,10
3,12,2.0,16.666666666666668,10,5.343406596844123,9.807643457278353,11.570254772897586,1,8.333333333333334,6.290916498893618,10.073263510789856,19.057876749928333,21.725495571822663,12,10
4,12,4.0,33.333333333333336,10,12.846390030016229,24.168853429668783,27.243784566881388,3,25.0,9.075593561055998,13.056696682894431,24.03749388317571,24.03749388317571,12,10
5,21,6.0,28.571428571428573,10,19.536440051388038,40.008902453882584,40.01581463088035,6,28.571428571428573,8.0555624328908,12.630527578513314,17.542675129788428,18.757798824008713,12,10
6,8,1.0,12.5,10,20.636407197893742,39.76383934239638,43.96394253134833,1,12.5,6.913730886436699,11.407197893741415,16.469702766006368,17.547217797254472,12,10
7,11,1.0,9.090909090909092,10,31.829613531662186,50.00937741613044,50.01116722730546,0,0.0,7.276024180828648,11.431713480364108,20.785678187585503,24.466532946553283,12,10
8,5,0.0,0.0,10,25.00950437652893,25.010489718128614,25.010514656469386,0,0.0,5.137675348297559,9.504376528929466,10.489718128615651,10.514656469387125,12,10
9,6,0.0,0.0,10,45.01048499949954,60.0148333400894,60.01638425869036,0,0.0,6.0529692849643615,10.484999499536134,15.462252439199904,16.51004116031977,12,10
10,8,0.0,0.0,10,50.00953598276776,80.00951823672835,80.00974108006483,0,0.0,5.1671759817039895,9.535982767763674,12.799000224194497,13.249950234958428,12,10
11,6,0.0,0.0,10,66.6749837907694,100.00631085765409,100.0063820246866,0,0.0,4.02951759596431,8.317124102729435,11.112068931448857,11.183550007903046,12,10
12,6,1.0,16.666666666666668,10,70.01244690836582,105.0109201930619,117.00742224617625,0,0.0,7.884175919338769,12.446908365811703,21.84396553008315,23.5987882125572,12,10
13,3,0.0,0.0,10,70.01296464390369,70.01622312030938,70.01633782664368,0,0.0,8.367419951773785,12.964643903687206,16.223120309374476,16.337826643667068,12,10
14,2,0.0,0.0,5,135.01302695753625,175.5154710050595,179.11568825372825,0,0.0,8.425582254493705,13.02695753626543,15.471005059537314,15.688253728272592,12,10
15,1,0.0,0.0,1,150.01527615338844,150.01527615338844,150.01527615338844,0,0.0,10.524936835800899,15.276153388447288,15.276153388447288,15.276153388447288,12,10
1,16,1.0,6.25,10,1.5106497437586879,2.2647255891587594,2.8598142311223422,1,6.25,6.2067382930560715,10.649743758687745,17.747307952657415,19.130802557168185,13,10
2,16,3.0,18.75,10,3.5094321320596773,6.512664731220628,7.709791815621534,3,18.75,5.536933835406995,9.432132059677294,17.130680053041537,18.054105756741993,13,10
3,20,5.0,25.0,10,7.610218817016046,12.213486209743035,15.261997426002326,5,25.0,5.991195873910197,10.218817016045595,15.146503144201278,22.32948468256526,13,10
4,13,2.0,15.384615384615385,10,12.394601453738646,23.811397471399925,27.173039510981276,2,15.384615384615385,5.587277615574408,9.986069123260519,15.874214772629692,18.783247447844467,13,10
5,10,1.0,10.0,10,15.010924055980052,25.51737035256079,29.120690427637875,1,10.0,6.4627758533555095,10.92405598005136,19.371909228352777,21.090738971383903,13,10
6,14,2.0,14.285714285714286,10,22.510315225901394,35.26610949499942,43.05971012891037,2,14.285714285714286,6.161186012012976,10.315225901393969,17.620149590134034,19.857438427054014,13,10
7,3,0.0,0.0,10,25.008685995736112,25.01145262040674,25.0118092671132,0,0.0,4.373815026844287,8.68599573611017,11.452620406741797,11.809267113202267,13,10
8,6,1.0,16.666666666666668,10,37.51176479623103,68.76322597809583,73.76454517627009,1,16.666666666666668,7.247506047425795,11.76479623103161,14.638794676191512,14.8277395861483,13,10
9,9,0.0,0.0,10,36.67800582675567,60.00918608126321,60.014085324603585,0,0.0,7.26506134204971,11.33916008900712,15.660880667696606,15.847944789835784,13,10
10,8,0.0,0.0,10,55.00701439513294,80.01129683631846,80.01354840194642,0,0.0,3.7469564090424115,7.014395132944543,12.967745892881354,13.88258386130904,13,10
11,3,0.0,0.0,3,66.67866832893743,95.0122510443348,99.0122591673474,0,0.0,7.46859208811419,12.00166227077513,12.251044334811244,12.259167347398034,13,10
12,5,0.0,0.0,10,72.0103327218279,108.01545965003854,117.6164777680687,0,0.0,5.910836341193981,10.332721827896844,15.45965003855273,16.477768068713765,13,10
13,2,0.0,0.0,10,70.0122944656722,70.01497798461682,70.01521651963412,0,0.0,7.741888947342535,12.294465672193851,14.977984616821944,15.21651963412222,13,10
14,6,0.0,0.0,5,105.01357468005187,157.5128026319036,175.51167997560407,0,0.0,8.936815534311712,13.574680051891164,16.365490357727545,16.88317249312457,13,10
15,0,,0.0,1,0.0,0.0,0.0,0,0.0,0.0,0.0,0.0,0.0,13,10
1,15,2.0,13.333333333333334,10,1.5433416512039217,3.009269806727545,3.0108222477758955,2,13.333333333333334,5.608044152906485,10.008317870588572,15.621925740754744,18.757128540749818,14,10
2,14,1.0,7.142857142857143,10,2.7268185611289866,4.0179063666491635,4.018562823576677,0,0.0,7.9643891814217005,12.532846843272035,19.1932322221715,19.886012493829174,14,10
3,14,5.0,35.714285714285715,10,8.012799278825677,17.413139433123703,19.489378400128906,5,35.714285714285715,8.213071483731433,12.79927882567579,24.50973234676754,25.211343778389683,14,10
4,11,0.0,0.0,10,9.55697149779242,14.016215401879984,14.018250633542097,0,0.0,7.355584431593882,11.516952337874443,17.37134141297102,18.4818214486948,14,10
5,11,2.0,18.181818181818183,10,17.284823080999658,35.010206650277325,39.009746501227504,2,18.181818181818183,7.556466089658389,12.095808272383284,17.48200655364335,18.745665108779697,14,10
6,10,1.0,10.0,10,19.510803154343513,30.008862981132847,30.010220535077952,0,0.0,6.723280703299015,10.803154343511883,18.28920862388359,21.023844073644227,14,10
7,12,0.0,0.0,10,31.26041488974838,50.01202435236946,50.012233436634254,0,0.0,5.987530240545536,10.414889748383034,14.199591460159853,14.78605753089823,14,10
8,13,3.0,23.076923076923077,10,46.16296355752513,85.00820783911156,97.00852475797015,3,23.076923076923077,4.776482602629742,9.117403678974608,13.840313921699236,13.840313921699236,14,10
9,10,4.0,40.0,10,81.01223222879784,166.51464699640385,177.3160137238271,4,40.0,7.683798289210166,12.232228797830075,19.06317978144671,20.301794416066283,14,10
10,9,1.0,11.11111111111111,10,48.900823901563285,80.01125566487458,80.01725868614102,0,0.0,7.8212182697341825,11.935012674391352,19.870645427883,20.46328754535354,14,10
11,4,0.0,0.0,4,62.511997348997596,92.51486048208825,98.51433813986061,0,0.0,7.464566164892475,11.997348997594834,17.907478416189672,18.4298206438346,14,10
12,3,0.0,0.0,10,60.00550446170473,60.01029797170238,60.010706227531436,0,0.0,2.648741330455868,5.5044617047275795,10.297971702378362,10.706227531435761,14,10
13,3,0.0,0.0,10,70.01195701432609,70.01609611449261,70.01657204728133,0,0.0,7.426918586389214,11.957014326087608,16.096114492616966,16.572047281335493,14,10
14,0,,0.0,5,0.0,0.0,0.0,0,0.0,0.0,0.0,0.0,0.0,14,10
15,1,0.0,0.0,2,150.00974877858002,150.00974877858002,150.00974877858002,0,0.0,5.365795351774646,9.748778580011706,9.748778580011706,9.748778580011706,14,10
1,13,2.0,15.384615384615385,10,1.4711939956127003,2.4186324220755964,2.8969500960915378,2,15.384615384615385,5.565956656079853,9.655534074238718,17.931452915573242,19.61377889963215,15,10
2,21,8.0,38.095238095238095,10,4.393345133786128,8.009312777955941,9.608049330796792,7,33.333333333333336,7.83362822504402,12.392752833746076,19.398804596244783,20.085606439969336,15,10
3,19,3.0,15.789473684210526,10,7.167964087495752,16.413168976775793,19.287828705287257,3,15.789473684210526,5.861512003519548,10.069350653646215,18.757668434640408,18.978928942449937,15,10
4,14,5.0,35.714285714285715,10,12.513148056175902,23.461995464874025,27.096440544140176,4,28.571428571428573,8.53861331119889,13.148056175901015,22.43212068814679,23.78660819135437,15,10
5,15,6.0,40.0,10,23.34451922003526,53.00850312349228,58.60955602546087,6,40.0,6.707163430794788,11.185886701929194,18.606162484513355,21.58082547192049,15,10
6,3,0.0,0.0,10,15.008121525326578,15.010166785498225,15.010341408088129,0,0.0,3.8469495966431726,8.121525326576739,10.166785498224062,10.341408088128262,15,10
7,9,1.0,11.11111111111111,10,33.34660289623247,50.010820964386454,50.012924209578586,0,0.0,9.066860851542899,13.26956289913745,20.379029161638133,21.292162958040972,15,10
8,6,1.0,16.666666666666668,10,29.179279732853704,43.7608208678105,48.75729764632563,0,0.0,8.039264318097255,12.61306618703689,21.840556401789,23.594469983384613,15,10
9,5,0.0,0.0,10,36.01057032611575,54.00934252439415,58.80827000525209,0,0.0,6.132611447950955,10.570326115746294,14.548926713224573,14.673881426229523,15,10
10,2,0.0,0.0,10,40.01374070691449,40.01547787856694,40.015632293824936,0,0.0,9.091781698902128,13.740706914493988,15.47787856693667,15.632293824931576,15,10
11,5,1.0,20.0,4,90.01303712365974,140.0179317713636,148.01916769523936,1,20.0,8.43507111154258,13.037123659752288,18.567875776353265,19.294916121907356,15,10
12,6,0.0,0.0,4,80.00882357832803,120.01372510960704,120.01576188353707,0,0.0,4.502231876078066,8.823578328026125,14.701851335899594,15.957231882844233,15,10
13,1,0.0,0.0,10,70.00840366399065,70.00840366399065,70.00840366399065,0,0.0,4.110292202583647,8.40366399064904,8.40366399064904,8.40366399064904,15,10
14,2,0.0,0.0,2,90.01117297333934,90.01374399572893,90.01397253105245,0,0.0,6.695110355520294,11.17297333933918,13.743995728920494,13.972531052438834,15,10
15,1,0.0,0.0,3,150.01528925979017,150.01528925979017,150.01528925979017,0,0.0,10.537170089940005,15.289259790154443,15.289259790154443,15.289259790154443,15,10
1,11,2.0,18.181818181818183,10,1.738162690161069,3.513321743266805,3.911757395743884,2,18.181818181818183,6.430954041038867,10.88996288834175,16.144885348714794,16.83905149132202,16,10
2,23,9.0,39.130434782608695,10,4.185965997772542,8.012546033191912,9.58033314860957,7,30.434782608695652,7.841120977881168,12.052954294280957,22.262200386768438,23.470641018794442,16,10
3,14,4.0,28.571428571428573,10,8.581234100042641,21.415866243752234,23.494640846330334,4,28.571428571428573,5.952124742357297,9.805528614071335,15.534871504932802,16.45979868379866,16,10
4,9,0.0,0.0,10,8.566193296403716,14.007450042343205,14.008457503025483,0,0.0,6.195535015590067,10.637740848159076,15.354507468746911,15.37817255144625,16,10
5,11,1.0,9.090909090909092,10,15.466721794360781,25.015440087872676,29.012542894372768,1,9.090909090909092,7.631632626824682,12.176339815326367,17.735456984474105,18.79635519494585,16,10
6,5,0.0,0.0,10,18.00771280653263,27.008272920886878,29.406865477976517,0,0.0,4.212163676025609,7.712806532629081,14.214626362354862,15.091033623419493,16,10
7,12,3.0,25.0,10,41.67672895851685,86.26306196348933,97.25986011785528,3,25.0,5.6584223897380275,10.062291850177663,20.409154074644093,24.391228123965004,16,10
8,8,0.0,0.0,10,31.259352031232943,50.01018053160549,50.01082171130272,0,0.0,4.995479285308274,9.352031232941902,10.579710567529142,10.901547095128036,16,10
9,5,0.0,0.0,10,36.011659600091434,54.01512872797884,58.815536258748445,0,0.0,7.14931806731669,11.659600091436172,15.128727978842178,15.53625874844372,16,10
10,8,0.0,0.0,10,50.0108806002694,80.00836198741959,80.0088606249952,0,0.0,6.422215159120693,10.880600269402535,14.863555034563861,15.509429118457014,16,10
11,3,0.0,0.0,5,50.01038259744268,50.01331847623109,50.01358783583499,0,0.0,5.95738924599281,10.382597442675241,13.318476231093033,13.587835834987672,16,10
12,4,1.0,25.0,10,60.01385704918051,60.02369013701969,60.024678246178446,0,0.0,10.133753320974806,13.857049180505,23.690137019692756,24.678246178447246,16,10
13,4,0.0,0.0,2,105.01194306488809,140.0100165047563,140.01002713111265,0,0.0,7.413898458968123,11.943064888078823,14.582668637330091,14.816514378376016,16,10
14,2,0.0,0.0,2,135.01717900793903,175.5172320190174,179.11723673111328,0,0.0,12.301023348874477,17.179007939027226,17.23201901740185,17.23673111325737,16,10
15,0,,0.0,3,0.0,0.0,0.0,0,0.0,0.0,0.0,0.0,0.0,16,10
1,19,7.0,36.8421052631579,10,2.16890714899043,4.119300091069446,4.83051649546442,7,36.8421052631579,6.741746807166342,11.01241214832508,20.54139111108636,20.69515580585644,17,10
2,18,5.0,27.77777777777778,10,4.009766847338103,8.006490889654186,8.006536385494693,5,27.77777777777778,5.797495956999693,9.766847338102101,20.06870176216411,20.93924066562051,17,10
3,13,3.0,23.076923076923077,10,6.166512879689687,9.618967669040755,11.529295437529111,2,15.384615384615385,8.089349172019535,12.666725843534259,26.711886820367422,26.96466693777829,17,10
4,14,3.0,21.428571428571427,10,10.01116894388878,16.468516232779184,20.104052829674792,2,14.285714285714286,6.958029366594784,11.16894388878041,22.399822097216322,23.706323122470074,17,10
5,8,1.0,12.5,10,12.510387872765705,20.00863314180602,20.009228095457182,0,0.0,5.962313127370832,10.3878727657058,18.623630073275088,20.311603598294184,17,10
6,11,2.0,18.181818181818183,10,24.553549910752466,45.003359606729724,45.0060472921135,2,18.181818181818183,4.50135421615333,8.095365297919413,15.460232124296171,18.127824859150266,17,10
7,5,0.0,0.0,10,25.01005224250674,25.01335194918431,25.013824272086612,0,0.0,5.649042532863724,10.052242506744403,13.35194918431063,13.824272086610897,17,10
8,3,0.0,0.0,10,25.00767059355697,25.00909911661775,25.009191932097448,0,0.0,3.4260588700928594,7.670593556970997,9.099116617751582,9.191932097445541,17,10
9,5,0.0,0.0,10,36.008581047012306,54.00349856482467,58.800699712964935,0,0.0,5.022562035474659,8.581047012306808,16.6200619537691,17.3182716894323,17,10
10,5,1.0,20.0,3,72.01087884515879,112.01254305490025,118.4128113818249,1,20.0,6.420576973850641,10.878845158785534,12.576032617477546,12.817977368342389,17,10
11,1,0.0,0.0,5,50.00905965644675,50.00905965644675,50.00905965644675,0,0.0,4.722582486990776,9.059656446750598,9.059656446750598,9.059656446750598,17,10
12,3,0.0,0.0,10,60.011426294589874,60.01787227384093,60.018556005015036,0,0.0,6.931555362002347,11.426294589872,17.872273840929164,18.556005015030436,17,10
13,3,0.0,0.0,4,70.01075664543787,70.01239192857976,70.01254928630902,0,0.0,6.306518189812496,10.756645437858083,12.39192857975341,12.549286309021726,17,10
14,3,0.0,0.0,4,120.0141992038183,171.01447970871416,178.2140535726985,0,0.0,9.519733570941922,14.199203818302403,18.741068870776186,19.167204886437798,17,10
15,0,,0.0,3,0.0,0.0,0.0,0,0.0,0.0,0.0,0.0,0.0,17,10
1,13,2.0,15.384615384615385,10,1.625907343355719,3.015581096796871,3.015906250426694,2,15.384615384615385,6.088184288386208,10.52272797110365,15.58109679687115,15.906250426693749,18,10
2,12,5.0,41.666666666666664,10,3.6795847017998504,6.916485249149089,7.796204881939614,4,33.333333333333336,8.323916254312277,12.918035133183999,24.739277513575974,25.425465952189573,18,10
3,12,4.0,33.333333333333336,10,8.012507125927305,17.810480567594745,19.571796706483536,3,25.0,8.251508480988731,12.50712592730624,24.074475138551254,24.115079081435265,18,10
4,16,4.0,25.0,10,12.699451316335919,29.75841854534323,33.96441772534532,4,25.0,7.421600195929089,11.951316335919717,21.295020874617826,24.56840148395974,18,10
5,14,5.0,35.714285714285715,10,17.154434130191518,33.51184986385248,38.70846061602581,4,28.571428571428573,7.338888986289256,11.57698733437452,21.066611219139368,21.066611219139368,18,10
6,14,2.0,14.285714285714286,10,21.43924293048591,35.271949611626795,43.0731273911764,2,14.285714285714286,6.227046922029599,10.671501914483567,21.949611626800586,23.127391176412896,18,10
7,13,5.0,38.46153846153846,10,65.39593264365294,160.01178094153087,172.0123556735527,5,38.46153846153846,6.8297837505774845,11.317259037552803,15.049039663656758,15.257916283679872,18,10
8,5,1.0,20.0,10,30.01459727653374,45.0151717040966,49.013220990222294,0,0.0,9.89128670982172,14.597276533733467,23.22598679068251,24.585416132645197,18,10
9,4,1.0,25.0,10,37.512474530400425,55.51010586029273,59.108635623877106,0,0.0,7.90995777592793,12.474530400420925,19.174269522681637,20.250881827319848,18,10
10,12,1.0,8.333333333333334,8,60.010225708789505,98.01496654042451,115.61086945969267,1,8.333333333333334,5.810952503954034,10.22570878949901,16.80900157106562,18.687189616311368,18,10
11,2,0.0,0.0,1,75.01578912256522,97.51290119190226,99.51264448695444,0,0.0,11.003732041780196,15.789122565222872,18.67705322818251,18.93375817600114,18,10
12,7,2.0,28.571428571428573,10,94.29774890305123,162.01716198343576,176.4156035196071,2,28.571428571428573,7.4993516900738575,12.03461733694569,19.75942315025319,21.317886978918143,18,10
13,0,,0.0,4,0.0,0.0,0.0,0,0.0,0.0,0.0,0.0,0.0,18,10
14,2,0.0,0.0,4,90.01374116419147,90.01607078362393,90.01627786090681,0,0.0,9.092208512124866,13.741164191477488,16.070783623930527,16.277860906815242,18,10
15,1,0.0,0.0,1,150.01697448353028,150.01697448353028,150.01697448353028,0,0.0,12.110124341979,16.974483530278903,16.974483530278903,16.974483530278903,18,10
1,16,3.0,18.75,10,1.7604105086541726,3.0177286125506546,3.019447059407488,3,18.75,6.216786031954223,10.410508654172649,17.728612550654315,19.447059407487494,19,10
2,20,7.0,35.0,10,3.812040356485741,8.006186921193935,8.012288939914228,7,35.0,7.691384511119438,12.040356485741395,20.343488725206736,20.40210625406856,19,10
3,12,1.0,8.333333333333334,10,6.345215227723794,9.819707846821299,11.584250966673299,1,8.333333333333334,7.35680313563707,11.881894390460824,19.707846821300308,24.250966673296247,19,10
4,9,0.0,0.0,10,9.340783132299297,14.006900867546406,14.006926308540585,0,0.0,3.634809185886005,7.44979896596448,15.256436422134474,15.95911939422218,19,10
5,17,4.0,23.529411764705884,10,17.0693506808505,30.00749758274642,30.014300574482903,3,17.647058823529413,6.311931904847314,10.52715143873775,17.120672494855082,20.01725659939634,19,10
6,6,1.0,16.666666666666668,10,22.508623851480337,41.258963694650774,44.258471802160656,1,16.666666666666668,4.938064196868788,8.62385148033892,12.547916451154935,12.747289472326905,19,10
7,7,0.0,0.0,10,32.153783606533246,50.01374122359038,50.01583256926438,0,0.0,6.465023148863572,10.926463676102502,15.92858619259793,16.27004178483168,19,10
8,15,7.0,46.666666666666664,10,56.67812431704582,107.51174039183839,121.50234807836767,6,40.0,7.2097235827166495,11.457650379159317,21.42059394462099,23.021587639976975,19,10
9,3,1.0,33.333333333333336,10,40.01486886331454,57.01234536551598,59.41156212019372,0,0.0,10.144780398220192,14.868863314535929,20.249528421233133,20.975405997434315,19,10
10,10,0.0,0.0,8,52.01084701518399,80.01194233567887,80.01452154599964,0,0.0,6.3908675097533045,10.84701518398601,17.241537441175005,18.599842877688552,19,10
11,8,2.0,25.0,8,93.75990300451909,150.0089678137301,150.0095512948148,2,25.0,5.5097467695368,9.90300451908329,13.49292006764958,13.635673855404034,19,10
12,1,0.0,0.0,10,60.01279713272762,60.01279713272762,60.01279713272762,0,0.0,8.211068358578414,12.797132727619898,12.797132727619898,12.797132727619898,19,10
13,3,0.0,0.0,6,70.01552018558681,70.01732358385469,70.0175246602644,0,0.0,10.752711626120275,15.520185586809388,17.323583854689197,17.524660264404204,19,10
14,1,0.0,0.0,5,90.01893941923682,90.01893941923682,90.01893941923682,0,0.0,13.9441561687286,18.93941923681694,18.93941923681694,18.93941923681694,19,10
15,0,,0.0,1,0.0,0.0,0.0,0,0.0,0.0,0.0,0.0,0.0,19,10
1,19,3.0,15.789473684210526,10,1.747470305131923,3.113880830932961,3.8343771856676394,3,15.789473684210526,6.383130722886171,10.628199868765131,17.582019861197452,17.86530192734242,20,10
2,25,11.0,44.0,10,4.491286455807773,9.606596998134291,11.532206856940544,10,40.0,7.099714252127016,11.286455807773743,19.87264559981297,23.919271110875002,20,10
3,11,1.0,9.090909090909092,10,5.466862594361253,8.014196868043767,8.016873513712584,0,0.0,8.102463475521729,12.317139815798283,19.531560768465056,21.12266927940636,20,10
4,18,5.0,27.77777777777778,10,13.230150721965146,29.05989149910858,33.82266845001183,5,27.77777777777778,4.4964545369950795,7.928499742924028,15.622507109569977,24.325490799934002,20,10
5,18,6.0,33.333333333333336,10,21.12195248537279,41.515878439198666,48.30942963395309,6,33.333333333333336,6.385602385296643,10.841374261678462,17.326586913006462,17.442717972335668,20,10
6,10,0.0,0.0,10,18.011954666551635,30.009245925075643,30.010098264356788,0,0.0,7.424727220506854,11.954666551634872,16.543930610414034,17.4650274412731,20,10
7,10,4.0,40.0,10,45.013421177683085,88.75985950982954,97.76252615238381,2,20.0,8.793539482617545,13.421177683088436,24.242802131904295,24.319758392466643,20,10
8,8,1.0,12.5,10,34.38463563458803,66.26133395059354,73.26099287156062,1,12.5,5.726879039507174,9.635634588029578,15.051665916487574,15.720911433735846,20,10
9,5,1.0,20.0,10,36.014487857532295,54.013146045219315,58.811059965158236,0,0.0,9.789157194627375,14.487857532290926,22.21555408789513,23.30426723735421,20,10
10,12,3.0,25.0,9,73.34611682264351,138.0099081176243,155.60943184588962,3,25.0,8.509460554543226,12.783489310160421,18.082635336380743,18.94191636937439,20,10
11,2,0.0,0.0,8,50.01189749725152,50.013620453222984,50.013773604864895,0,0.0,7.371366535175618,11.897497251515087,13.620453222983613,13.773604864891926,20,10
12,7,1.0,14.285714285714286,10,94.30004435450886,162.02086841981793,176.42388747551556,1,14.285714285714286,9.641880331619971,14.3300687945769,23.042471344646035,24.322285820894507,20,10
13,3,0.0,0.0,7,70.0119817356167,70.01569718429992,70.01589146421641,0,0.0,7.449992946343358,11.981735616698883,15.697184299931413,15.891464216419829,20,10
14,2,1.0,50.0,10,90.0163405952062,90.0247407196614,90.02548739739075,0,0.0,11.518465613863473,16.340595206203595,24.74071966139883,25.487397390749518,20,10
15,1,0.0,0.0,2,150.0101928799237,150.0101928799237,150.0101928799237,0,0.0,5.7803106949027425,10.192879923696548,10.192879923696548,10.192879923696548,20,10
1,19,4.0,21.05263157894737,10,1.8543336746323795,4.113321251962352,4.833856928556039,4,21.05263157894737,7.68023527567989,12.228411474484645,17.559845118454565,23.232413919009502,21,10
2,18,6.0,33.333333333333336,10,4.234275160756477,8.009452416582846,8.013462838721859,6,33.333333333333336,7.516452330495152,12.052938534254476,19.78106359066863,24.55976713624705,21,10
3,17,6.0,35.294117647058826,10,8.4801572102727,16.817612048753823,19.37244069724811,5,29.41176470588235,5.637207933603882,9.568974978583572,20.06360242539705,22.737222668707837,21,10
4,17,8.0,47.05882352941177,10,15.658070366925127,35.00614703784045,35.00990461948388,7,41.1764705882353,6.764053703419983,11.011543395716004,23.960701141531132,24.51258512362481,21,10
5,15,5.0,33.333333333333336,10,16.01515015912921,30.014231438511516,30.017195185657407,4,26.666666666666668,10.407336305329743,15.150159129209097,22.129541876572834,24.73530568435074,21,10
6,15,4.0,26.666666666666668,10,24.00994558466761,45.0088808513484,45.01124935445475,4,26.666666666666668,6.04729293538385,9.945584667609994,24.063814738369878,24.112947001398993,21,10
7,10,1.0,10.0,10,32.51317276833193,50.014512296673594,50.01490608138047,0,0.0,8.56167914511526,13.172768331929229,19.576475714272775,21.82921536469155,21,10
8,14,2.0,14.285714285714286,10,35.72432010352739,58.76410971245541,71.76438540056898,1,7.142857142857143,5.899058670987938,10.034389241676454,17.91395879847068,23.05398972577991,21,10
9,4,0.0,0.0,10,30.010092669179354,30.013241901680296,30.013585470177933,0,0.0,5.68677598336103,10.092669179352612,13.241901680296268,13.585470177933372,21,10
10,9,1.0,11.11111111111111,10,48.90113514993173,80.01249457430765,80.01389112555816,0,0.0,7.696895707044042,12.246261042848877,20.48643901980379,23.81773269927934,21,10
11,10,1.0,10.0,9,70.0116385340672,127.51508780871038,145.5128559742521,1,10.0,7.503007488016746,11.638534067184011,17.56663372615514,18.31137138488784,21,10
12,7,1.0,14.285714285714286,10,85.72700326150246,162.0094948254355,176.40920657825387,1,14.285714285714286,8.136784828898298,12.717547216754026,17.56464546661899,17.815179707311827,21,10
13,3,0.0,0.0,7,70.0088588152583,70.01214552526942,70.01245776344692,0,0.0,4.535121324513137,8.858815258299549,12.145525269411104,12.457763446918335,21,10
14,2,0.0,0.0,10,90.00388782847654,90.00738687410544,90.00769790038356,0,0.0,1.762061475042309,3.8878284765438975,7.386874105433405,7.697900383556917,21,10
15,1,0.0,0.0,2,150.017176122716,150.017176122716,150.017176122716,0,0.0,12.298330339194067,17.17612271598916,17.17612271598916,17.17612271598916,21,10
1,25,10.0,40.0,10,2.210923751315997,4.016118424875457,4.783112095060216,9,36.0,6.761173108307348,10.923751315997048,24.746808450265394,26.12300554147163,22,10
2,18,6.0,33.333333333333336,10,4.01132099051098,8.310018617219145,9.670672984951953,5,27.77777777777778,7.040684426774483,11.320990510979875,20.039376894998345,20.279581226067066,22,10
3,18,3.0,16.666666666666668,10,6.6780778625457025,12.609008665190185,15.327339633841838,2,11.11111111111111,6.917462526230088,11.41119587903645,19.209716745124144,20.43506544945015,22,10
4,22,6.0,27.272727272727273,10,14.01003511380977,28.010760026443197,33.53948708663459,6,27.272727272727273,5.8027604157074455,10.035113809769221,17.561537753828564,18.48017089105271,22,10
5,12,2.0,16.666666666666668,10,16.678391284516135,30.016620659891064,30.019066545527075,2,16.666666666666668,7.521131036746724,11.724617849469565,19.67801693607607,19.67801693607607,22,10
6,11,3.0,27.272727272727273,10,25.919045528801654,52.50856250597138,58.50808111405753,2,18.181818181818183,5.897334295166627,9.954619710742183,19.73943944222095,22.809044308219377,22,10
7,12,1.0,8.333333333333334,10,37.508300136903344,61.25885637173269,72.25736797712729,1,8.333333333333334,4.324788772521802,8.300136903343823,13.85132748018908,15.545240339190562,22,10
8,9,1.0,11.11111111111111,10,33.34545503651126,50.01507073463791,50.01740594588994,0,0.0,7.580635878399851,12.121703177926854,21.79929795574292,23.831057557234367,22,10
9,8,0.0,0.0,10,37.50880961238053,60.00909359851829,60.00971955227401,0,0.0,4.489196339028257,8.809612380527568,11.576522918295195,11.621858450569016,22,10
10,10,2.0,20.0,10,48.01261369392695,80.00978527764418,80.0117271357136,0,0.0,8.039850238016895,12.613693926945476,22.408163922074444,23.71162789095546,22,10
11,6,1.0,16.666666666666668,10,58.34364956193128,87.5136018603874,97.5111925400932,0,0.0,5.895441889075727,10.31622859794927,19.62516112290971,22.034481417114044,22,10
12,5,1.0,20.0,10,60.01082503227908,60.01994751976854,60.020582626054136,0,0.0,7.117053160215744,10.825032279086297,19.94751976854527,20.58262605413438,22,10
13,1,0.0,0.0,2,70.0103850637356,70.0103850637356,70.0103850637356,0,0.0,5.959691234658879,10.385063735604312,10.385063735604312,10.385063735604312,22,10
14,2,0.0,0.0,10,90.01426887169927,90.01699557946414,90.01723795348768,0,0.0,9.584760182542677,14.268871699276941,16.995579464140988,17.237953487684457,22,10
15,0,,0.0,2,0.0,0.0,0.0,0,0.0,0.0,0.0,0.0,0.0,22,10
1,19,7.0,36.8421052631579,10,2.2740837121336086,4.11854463876546,4.832700284877079,7,36.8421052631579,6.85742205922768,10.925817396766385,19.703182803694563,22.2003459905859,23,10
2,24,9.0,37.5,10,5.013104302671743,11.729795802969743,13.561055780009545,9,37.5,8.653338007389971,13.104302671743147,20.80255253919148,28.982727432968762,23,10
3,9,2.0,22.22222222222222,10,7.1222833807509165,14.412590427593933,15.691479221740401,2,22.22222222222222,6.694453536400584,11.172269639805599,14.79456091590606,14.85889283409121,23,10
4,10,3.0,30.0,10,14.01127417220917,24.861857080070507,27.379619141171506,3,30.0,6.789567363696155,11.274172209168192,15.667415383583448,15.92351414403621,23,10
5,17,6.0,35.294117647058826,10,20.011990456860747,40.01035527192007,40.01649276756428,5,29.41176470588235,7.458133181719629,11.99045686074556,19.26696813877998,21.72908762424868,23,10
6,11,4.0,36.36363636363637,10,28.6463955194658,52.51496624386376,58.51741496195302,4,36.36363636363637,5.969450404835027,10.031883102160636,19.592008433407035,20.843901999869097,23,10
7,13,5.0,38.46153846153846,10,44.24362281357358,85.01088111213741,97.01213933863392,5,38.46153846153846,8.263757735131808,12.853582804349742,22.59485684224746,24.828368677485667,23,10
8,11,4.0,36.36363636363637,10,54.55740796021311,112.5130051817373,122.51473411521134,4,36.36363636363637,7.42355882180237,11.953414758563223,17.636555605862007,19.57467717056728,23,10
9,9,0.0,0.0,10,40.01135787301103,60.01286021959328,60.013527210220765,0,0.0,6.867692023976566,11.357873011033881,17.329540373604747,18.483242663615346,23,10
10,6,0.0,0.0,10,53.34143806458493,80.0100723934822,80.0107550033432,0,0.0,4.453527721563474,8.104731251583216,12.984935678867672,13.534076977647654,23,10
11,6,0.0,0.0,10,50.01084737959212,50.01606878136289,50.01705453208663,0,0.0,6.3912076410464636,10.847379592123913,16.068781362890228,17.054532086631003,23,10
12,3,0.0,0.0,10,60.01294669597576,60.01562542899768,60.01590006064269,0,0.0,8.350667713548143,12.94669597575384,15.62542899767635,15.900060642688013,23,10
13,1,0.0,0.0,2,70.00802380114327,70.00802380114327,70.00802380114327,0,0.0,3.755735791611928,8.023801143265953,8.023801143265953,8.023801143265953,23,10
14,4,1.0,25.0,10,90.01692958651643,90.02271009166947,90.02376837703693,0,0.0,12.068218364069924,16.929586516437613,22.710091669463047,23.768377036919418,23,10
15,0,,0.0,2,0.0,0.0,0.0,0,0.0,0.0,0.0,0.0,0.0,23,10
1,31,15.0,48.38709677419355,10,2.7209464806993267,5.517303085452358,6.010728649679122,15,48.38709677419355,7.146105398547151,11.269061344488133,21.732417645639565,25.049798434709825,24,10
2,35,17.0,48.57142857142857,10,5.496557071538654,10.616741910723809,12.014362955713558,17,48.57142857142857,6.600263925712445,10.842785824367883,17.881809936901426,19.345734526770013,24,10
3,19,9.0,47.36842105263158,10,11.800299505213838,24.413991876360477,27.287633560297806,9,47.36842105263158,6.37108528391605,10.825821003309596,18.736690752709173,19.23916045985898,24,10
4,16,4.0,25.0,10,12.260805326553086,21.00847184168838,21.01180934179865,3,18.75,6.351956172539035,10.80532655308751,17.86482593758206,20.4984655007041,24,10
5,9,2.0,22.22222222222222,10,14.454737423541324,26.018765871012107,29.215954338814207,2,22.22222222222222,6.28857685468502,10.29297909687904,20.523078635797535,23.334610833700076,24,10
6,20,8.0,40.0,10,34.511243439968275,75.75920038542532,87.1587937400746,7,35.0,6.760882502546162,11.243439968272133,21.90984994041225,24.98552440619578,24,10
7,13,4.0,30.76923076923077,10,42.32026231501901,75.01179723271412,75.01533183851257,3,23.076923076923077,7.999074036031896,12.570007326697471,19.915427782200517,20.576207656865428,24,10
8,10,3.0,30.0,10,47.51267016054008,88.76519722316455,97.76260266046029,2,20.0,8.46590707720925,12.670160540083538,22.585222933223775,24.826441895680933,24,10
9,7,1.0,14.285714285714286,10,47.15277489956806,81.00862774909659,88.20869304437615,1,14.285714285714286,5.523516171383558,9.917756710921921,15.070735034560517,16.0596915722133,24,10
10,10,1.0,10.0,10,56.0096054563351,80.01069642242928,80.01157949858327,0,0.0,5.605373252707855,9.605456335094832,16.880070529282115,20.205032432387487,24,10
11,4,0.0,0.0,10,62.51203794427718,92.50773126698627,98.50666610655303,0,0.0,7.502456989785687,12.037944277184286,15.235409513758098,15.268004613509449,24,10
12,6,0.0,0.0,10,80.00842222528864,120.00635633152929,120.00650947386971,0,0.0,4.127616948196135,8.422225288639707,15.412947119489637,16.923365237950886,24,10
13,7,1.0,14.285714285714286,10,80.0138951331368,119.02184593499103,135.82359918210472,1,14.285714285714286,9.23592005704962,13.895133136806455,21.8459349910992,23.599182104760406,24,10
14,4,0.0,0.0,10,90.0101415244814,90.01132181713606,90.01135741051775,0,0.0,5.7323765485924705,10.141524481400655,11.321817136063407,11.357410517735346,24,10
15,3,0.0,0.0,4,200.01238670684916,285.0186357366672,297.0194655806289,0,0.0,7.827985023537628,12.386706849168613,18.635736667214633,19.465580628874807,24,10
1,23,9.0,39.130434782608695,10,2.0968786344338888,4.00674541577127,4.010718585886665,9,39.130434782608695,5.852235897171564,9.922112694758022,17.269951596910676,20.737532628731298,25,10
2,22,8.0,36.36363636363637,10,4.738762390644583,9.908053202547123,11.594350987441349,8,36.36363636363637,7.1604079873682105,11.489663371855485,17.93252390842519,18.615317616352403,25,10
3,14,3.0,21.428571428571427,10,7.153374724939532,13.412838004419532,15.490420093804444,3,21.428571428571427,6.350061238336752,10.517582082388813,16.529984110975807,17.933966568328845,25,10
4,21,6.0,28.571428571428573,10,14.010954867123868,28.013283198139735,33.60971238477394,6,28.571428571428573,6.669321040866557,10.954867123870413,15.384088822121084,20.44282011329173,25,10
5,12,3.0,25.0,10,15.845747942978534,30.010079101342328,30.01016992664958,2,16.666666666666668,8.165155627148708,12.414609645201999,20.93407625321103,22.29626444317431,25,10
6,20,8.0,40.0,10,34.512252447821126,60.76215592056065,72.16077177689355,8,40.0,7.702670322580988,12.252447821123159,19.62035548261998,21.2900734453915,25,10
7,13,3.0,23.076923076923077,10,42.32056417263304,85.01477089006373,97.00864395279423,3,23.076923076923077,8.280821916864834,12.871864940734206,22.9409499321044,26.618084504594744,25,10
8,12,3.0,25.0,10,52.09173911307243,111.26492903089483,122.26714269996927,3,25.0,4.734520379823535,8.40577973909434,14.92903089485107,17.14269996926012,25,10
9,13,4.0,30.76923076923077,10,53.089984694807804,102.01166109321248,116.4189253407429,3,23.076923076923077,8.745127400553233,13.061617884718713,22.994611148904973,24.53914100428969,25,10
10,7,0.0,0.0,10,45.726524429656834,68.019495952118,77.61948053139022,0,0.0,7.689852727443561,12.23871537112412,19.521653331012775,19.537074058801426,25,10
11,3,0.0,0.0,10,50.01091241064239,50.013316843576895,50.01363400490995,0,0.0,6.451906327279114,10.912410642391919,13.316843576896177,13.634004909952575,25,10
12,5,1.0,20.0,10,84.01216188163255,120.00866378170366,120.00892991658809,0,0.0,7.618137647178389,12.161881632551538,18.970319425321872,20.380941468703544,25,10
13,7,2.0,28.571428571428573,10,90.01640877443388,140.02055864790043,140.0244211268891,1,14.285714285714286,11.5821027461445,16.40877443387942,24.299334561396716,25.16926422131552,25,10
14,7,0.0,0.0,10,115.72371754497085,180.0105587573994,180.0115749869871,0,0.0,5.06996250355584,9.431830685131285,11.744810778293862,11.812197662910846,25,10
15,3,0.0,0.0,5,200.00996228309506,285.0091203038766,297.00861045566893,0,0.0,5.56507621088737,9.962283095031024,14.218785953660785,14.728634161365644,25,10
1,36,21.0,58.333333333333336,10,2.871921198833588,6.002109535470053,6.00947226796147,19,52.77777777777778,6.563817946425066,10.81008772247684,22.803673678766106,28.771330599894277,26,10
2,21,7.0,33.333333333333336,10,4.487482031406227,10.005785472593915,10.006044832880166,7,33.333333333333336,6.805792315591919,11.291555215750664,18.497555799571014,24.008908468950384,26,10
3,18,5.0,27.77777777777778,10,7.123251787927505,12.61595383233884,15.330436677142528,4,22.22222222222222,7.5983454943945805,12.14067681639353,18.200166344145423,22.866391971855887,26,10
4,19,6.0,31.57894736842105,10,13.643315972087153,28.012272886998026,28.01354400090914,6,31.57894736842105,7.418085738647119,11.737024718731586,19.9911254952287,21.36422744791325,26,10
5,20,5.0,25.0,10,18.012152606811725,30.515757010465162,38.1092575015046,5,25.0,7.609480714268005,12.152606811724212,18.941402229345275,24.097677754905224,26,10
6,19,5.0,26.31578947368421,10,27.643036434123097,46.51920442714582,57.30813820369219,5,26.31578947368421,7.157170574273927,11.457486754680689,20.127427068122397,20.618607514049806,26,10
7,13,3.0,23.076923076923077,10,44.24057741469529,85.00827874958964,97.00712752880912,3,23.076923076923077,5.421243117803808,9.808183926052816,12.998984704077884,13.291160526950813,26,10
8,14,3.0,21.428571428571427,10,46.44134238098775,108.75803740967876,121.75715276176813,3,21.428571428571427,8.186632177798462,12.770952416326692,18.531378411581798,19.33901907491523,26,10
9,11,2.0,18.181818181818183,10,49.1015228240544,90.0131815555899,90.01517302922953,2,18.181818181818183,6.173126704231108,10.613733145309952,14.646770647227353,15.466072240989714,26,10
10,7,1.0,14.285714285714286,10,62.867915974106445,108.01735285946611,117.61953429653812,1,14.285714285714286,6.321892383659681,10.773116963602059,17.974975504932345,19.65871974590528,26,10
11,13,5.0,38.46153846153846,10,100.01096297730118,170.01323748011185,194.01603333408335,4,30.76923076923077,6.78629810638432,10.962977301176265,20.639873234762412,25.3289640249725,26,10
12,13,4.0,30.76923076923077,10,106.16536788627732,204.01299334864447,232.80999397118904,3,23.076923076923077,7.307829008555236,11.52173243115392,20.715662188276294,22.402841867502243,26,10
13,6,0.0,0.0,10,81.67806023551208,122.51412301516255,136.5138064497556,0,0.0,6.90100980436246,11.39356884541799,15.30189599662818,15.308487550274156,26,10
14,7,1.0,14.285714285714286,5,141.43737360407695,243.0103608963342,264.61066567576245,1,14.285714285714286,4.4822549081254195,8.802175505530897,10.68728650294239,10.730953796215326,26,10
15,1,0.0,0.0,5,150.00738432972167,150.00738432972167,150.00738432972167,0,0.0,3.1588659115519593,7.3843297216792045,7.3843297216792045,7.3843297216792045,26,10
1,44,26.0,59.09090909090909,10,3.079707589094818,6.01538675052241,7.584692074498436,26,59.09090909090909,7.109257313028342,11.525770912999745,19.581451006075007,23.177203616522398,27,10
2,43,26.0,60.46511627906977,10,6.429210740334159,12.011538114925893,15.17485228156977,25,58.13953488372093,6.252818024295894,10.606089171367003,16.985925658593075,20.798028250274015,27,10
3,31,17.0,54.83870967741935,10,12.655341159513158,28.01118681929843,30.811489907428104,17,54.83870967741935,6.009039011973289,10.179869190578902,18.047725797802492,22.802377309749307,27,10
4,24,12.0,50.0,10,20.42775528030041,47.9580560229001,54.4023871308218,11,45.833333333333336,6.616370687630366,11.088613633743412,19.190357662815412,24.095341661882333,27,10
5,21,8.0,38.095238095238095,10,24.77138817038501,60.014538177741166,68.01453817774117,8,38.095238095238095,5.295890869505398,9.483408480250782,14.538177741168315,14.538177741168315,27,10
6,26,10.0,38.46153846153846,10,32.319295914683195,60.01198461108749,60.01734756083413,9,34.61538461538461,7.09705522322139,11.60360699088563,21.54659646906189,24.175189669436218,27,10
7,22,8.0,36.36363636363637,10,57.96615363508811,123.76102129854749,144.76117712258906,8,36.36363636363637,7.101324085296998,11.608180542661728,18.695305587302084,19.58181204974586,27,10
8,18,5.0,27.77777777777778,10,43.067672555185446,75.01557951242921,75.0169547400807,4,22.22222222222222,7.576245680401576,12.116999629885994,18.1971494209723,22.27081375852794,27,10
9,16,5.0,31.25,10,67.50895407968198,157.50710968841122,175.5066328314814,5,31.25,5.09072927378603,8.954079681980533,12.481556584895715,13.718556150341241,27,10
10,12,3.0,25.0,10,66.678374810766,120.00752348543737,120.00892784621495,3,25.0,7.5057547666927,11.708144099329651,20.6826923151952,24.445935772075224,27,10
11,12,3.0,25.0,10,79.17823086274365,150.01075811505564,150.01113304306963,2,16.666666666666668,7.060269861651914,11.564196076979153,17.825612301418655,21.536232549186074,27,10
12,9,2.0,22.22222222222222,10,100.01112033593378,180.01388812338368,180.01454172076032,2,22.22222222222222,6.6459796502584165,11.12033593378905,15.010390231780557,15.173200966340449,27,10
13,5,0.0,0.0,10,84.01214921540529,126.0107867854872,137.20940508225485,0,0.0,7.606315243090274,12.149215405285988,17.183581187399497,17.592957556670193,27,10
14,2,0.0,0.0,7,90.0,90.0,90.0,0,0.0,0.0,0.0,0.0,0.0,27,10
15,2,0.0,0.0,1,225.0167788579596,292.5154673052182,298.51535072275226,0,0.0,11.927531333175432,16.7788579595939,18.09041070100046,18.206993166903267,27,10
1,103,83.0,80.58252427184466,10,6.340847389151263,13.017904924284647,15.014567405364026,83,80.58252427184466,6.40934044820407,10.75030177262105,19.27047470492079,20.720518156080953,28,10
2,88,69.0,78.4090909090909,10,13.351967855674763,31.30901695004278,34.27488171727635,69,78.4090909090909,6.630936715875464,11.058764765673404,20.072498920606794,23.36216936141528,28,10
3,91,71.0,78.02197802197803,10,23.879174771150236,52.00679714018137,56.011036837762575,71,78.02197802197803,6.737816091756634,11.042903018372307,20.16301147716607,22.239538839189017,28,10
4,69,49.0,71.01449275362319,10,35.41751202553745,88.21179247267443,107.24890734452669,49,71.01449275362319,7.255065372795718,11.714924088172413,20.58069449885269,25.123978241492292,28,10
5,62,45.0,72.58064516129032,10,43.075029426100144,89.51401888427938,103.90604574996493,45,72.58064516129032,6.260035878332481,10.513297067894394,20.290889587724852,24.34551395249647,28,10
6,66,49.0,74.24242424242425,10,76.8295994802712,191.26307455249483,230.26106436547147,48,72.72727272727273,6.923497958085067,11.417662089373293,19.450076670144057,25.46033988523693,28,10
7,37,22.0,59.45945945945946,10,73.66081147934491,150.01386298310186,166.01520027382324,21,56.75675675675676,7.719929437837689,12.162830696288363,20.82137212434417,24.81128331019461,28,10
8,47,29.0,61.702127659574465,10,90.43682530664017,200.01052055662123,213.51102474812768,29,61.702127659574465,6.966379700183847,11.293391746540411,19.518800676957156,22.680997966405265,28,10
9,26,8.0,30.76923076923077,10,62.319120940265535,120.0134990094343,142.51003171049155,8,30.76923076923077,6.933737589064336,11.428632573221762,18.64083161233099,18.750898731234578,28,10
10,42,25.0,59.523809523809526,10,150.48650489172638,398.008923441693,463.60910553201785,25,59.523809523809526,6.071536293064515,10.314415535927255,17.002328686173197,21.707245912536294,28,10
11,31,15.0,48.38709677419355,10,135.49545043086155,275.01015652291227,335.0080601018989,15,48.38709677419355,7.074519814951153,11.579463119593015,20.001922328638315,24.23497535576382,28,10
12,22,9.0,40.90909090909091,10,139.10318446996718,297.01072826567895,347.40925244127425,8,36.36363636363637,7.7240738821434896,12.275379058094058,22.49263543488708,24.40673198218057,28,10
13,17,4.0,23.529411764705884,10,131.7742373330516,280.00796639932054,280.0083431234891,4,23.529411764705884,5.382564678643169,9.531450698641454,17.26850104011644,18.90144350582703,28,10
14,12,4.0,33.333333333333336,10,150.01313031073298,310.5121979180109,350.11352900711177,3,25.0,8.522050068431385,13.130310732961997,23.237352375114455,24.367915370341475,28,10
15,4,1.0,25.0,3,262.51519473554043,427.51624300483616,445.5176478944814,1,25.0,10.448943039164641,15.194735540453554,18.523960406927074,18.598055961863054,28,10
1,29,13.0,44.827586206896555,10,2.4591688123634174,5.0080036691498355,5.010869831292429,13,44.827586206896555,6.5624845049437175,10.892950294452351,18.66056246977721,24.06760032840436,29,10
2,33,17.0,51.515151515151516,10,5.10302110634608,10.01095173389286,11.370526454830944,16,48.484848484848484,7.571593534088697,12.112015436989832,23.045336264329,29.77821308002693,29,10
3,27,15.0,55.55555555555556,10,12.010564172711259,26.8113298199372,30.96715541133835,14,51.851851851851855,6.265146511686619,10.564172711257552,17.275340627561626,20.604327539170097,29,10
4,22,9.0,40.90909090909091,10,16.554499354477123,34.656194996473005,35.010601793509814,9,40.90909090909091,4.708724197183585,9.044809022580232,12.367890726442209,14.410343172508806,29,10
5,33,19.0,57.57575757575758,10,33.04152499978038,84.00717277062812,96.80789261730902,19,57.57575757575758,6.853979352379169,11.22196947734965,21.723421131211268,29.135752095373956,29,10
6,23,6.0,26.08695652173913,10,33.923169426751016,88.50764875851785,101.7147309922678,6,26.08695652173913,5.717838228783687,10.125948490139928,16.70806175074888,16.950328813678592,29,10
7,21,7.0,33.333333333333336,10,60.72690765247154,150.01370646986257,170.01170243019413,7,33.333333333333336,8.047545264937256,12.621938185817141,21.762039719966882,24.21423909016628,29,10
8,20,8.0,40.0,10,58.760290360509316,126.26083988478038,145.26089016478747,8,40.0,6.0579731446536975,10.290360509323794,16.019419462457197,16.589721953494657,29,10
9,19,7.0,36.8421052631579,10,67.90589449134846,150.00630527467692,150.0078753592911,7,36.8421052631579,6.680807149606442,11.157649243209448,16.829371342002524,21.471654884515157,29,10
10,13,3.0,23.076923076923077,10,73.85752551141302,136.00987959281562,155.20825097103227,3,23.076923076923077,6.880565433500591,11.37166525916704,17.95009764950149,19.075103196534695,29,10
11,7,0.0,0.0,10,64.29757760182213,100.01058208299978,100.01181163883652,0,0.0,7.339462536903853,11.863316107834162,17.922224586520294,18.59199808340465,29,10
12,10,0.0,0.0,10,72.01167033969662,120.01360581244876,120.01495257032187,0,0.0,7.159342200759684,11.670339696628385,15.790335161241144,16.105754823348857,29,10
13,3,1.0,33.333333333333336,10,70.01579620708362,70.02910980123782,70.03087821592852,0,0.0,11.010344590065465,15.796207083630577,29.109801237820765,30.878215928527588,29,10
14,2,0.0,0.0,10,90.00914276442128,90.0096806336947,90.00972844429678,0,0.0,4.80015381405752,9.14276442128729,9.68063369470002,9.728444296781152,29,10
15,1,0.0,0.0,3,150.01324685243546,150.01324685243546,150.01324685243546,0,0.0,8.630827770827116,13.246852435453249,13.246852435453249,13.246852435453249,29,10
1,38,21.0,55.26315789473684,10,3.5895100072307704,8.012162398733166,8.642071338330128,21,55.26315789473684,6.223686803368065,10.562638809717706,20.747909845354283,24.650556119148227,30,10
2,40,22.0,55.0,10,7.2610147639477045,18.011741872836257,19.232333258873112,22,55.0,6.640778869498854,11.014763947705008,18.590321997033985,20.80711058354694,30,10
3,34,18.0,52.94117647058823,10,12.952378125335176,33.41408317705618,38.69146038210781,17,50.0,6.721881009745842,11.20165474693961,18.25765648739443,20.07498797722503,30,10
4,32,16.0,50.0,10,19.48050228460336,38.16349237116623,46.84783369479672,16,50.0,7.235827943516342,11.752284603358818,19.42128586252179,23.957694507890682,30,10
5,30,15.0,50.0,10,27.345669560628753,50.01578453406311,57.115096093619435,15,50.0,7.780868414137426,12.336227295416517,19.092376493587118,23.640375698897078,30,10
6,31,12.0,38.70967741935484,10,33.880464135658876,60.01405495857459,70.5050649426228,12,38.70967741935484,5.61196890881547,9.49639372338895,17.95271466917817,19.115864291616067,30,10
7,18,7.0,38.888888888888886,10,51.400319610997386,100.0085686882953,100.010899607076,7,38.888888888888886,7.143105712911364,11.430722108493415,19.130838356780927,24.30377812083055,30,10
8,15,6.0,40.0,10,56.677207971980415,132.50902576331833,146.50913164164558,5,33.333333333333336,6.603326713603195,10.541305313745548,22.590418891003534,24.238528673519287,30,10
9,16,4.0,25.0,10,56.26114522619815,127.51593340059925,145.52221727003754,4,25.0,6.669211726947619,11.145226198155154,17.885199608665733,22.607629839434633,30,10
10,15,3.0,20.0,10,66.67882539058047,120.0133070450191,120.01335155919395,3,20.0,7.615190295423627,12.15872391379323,17.36468502975124,20.066059106375572,30,10
11,13,3.0,23.076923076923077,10,69.2432969284038,120.01619553163039,144.01290286650277,1,7.6923076923076925,8.24677688024588,12.527697634567343,22.43776337197248,24.482763042880713,30,10
12,6,4.0,66.66666666666667,10,120.0134403370289,225.00909554878717,237.00915050644844,2,33.333333333333336,8.8114224341466,13.44033702889979,21.562382508901145,21.678478850647735,30,10
13,8,1.0,12.5,10,78.75932783842732,115.5136274050032,135.11056291371978,0,0.0,5.439588237573664,9.327838427327414,18.688153241368695,20.330752748699062,30,10
14,9,3.0,33.333333333333336,10,180.00707062533357,324.00675227317794,352.8065603023519,3,33.333333333333336,3.2808960744503377,7.070625333572078,10.951332780659055,12.376915959109576,30,10
15,2,1.0,50.0,10,150.0157843951632,150.02298785317373,150.02362816055245,0,0.0,10.99931957894815,15.78439516319745,22.987853173733917,23.62816055244827,30,10
1,47,29.0,61.702127659574465,10,3.563683628843057,7.712166588800619,8.549347617997547,29,61.702127659574465,6.297943406724072,10.492139481353735,19.74464947465268,23.205155938349918,31,10
2,37,19.0,51.351351351351354,10,5.632742927067787,12.009770860550606,12.018842148122394,19,51.351351351351354,6.848696480753316,11.121305446165989,18.83612734102181,21.405573643912543,31,10
3,34,18.0,52.94117647058823,10,13.422260474884617,32.01084909119178,34.690672412888624,18,52.94117647058823,6.063021324171966,10.495769002264746,17.53141950519701,21.061602530435866,31,10
4,22,8.0,36.36363636363637,10,14.328832297792086,27.663054187968076,33.53976497222009,7,31.818181818181817,6.37713058947219,10.650479610264075,22.178603556550616,25.266596127859383,31,10
5,36,20.0,55.55555555555556,10,28.900142571763322,60.0087208778078,60.01704889636113,20,55.55555555555556,6.977860820280205,11.25368287443091,20.20906840157351,23.555017719945933,31,10
6,21,6.0,28.571428571428573,10,27.868951923061452,45.025067871831716,57.01099496495446,5,23.80952380952381,7.288826491489454,11.80906591859455,21.520446407141684,24.35838674680104,31,10
7,22,7.0,31.818181818181817,10,47.73827075239064,75.02416735010077,94.7603803149898,7,31.818181818181817,6.7015226396259555,10.998025117908766,24.286546484948033,24.98023553207667,31,10
8,11,3.0,27.272727272727273,10,52.28143417818921,112.50772746191691,122.50700033241391,3,27.272727272727273,4.393331748190527,8.706905461933058,13.412042626742288,14.504437452827784,31,10
9,17,10.0,58.8235294117647,10,82.95154258940875,186.01115022303745,205.2109052565233,8,47.05882352941177,6.381246108363653,10.366118820522182,23.68620243320644,24.037424540366302,31,10
10,14,3.0,21.428571428571427,10,68.58152630167699,120.00902990691576,120.00910646285949,3,21.428571428571427,5.69149988435199,10.097730248411452,18.669565889628462,18.76969161221672,31,10
11,11,3.0,27.272727272727273,10,86.37425586022181,150.00898396993082,150.0101610606727,2,18.181818181818183,6.517917118831947,10.619496585450134,22.212329216438263,24.037302759675253,31,10
12,7,1.0,14.285714285714286,10,94.29415632652335,162.0126365338509,176.41160741124864,1,14.285714285714286,4.679472399876515,8.442040809074161,14.636103699840639,15.437733892643411,31,10
13,8,4.0,50.0,10,201.25819433228702,395.5042651974632,415.1008530394926,4,50.0,5.314976267017951,8.1943322870109,17.64343142904002,18.35673900837752,31,10
14,4,0.0,0.0,10,135.01092847057868,180.01413335854684,180.01485090374868,0,0.0,6.466896351744524,10.928470578694206,14.348227045977225,14.893877448523163,31,10
15,4,0.0,0.0,10,150.01093957752545,150.01588461381726,150.01635738428683,0,0.0,6.477263354499864,10.939577525469415,15.88461381727773,16.357384286828214,31,10
1,54,39.0,72.22222222222223,10,4.659283886450884,10.360572864907837,11.480097941322176,36,66.66666666666667,6.660355914460807,11.13573830273701,20.14193546912997,21.54683357639107,32,10
2,40,23.0,57.5,10,6.810083762858935,14.113558188597299,17.22224062188031,22,55.0,5.958477022301572,10.083762858933913,18.101965302584034,22.366781219397293,32,10
3,29,14.0,48.275862068965516,10,9.805270689963448,18.4121125830136,22.900476769490684,14,48.275862068965516,7.623140615718923,12.167241687584717,21.9302241746684,23.72776429997375,32,10
4,36,24.0,66.66666666666667,10,25.677832504008705,49.00939277686544,53.56517582780949,23,63.888888888888886,6.792158654497134,11.16583734203857,17.604980214101104,19.735493430590804,32,10
5,26,11.0,42.30769230769231,10,32.70176265355289,87.50948743814072,97.51128823174119,11,42.30769230769231,5.235149041122654,9.454961245195086,15.896797206047182,16.728347968310533,32,10
6,23,10.0,43.47826086956522,10,33.27104412327998,60.01496284495662,71.70964350081469,9,39.130434782608695,6.087863372190851,10.17455806258315,19.599407992579234,23.163224012803816,32,10
7,32,14.0,43.75,10,60.94815949210704,125.00874138938929,125.00947408208341,14,43.75,6.332509715835494,10.659492107040762,17.43759192736423,20.96586599093949,32,10
8,24,10.0,41.666666666666664,10,57.3012797652874,121.2523853650039,144.25525028352936,9,37.5,5.705844416783223,9.613098620735544,17.973176484639236,22.534821196442486,32,10
9,11,1.0,9.090909090909092,10,46.375658814918,75.01400659516293,87.01170535763245,1,9.090909090909092,7.487996136520564,12.02245128163578,17.83893255945096,18.603564946181223,32,10
10,11,2.0,18.181818181818183,10,58.19386852461551,100.01875399262065,116.01654082959146,2,18.181818181818183,7.853440455831335,12.050342797337178,20.49380688429275,21.3151185025719,32,10
11,13,3.0,23.076923076923077,10,84.62706973173918,170.00985513441253,194.00927864004927,3,23.076923076923077,7.173134438772793,11.685116354562977,19.984533946942648,25.197896167408548,32,10
12,14,2.0,14.285714285714286,10,90.01329097646355,141.01607326403465,172.21270761944086,1,7.142857142857143,8.672012259252147,13.290976463554367,22.48984141151741,26.527862800477347,32,10
13,8,2.0,25.0,10,122.51158969929853,255.51016697907053,275.1103976625006,2,25.0,7.0840740603741095,11.589699298544101,17.613216051914602,18.45616584508917,32,10
14,6,1.0,16.666666666666668,10,120.01054447712507,180.01022900067625,180.01113884722577,0,0.0,6.730737895039391,10.544477125069315,18.93056703201048,20.37923550682742,32,10
15,0,,0.0,10,0.0,0.0,0.0,0,0.0,0.0,0.0,0.0,0.0,32,10
1,52,35.0,67.3076923076923,10,4.663321688015165,11.003809877429457,12.007119063219145,34,65.38461538461539,5.469746798890578,9.475534169010446,17.914226322023406,22.698761963263745,33,10
2,57,38.0,66.66666666666667,10,7.764616892011538,16.41325569112982,18.895487223277254,37,64.91228070175438,6.077824593356809,10.230927099256794,20.94172374855288,24.491581462360934,33,10
3,39,21.0,53.84615384615385,10,11.394491146989932,24.407796538006995,30.493389279133602,20,51.282051282051285,5.867244651577102,9.875762374548572,21.877114117129086,26.093439074577955,33,10
4,60,41.0,68.33333333333333,10,28.828110706832888,63.00810670799509,70.00653486346567,40,66.66666666666667,7.01034406726977,11.44404016621762,20.65200368792706,23.172267548517752,33,10
5,34,17.0,50.0,10,25.59841574328477,50.0075229296263,56.71416569961762,17,50.0,6.207945754327148,10.180449167119539,24.54558879854974,24.647811615014998,33,10
6,29,14.0,48.275862068965516,10,44.492860319046,114.01010324604252,130.80836690481652,13,44.827586206896555,5.695203637205016,10.10169835633791,16.74971808934034,23.418452586654464,33,10
7,32,19.0,59.375,10,68.76185799658336,136.25941861806908,167.25833416753005,17,53.125,7.334497398773884,11.857996583354174,23.421836063815974,25.031334865405704,33,10
8,21,10.0,47.61904761904762,10,58.34412391422919,100.01181756336422,120.00712956340618,10,47.61904761904762,6.338192869973024,10.790580895865318,16.883142076038133,19.969750515632953,33,10
9,25,12.0,48.0,10,69.61142628626108,150.01887103372013,172.82106661121907,10,40.0,7.230229210384447,11.426286261082646,21.27590927183912,22.12630818137579,33,10
10,19,5.0,26.31578947368421,10,77.9045310014485,160.00832380623913,160.01704723812733,5,26.31578947368421,5.408152851731698,9.794159343252222,16.44889570792922,18.672256021075796,33,10
11,22,7.0,31.818181818181817,10,102.28102307352924,197.50786973869077,200.00917783111427,7,31.818181818181817,4.3490257864486885,8.295800801962196,13.45123344000559,23.113383325879035,33,10
12,8,3.0,37.5,10,105.00895917765143,180.0091300253811,180.01012573783655,2,25.0,5.095487616871258,8.959177651435454,19.176174696352042,22.967593848458705,33,10
13,8,2.0,25.0,10,78.76232863010904,115.51572927840338,135.11129996206176,0,0.0,7.773777351776936,12.328630109028479,24.372434766767118,25.683782881983824,33,10
14,6,1.0,16.666666666666668,10,150.0122105777698,247.5173839710015,265.5176336879906,1,16.666666666666668,7.663589651152708,12.210577769794222,17.383971001485776,17.63368799058706,33,10
15,6,2.0,33.333333333333336,10,200.01413389128777,300.01439071225917,300.01491578934514,0,0.0,9.458772156635403,14.133891287764575,21.191880312035046,21.31200769510262,33,10
1,53,35.0,66.0377358490566,10,4.971540345784951,12.405602779928051,14.489519681342408,35,66.0377358490566,5.276914003259901,9.276194841554853,17.473854989267444,20.70088809623232,34,10
2,50,32.0,64.0,10,6.890500772301883,14.017349165486669,16.011223278102374,30,60.0,6.217032115472412,10.500772301882916,23.213357388767108,23.80721207775381,34,10
3,29,14.0,48.275862068965516,10,11.044615233872875,22.409972376440983,24.006587938351924,14,48.275862068965516,5.8526722569776615,10.13247525218529,16.939088708075438,22.195813039131153,34,10
4,41,22.0,53.65853658536585,10,21.351613294193175,49.00711221847687,53.20960614291168,22,53.65853658536585,6.104420892395247,10.149879559029056,16.75038459239815,24.032948378783512,34,10
5,37,19.0,51.351351351351354,10,28.92843874725237,60.00555426329412,66.41036491916988,19,51.351351351351354,5.454815615124106,9.519828333448494,17.628608948741597,18.78199742420098,34,10
6,23,8.0,34.78260869565217,10,32.618892613268656,73.51432432417093,86.70708897089555,7,30.434782608695652,6.108773915915984,10.196961094749422,17.324370223745944,22.24841805943353,34,10
7,28,14.0,50.0,10,71.44001551264508,166.26208115391526,193.26243900036584,14,50.0,6.948159711605335,11.444084073643706,19.335873758751045,23.035753039897212,34,10
8,22,8.0,36.36363636363637,10,53.418542270464066,100.01088351501939,119.76015437042138,8,36.36363636363637,5.088192058501394,9.451361373151185,14.906252821767024,18.39459249906476,34,10
9,14,6.0,42.857142857142854,10,68.58105641431256,160.50488863258283,176.10495596137804,5,35.714285714285715,5.252916383391381,9.627842883990255,19.878106892423954,22.941708434351835,34,10
10,16,7.0,43.75,10,110.01048945012573,250.00999322326422,274.01205411959796,7,43.75,6.057123410753806,10.489450125732516,18.072980833299923,19.515933064016615,34,10
11,21,7.0,33.333333333333336,10,104.77198213985245,200.0125805162254,200.0167689571595,7,33.333333333333336,6.028076812379556,10.077377947693416,17.816067393049423,18.361258118266697,34,10
12,6,0.0,0.0,10,70.00925180372447,105.01383141174831,117.01472707427315,0,0.0,4.9019289264563914,9.251803724462244,13.831411748323386,14.727074273149835,34,10
13,5,0.0,0.0,10,70.01299154995839,70.01787849892658,70.01822777410638,0,0.0,8.39253352698035,12.99154995838183,17.87849892657828,18.227774106376355,34,10
14,4,0.0,0.0,10,90.0148721008634,90.01659797997796,90.01671990366951,0,0.0,10.147802261806133,14.872100863401604,16.597979977963547,16.71990366951123,34,10
15,0,,0.0,10,0.0,0.0,0.0,0,0.0,0.0,0.0,0.0,0.0,34,10
1,56,37.0,66.07142857142857,10,4.6176632982269155,13.26278349519027,15.461541225831503,36,64.28571428571429,6.2193897635558715,10.520441084058847,19.48153546705575,21.41472946497149,35,10
2,52,34.0,65.38461538461539,10,8.625345715160854,20.007480130589165,22.994538177741173,34,65.38461538461539,5.779367125413082,9.96109977623831,16.40181679037113,18.87900613950635,35,10
3,40,21.0,52.5,10,13.610875524239779,32.213493997635624,38.45138769996189,21,52.5,6.510815301207552,10.875524239778423,18.225789863658363,20.03471350795162,35,10
4,34,20.0,58.8235294117647,10,23.275328710859256,49.00919388194578,53.70139078645377,20,58.8235294117647,6.291425552880813,10.622828506309151,19.12336141327604,22.976436205129637,35,10
5,31,15.0,48.38709677419355,10,29.365192959852582,65.01195164694666,77.0104088833518,15,48.38709677419355,5.9309304714690745,10.354250175166223,16.5219323336042,19.239745133721854,35,10
6,21,8.0,38.095238095238095,10,33.582169462425455,60.008437304531256,60.011650577112704,8,38.095238095238095,6.291813308597806,10.740890996883984,15.917520345845356,17.854385462751008,35,10
7,20,6.0,30.0,10,50.00988940394332,101.25740699378773,120.26348502080326,6,30.0,5.683728277122006,9.88940394331649,15.700025631647595,16.363616802748847,35,10
8,23,8.0,34.78260869565217,10,58.706468436654085,147.50906356282763,169.5079351933685,8,34.78260869565217,6.362163792415756,10.816262741043467,21.565272359278378,24.65344146292968,35,10
9,10,0.0,0.0,10,42.0107965496418,60.00930354065293,60.0097729472971,0,0.0,6.343763978470929,10.796549641801388,15.583583345370212,16.53430734155383,35,10
10,22,5.0,22.727272727272727,10,74.55492666253174,120.01341206625982,151.6117251095969,5,22.727272727272727,5.107565018988886,9.472117077195147,14.012959328477969,14.1080645608186,35,10
11,14,4.0,28.571428571428573,10,89.29719180073438,167.51150581317592,193.50874477466303,3,21.428571428571427,7.246043510644659,11.477515020086551,18.896926371157576,21.888834466763612,35,10
12,13,3.0,23.076923076923077,10,106.16283482481671,204.00820278427292,232.80830843263038,3,23.076923076923077,4.943519925873716,8.988670970553983,16.40490227082411,17.629878409267747,35,10
13,11,2.0,18.181818181818183,10,120.91799199453345,245.00863569604317,273.00872062434945,2,18.181818181818183,4.574575472023671,8.901085442537225,12.01571208805774,13.301257341631073,35,10
14,5,0.0,0.0,10,108.0108750661987,162.00920419676152,176.40750581266624,0,0.0,6.417049767820558,10.87506619869785,16.33841415076795,17.424576620443496,35,10
15,2,0.0,0.0,10,150.0152819068868,150.01789181151884,150.0181238030417,0,0.0,10.53030703650651,15.281906886812926,17.89181151884146,18.12380304168844,35,10
1,56,37.0,66.07142857142857,10,3.9925154251102866,8.259111402102354,10.462218171029436,37,66.07142857142857,6.281377958585995,10.372567967429303,18.28721229776322,23.871760159911677,36,10
2,59,41.0,69.49152542372882,10,8.009933589517427,16.211677872175645,18.848108618735928,40,67.79661016949153,5.601574202149812,9.933589517427542,17.825570187589015,22.78211366242626,36,10
3,46,29.0,63.04347826086956,10,13.489215324738419,31.006075101604523,38.20933650916661,27,58.69565217391305,6.491149854376992,10.954455173201278,21.204734230451574,23.857756100265632,36,10
4,49,32.0,65.3061224489796,10,26.44039909057901,60.21410750905594,73.6526829149171,31,63.265306122448976,7.382378001730354,11.827662007582305,23.83738913210797,25.748507686961702,36,10
5,37,21.0,56.75675675675676,10,33.52449782861271,72.00721154834542,80.01313230416268,21,56.75675675675676,6.519020514185119,10.984315099197667,16.040080527574066,18.526385610500686,36,10
6,30,14.0,46.666666666666664,10,42.00926499760612,90.01049826503241,100.6604142001691,14,46.666666666666664,4.914243832637948,9.264997606120062,15.234557313092845,15.882390093521805,36,10
7,35,18.0,51.42857142857143,10,68.58280092014067,150.014308607833,166.52101000936452,17,48.57142857142857,7.09454737078147,11.37234871210034,21.062461738985213,24.30381805853314,36,10
8,21,5.0,23.80952380952381,10,45.24824796387298,75.02378823739713,95.01420606043109,5,23.80952380952381,6.276191655181121,10.152725777734306,20.059207561743595,23.04243143005021,36,10
9,19,9.0,47.36842105263158,10,61.591683836987706,123.01762982221314,144.60820072364322,7,36.8421052631579,8.350946707094595,12.73646856665362,24.582866194565568,25.22597054794929,36,10
10,26,11.0,42.30769230769231,10,92.31828004610058,160.0201451423654,190.01156181622002,11,42.30769230769231,6.579654536182998,10.587738408287688,20.542599618013817,24.76778316013196,36,10
11,14,4.0,28.571428571428573,10,82.15352699765876,150.00903900621435,150.01185495373764,3,21.428571428571427,6.4921895596088826,10.6698548015994,20.899405638573153,21.822714169967007,36,10
12,15,6.0,40.0,10,132.01349802627863,258.0120785148142,291.6111378907942,5,33.333333333333336,8.86526843004404,13.498026278589908,20.959129814183207,24.501223271872817,36,10
13,5,0.0,0.0,10,98.01426485150293,140.0135915630879,140.0143688113387,0,0.0,9.581007811390842,14.264851502924358,18.80123852172665,19.20799100214907,36,10
14,3,1.0,33.333333333333336,10,120.01795033748836,171.02399090826708,178.2243930185698,1,33.333333333333336,13.020966977397805,17.950337488355267,23.990908267080428,24.393018569803683,36,10
15,7,1.0,14.285714285714286,10,235.72372444592477,405.01024137567765,441.0100347565176,1,14.285714285714286,5.609763756256347,9.438731639065963,16.270415502547426,17.799523838429632,36,10
1,44,27.0,61.36363636363637,10,3.76100945280746,9.011784292450141,10.580924336306808,26,59.09090909090909,6.712189017296216,11.009452807460296,18.892761152011015,22.440074427907806,37,10
2,64,46.0,71.875,10,9.292888760639295,20.010568864415983,22.751930699598354,44,68.75,7.304875701095742,11.638760639295226,22.234846166832224,24.107295324274762,37,10
3,51,36.0,70.58823529411765,10,18.364078221411543,46.008439139513996,54.00874561730183,36,70.58823529411765,6.881194344462223,11.137044940952862,20.397700573228935,24.662936754916885,37,10
4,36,20.0,55.55555555555556,10,21.789079936846008,43.76025089457484,49.01814152489672,19,52.77777777777778,6.919398636791689,11.30215906822853,22.464622318539078,24.011484353004402,37,10
5,32,18.0,56.25,10,25.948747288079762,50.00983921554533,56.91127771654087,17,53.125,6.764474253116701,11.247288079761857,20.737109520241173,23.076243560252642,37,10
6,32,16.0,50.0,10,43.13730333973317,111.75970102043448,130.3599142513486,14,43.75,7.866844327708864,12.303339733169658,23.7019751004693,24.99567649986215,37,10
7,40,23.0,57.5,10,85.63679081192512,176.27180566395202,200.0173658134145,23,57.5,7.365126584761219,11.790811925122465,24.34672489200109,25.03839844487904,37,10
8,20,7.0,35.0,10,68.76078456441212,176.2672287413119,195.26616769495013,7,35.0,6.519253217896898,10.784564412118874,17.63988114724963,22.82816028317493,37,10
9,21,7.0,33.333333333333336,10,54.296835776433376,90.01669511525625,114.01058674820868,5,23.80952380952381,7.002630863740925,11.121490719097741,20.257597700381243,23.27787824310306,37,10
10,21,10.0,47.61904761904762,10,104.77416662995297,240.0084663942877,272.00893360671176,10,47.61904761904762,7.88924965475065,12.26186804822001,24.650556119148227,26.552400797534453,37,10
11,23,6.0,26.08695652173913,10,95.66218382581408,150.0148977977744,189.01268489893044,6,26.08695652173913,5.609532800802901,10.00991277061346,14.865564370106334,14.94025998237887,37,10
12,14,5.0,35.714285714285715,10,120.01014164257019,261.0098857895926,292.2091440108658,4,28.571428571428573,5.732486770308623,10.14164257018327,20.293537664661667,22.164488149046978,37,10
13,5,0.0,0.0,10,98.01338541153054,140.01605119274717,140.01746309246388,0,0.0,8.760156068646348,13.385411530526948,17.68702428792846,17.79025877202523,37,10
14,7,1.0,14.285714285714286,10,128.58025418831417,243.01186687289155,264.6124393110097,1,14.285714285714286,4.5041346250894,8.825616885600983,11.866872891592775,12.439311009730423,37,10
15,2,0.0,0.0,10,150.01667458568468,150.01697879229275,150.01700583288013,0,0.0,11.830205669946213,16.67458568467896,16.978792292744338,17.005832880127926,37,10
1,51,33.0,64.70588235294117,10,3.931502485472938,8.013722558873827,9.512596047832867,33,64.70588235294117,5.758163654132188,9.93385802195681,14.543515020633352,16.972932919672274,38,10
2,45,28.0,62.22222222222222,10,7.209091229735596,15.610329990066466,19.130405303107878,28,62.22222222222222,5.166887952073987,9.091229735596661,16.644969549914833,25.71210001019068,38,10
3,39,24.0,61.53846153846154,10,13.344173133150015,24.412937753799092,28.008859535849698,24,61.53846153846154,6.5755954081142844,10.839799816677264,19.48310151154115,21.09874871923005,38,10
4,40,24.0,60.0,10,25.210208858161117,63.36219300760831,74.2810391325008,23,57.5,5.981900477200938,10.208858161115128,22.63222577014331,23.41499171861197,38,10
5,27,14.0,51.851851851851855,10,28.15870892970909,60.00846948676484,67.41006450621038,13,48.148148148148145,6.12370275071897,10.560781560938382,17.65591266994085,21.29764444502326,38,10
6,29,14.0,48.275862068965516,10,35.70205575817862,69.02443940985299,85.8127728703751,13,44.827586206896555,7.840939326807222,12.40058576483218,24.439409853016613,26.011619910788003,38,10
7,37,19.0,51.351351351351354,10,68.92895329663477,130.01832168357575,166.01066633549186,18,48.648648648648646,5.935085753552866,10.034377715863046,22.44942271800907,25.94969307532591,38,10
8,23,9.0,39.130434782608695,10,54.35904595088244,122.50798771259282,125.01105193446098,8,34.78260869565217,6.90120406312684,11.219863925908392,19.95944478032561,24.70208919399824,38,10
9,17,5.0,29.41176470588235,10,56.48101729623355,126.02039271961738,145.2084486861782,5,29.41176470588235,6.000757347832826,10.42906093942996,23.616071769535527,24.023398407632122,38,10
10,24,9.0,37.5,10,85.01129855572198,160.0141555764993,190.81213438909347,8,33.333333333333336,6.967889793530351,11.298555721973509,19.683036877895756,21.229924320706203,38,10
11,15,6.0,40.0,10,100.00910116265118,200.00194597214585,200.00557845348476,6,40.0,5.010224902888171,9.10116265116946,17.242391266881338,22.74866230710128,38,10
12,15,3.0,20.0,10,104.00906853920507,198.00808750308136,231.60161750061624,3,20.0,4.979774828488406,9.068539205064447,13.815885531556049,14.585206033790534,38,10
13,9,1.0,11.11111111111111,10,108.89868092117166,182.02033992347742,204.42336816874922,1,11.11111111111111,5.821003082415343,9.792032282776228,20.339923477443566,23.36816874921373,38,10
14,9,1.0,11.11111111111111,10,130.01279198722693,234.00930270611028,262.80689390376773,1,11.11111111111111,8.20626565077931,12.79198722692308,18.2419850593278,18.897660809916587,38,10
15,1,0.0,0.0,10,150.0167719883406,150.0167719883406,150.0167719883406,0,0.0,11.921119367719754,16.771988340599734,16.771988340599734,16.771988340599734,38,10
1,65,47.0,72.3076923076923,10,4.733485932885528,10.809072804320396,12.008883980025857,47,72.3076923076923,6.154358342507033,10.409009808604,20.22264590281244,21.954065978920653,39,10
2,79,59.0,74.68354430379746,10,11.326926385502585,26.208993141883415,32.45235068179177,59,74.68354430379746,6.323170932162951,10.470689300051431,20.420903469499148,24.2408017985945,39,10
3,52,36.0,69.23076923076923,10,17.0874364455942,36.00988914960207,41.97252308372664,36,69.23076923076923,6.223045438124036,10.51336867112757,17.885717183026106,26.41778310199316,39,10
4,38,23.0,60.526315789473685,10,23.77469752356175,57.05992036690044,67.42433449697488,23,60.526315789473685,7.233840345510504,11.539628824909562,19.45846822584187,22.096205554177757,39,10
5,35,21.0,60.0,10,32.868147917780604,73.0116964244004,80.01261792988186,20,57.142857142857146,6.645055994371756,11.005060637749201,19.26835378776441,24.446597694336134,39,10
6,33,16.0,48.484848484848484,10,39.556617898053766,81.01149911600115,90.0116646910954,15,45.45454545454545,6.686130548434407,11.163352599217044,19.722850775035027,24.017392412746858,39,10
7,36,21.0,58.333333333333336,10,84.03782005496058,175.01218253014343,191.2644693615513,21,58.333333333333336,5.74344999472542,10.0422771827838,16.941942681142546,17.536573916445715,39,10
8,27,13.0,48.148148148148145,10,69.45393681675526,150.00950833685252,168.50944322309806,13,48.148148148148145,5.541306436886703,9.492372310804994,14.489337254029829,16.179116765750155,39,10
9,10,2.0,20.0,10,42.01273127867081,76.51057153315901,87.30887626423662,1,10.0,8.52295352233612,12.731278670819309,22.389832663812452,24.78736384179867,39,10
10,15,4.0,26.666666666666668,10,69.34477168926698,132.0095358825093,154.40825843159487,3,20.0,6.942813179884293,11.43835593363458,20.185858079846586,23.337355669694333,39,10
11,23,9.0,39.130434782608695,10,128.27149923074833,295.0167918558147,339.0139404015639,9,39.130434782608695,6.512651612732427,10.629665530939842,16.908895217510977,16.99865472984244,39,10
12,13,3.0,23.076923076923077,10,92.3175921831647,180.01056324974007,180.01156106289966,3,23.076923076923077,5.506826179722002,9.89987547239634,16.216164428658082,21.502942315578593,39,10
13,9,1.0,11.11111111111111,10,101.12242242421985,182.0141908679771,204.41328215179408,1,11.11111111111111,6.824233939123442,11.311313108735455,16.97555467086566,17.552004724463036,39,10
14,2,0.0,0.0,10,90.00640651864038,90.00729966980586,90.00737906102057,0,0.0,2.2461965363099496,6.406518640366038,7.299669805850671,7.379061020560417,39,10
15,1,0.0,0.0,10,150.00602429843602,150.00602429843602,150.00602429843602,0,0.0,1.8894398153276002,6.024298436015486,6.024298436015486,6.024298436015486,39,10
1,44,28.0,63.63636363636363,10,3.533525416267665,7.019837996519459,8.575117675959726,28,63.63636363636363,6.430104425258036,10.798143540391179,17.695301648987865,22.893521578878595,40,10
2,54,36.0,66.66666666666667,10,7.268833515787292,14.708318136272942,16.94671119300033,35,64.81481481481481,5.6177355332723025,9.574256528034011,17.99959138969738,19.697515821963766,40,10
3,49,31.0,63.265306122448976,10,16.17394004377166,34.41356779523198,42.09165150934507,31,63.265306122448976,6.534844257956023,10.674737649211496,18.408263777531996,22.484513185485213,40,10
4,35,18.0,51.42857142857143,10,24.009583500386263,65.10922252220875,74.62679421431085,17,48.57142857142857,5.531544003670712,9.583500386260548,22.46402973111562,23.81967246024478,40,10
5,41,23.0,56.09756097560975,10,29.035200712935577,60.017695301648985,66.01471514448959,22,53.65853658536585,6.4478175311415455,10.81046903313651,21.741362336055975,23.846818515242187,40,10
6,33,19.0,57.57575757575758,10,41.82907418906605,90.00577401255069,100.20894961116302,18,54.54545454545455,6.43320161641035,10.89237088423154,21.83294299523995,26.21688090420412,40,10
7,25,13.0,52.0,10,81.01057341452415,175.00724087844287,194.00798921273633,13,52.0,6.135494106788237,10.573414524135138,15.917893447625591,24.795827497164094,40,10
8,35,22.0,62.857142857142854,10,88.58150142404477,200.00672434713692,216.50960559781515,20,57.142857142857146,5.988295622152326,10.07285261618567,22.216940374119723,23.51560638114205,40,10
9,19,6.0,31.57894736842105,10,60.007611632650075,123.00710314268441,144.60890297710006,5,26.31578947368421,3.9605291366289634,7.611632650076243,17.481561478021323,19.718670674173794,40,10
10,26,14.0,53.84615384615385,10,92.32035659794138,190.01022686934712,230.00936764590205,12,46.15384615384615,8.087075836688161,12.664290249069435,21.707502936084385,26.0799018448091,40,10
11,21,6.0,28.571428571428573,10,97.6275466757052,200.00858639161325,240.01250154702987,6,28.571428571428573,4.910476536462913,8.499056657567138,17.012593026973825,19.852853605938996,40,10
12,14,4.0,28.571428571428573,10,128.58274423046166,321.0118968088709,352.2157651998351,4,28.571428571428573,6.828290338309044,11.315659033099204,17.871230150489374,19.563358546496186,40,10
13,8,1.0,12.5,10,78.76039817897211,115.51467455865809,135.10913365610875,0,0.0,5.9719327350229126,10.39817897211006,21.889048331221588,26.407704184418186,40,10
14,5,0.0,0.0,10,90.01200086491438,90.01337845881228,90.01354236245105,0,0.0,7.467847851560106,12.000864914394558,13.378458812281249,13.542362451047879,40,10
15,6,1.0,16.666666666666668,10,175.01008733697222,262.5170955774631,292.5147179661438,0,0.0,6.926305767152724,10.087336972262662,23.039605761580425,25.41721708094649,40,10
1,61,42.0,68.85245901639344,10,4.699038351448543,12.012046549094135,14.410573958631012,42,68.85245901639344,6.263430713337814,10.513761284607039,20.51291244162461,25.707518146482077,41,10
2,52,33.0,63.46153846153846,10,9.624431795631844,26.903761847987706,30.98936044207751,33,63.46153846153846,4.998131318615044,9.047180247228525,15.673348212780656,18.88112993214348,41,10
3,51,35.0,68.62745098039215,10,16.403494462516917,38.01137515466557,42.00902387698203,34,66.66666666666667,6.921975666524275,11.337599771821065,24.009486203219268,26.425855201427694,41,10
4,55,36.0,65.45454545454545,10,28.264968378084184,63.00360786192224,70.00889769328029,36,65.45454545454545,6.198675381007117,10.42292353873307,18.142090831933828,23.319007746769273,41,10
5,43,26.0,60.46511627906977,10,36.75545813963095,89.00876016355568,95.81095719195991,25,58.13953488372093,6.787626782673663,11.272093119325307,19.590275872195456,22.25897820853831,41,10
6,33,16.0,48.484848484848484,10,37.73781939339233,75.00318281509746,85.20802332230167,15,45.45454545454545,6.336801635393572,10.546666119601115,18.893596518301056,24.751961618441182,41,10
7,22,8.0,36.36363636363637,10,67.05680348909097,173.75676349096602,194.75716258721482,8,36.36363636363637,6.85935752369046,11.348943636434454,18.681549219819402,18.88674514256809,41,10
8,20,6.0,30.0,10,46.260828381692264,76.26090821993263,95.25218164398649,5,25.0,6.560151393888708,10.828381692258997,17.88407290012595,20.74099896653217,41,10
9,21,6.0,28.571428571428573,10,58.58034401035368,120.00642978772953,120.01118373046499,6,28.571428571428573,4.587972726578574,8.915438925099826,12.079700220889308,12.313712963267717,41,10
10,21,9.0,42.857142857142854,10,93.34422763344776,200.0092930841834,232.00731345686722,8,38.095238095238095,6.61278900135476,10.8943001144107,17.695301648987865,20.755417455510923,41,10
11,16,5.0,31.25,10,84.38543100029014,162.51551607095593,192.51028591729255,3,18.75,6.469257533983335,10.431000290132697,21.20042312127651,21.45644174996865,41,10
12,12,2.0,16.666666666666668,10,90.01348477413099,147.01403715338424,173.41093813016496,1,8.333333333333334,8.852899139598744,13.484774130995733,20.16834175093168,23.06425826788783,41,10
13,8,1.0,12.5,10,105.00957480240217,185.5071024332393,205.10625567167355,1,12.5,5.203409454773735,9.57480240217144,15.06213472616227,16.216648764596503,41,10
14,7,1.0,14.285714285714286,4,141.43869050537782,243.00920421699897,264.6095460145718,1,14.285714285714286,5.711424336146608,10.119076806411934,15.833896744743644,16.65936934559561,41,10
15,2,0.0,0.0,10,225.0133393720485,292.5119573286599,298.5118344803587,0,0.0,8.717183733684676,13.33937204848091,14.72141543712184,14.844263738334366,41,10
1,53,35.0,66.0377358490566,10,3.463889832950506,7.012490277711324,7.502116234735811,35,66.0377358490566,6.730218819749267,11.059644271260757,23.151073069022193,26.422839940583803,42,10
2,47,27.0,57.4468085106383,10,6.648466870189286,14.007062106606815,15.092843185755154,27,57.4468085106383,5.916892845582494,10.168997848860222,17.011192269764862,17.943765590252383,42,10
3,41,26.0,63.41463414634146,10,13.571455475287005,28.006117892393505,30.40723562441249,26,63.41463414634146,6.048177340968644,10.479865530908338,19.061579747563783,24.305628630339683,42,10
4,44,26.0,59.09090909090909,10,28.80387475437276,63.00914400084513,73.99849505762998,26,59.09090909090909,4.719704043500584,8.420208918215279,17.480194833414377,19.013464616341466,42,10
5,32,17.0,53.125,10,32.511853409013575,84.51080956207426,96.91262851038191,17,53.125,7.563560470000057,11.853409013573154,23.73985613884578,25.81790919569524,42,10
6,32,17.0,53.125,10,39.85609108817716,81.76120763357574,90.0151408899431,16,50.0,7.785405464279125,12.341088177161181,20.462701628696838,24.43744745686311,42,10
7,36,19.0,52.77777777777778,10,73.62128986357745,156.26391531530044,191.25939654498822,19,52.77777777777778,5.767124407760266,10.178752466329119,15.894976880406274,20.41778019325365,42,10
8,19,10.0,52.63157894736842,10,61.85398635983265,127.50902122385317,145.50701409248694,8,42.10526315789474,7.356058563697382,11.881096674756526,20.838012656586926,21.533604880184892,42,10
9,19,7.0,36.8421052631579,10,66.3284575823933,153.0119448262129,174.61268891728056,6,31.57894736842105,8.090639911169742,12.668108709091483,22.531983989279297,23.536986715557347,42,10
10,20,7.0,35.0,10,90.00927727912696,200.0070967380369,200.0193332678292,7,35.0,5.299059187310154,9.277279126970003,17.93093138983408,21.5001064998038,42,10
11,13,4.0,30.76923076923077,10,96.16369790898726,220.0088332735489,244.00176665470974,3,23.076923076923077,6.036299356747593,9.851755141097547,17.763070036479537,21.412206982313723,42,10
12,14,2.0,14.285714285714286,10,94.29737754381327,180.00777544673358,180.01037715277565,2,14.285714285714286,7.152732378639536,11.663258098965622,18.056904437605063,18.592931134365614,42,10
13,11,5.0,45.45454545454545,10,146.37525278326092,245.01504164863013,273.016314950833,4,36.36363636363637,7.109014280109776,11.6164196245345,18.761864101001912,19.79973886959526,42,10
14,2,0.0,0.0,4,135.0109727235706,175.5108063586761,179.11079157068548,0,0.0,6.5082012124231365,10.972723570609197,11.1390884650908,11.153876455711387,42,10
15,4,1.0,25.0,10,187.51520121177361,277.5134784008867,295.5123166453033,0,0.0,10.454987826113992,15.201211773603902,21.05624988320336,21.57725232550818,42,10
1,81,61.0,75.30864197530865,10,5.059943718023096,11.006053324055072,13.202574988009491,61,75.30864197530865,6.4004655373023605,10.561001973712763,20.85999474345337,25.460285913564512,43,10
2,51,33.0,64.70588235294117,10,8.12790042511715,19.004011900571633,21.011637628453997,32,62.745098039215684,6.276005146945206,10.253366293621934,19.199975894801042,22.7295845161755,43,10
3,44,29.0,65.9090909090909,10,13.919779736572382,31.406432559814526,34.292266980032494,28,63.63636363636363,6.412923728171913,10.688827481470215,20.385290779283547,25.846574804769666,43,10
4,44,26.0,59.09090909090909,10,22.12376655149464,47.95892707811457,53.00309007277118,26,59.09090909090909,5.891500637730675,10.130187858276104,18.825776489654427,20.301043529289295,43,10
5,46,31.0,67.3913043478261,10,42.83683900953048,107.51223024472694,125.51080839621322,30,65.21739130434783,6.545722160973232,10.752053008742756,23.422300852538214,24.54607048435766,43,10
6,37,24.0,64.86486486486487,10,67.30761983864814,168.01208375066966,189.6116369993448,24,64.86486486486487,6.103145993767546,10.32254135083321,18.850057737377554,22.602401684649145,43,10
7,34,21.0,61.76470588235294,10,80.15858316638884,183.76854179681428,200.01588474033375,20,58.8235294117647,7.352499922554639,11.524342859406861,23.7902137161553,25.506799093385737,43,10
8,25,11.0,44.0,10,56.01102028170054,120.01067511284703,125.01572970190392,9,36.0,6.552591023052726,11.020281700539323,21.597311018334675,23.275976491291768,43,10
9,28,12.0,42.857142857142854,10,87.86825178910405,229.51102165224063,261.90885395786825,12,42.857142857142854,6.635335409531165,11.10893196120313,17.615058428701627,17.909026761058918,43,10
10,14,1.0,7.142857142857143,10,60.011819036705255,94.01321257364935,114.80678331831697,1,7.142857142857143,7.2981330250276155,11.819036705244221,16.315624372695627,17.295090511458092,43,10
11,10,1.0,10.0,10,75.00845101583135,127.51252365994353,145.51248519846277,1,10.0,4.527841494854168,8.451015831361698,12.534343688246532,12.572805169061175,43,10
12,12,2.0,16.666666666666668,10,85.01231700820782,147.0155168592819,173.4137502802894,1,8.333333333333334,7.762929700808314,12.317008207810938,20.700253308115993,24.001881807796106,43,10
13,9,2.0,22.22222222222222,10,101.12196687045338,182.01079570617117,204.40906824027078,1,11.11111111111111,6.813864719369094,10.855759342278665,20.118757537684708,22.70829197335364,43,10
14,6,0.0,0.0,4,120.01156066462335,180.01767146546916,180.01899504345806,0,0.0,7.679227053022441,11.560664623346327,18.99423268968048,19.259596902182682,43,10
15,0,,0.0,10,0.0,0.0,0.0,0,0.0,0.0,0.0,0.0,0.0,43,10
1,69,52.0,75.3623188405797,10,5.705649546500803,14.61328133306931,17.327492778222425,51,73.91304347826087,5.814264002250866,9.997372587759642,18.19916020152228,22.003414242983236,44,10
2,51,35.0,68.62745098039215,10,8.088537840950314,19.006594201300324,23.007841137956653,34,66.66666666666667,5.772862182077261,10.106468401295205,18.529482856297207,28.83539664076733,44,10
3,40,24.0,60.0,10,12.911350097466118,28.214915453577667,34.4492462303882,22,55.0,6.860434485321589,11.350097466118712,21.26681540102392,23.619538289333025,44,10
4,48,34.0,70.83333333333333,10,32.67793878158636,70.00595957604367,80.7198783964755,33,68.75,6.865428803183572,11.272114919698494,18.07790271747077,23.005849336063395,44,10
5,31,14.0,45.16129032258065,10,27.751916056280752,65.01443633735802,77.01252087119686,14,45.16129032258065,5.702583230796525,9.980572409786753,14.981052088719004,19.522296852749477,44,10
6,32,19.0,59.375,10,52.980853036561506,141.76484469516123,160.35962254256197,18,56.25,7.79655784808888,12.103036561502822,21.32757192501889,22.45283358527168,44,10
7,22,8.0,36.36363636363637,10,54.55751905553669,123.75569097056436,144.76476218149264,7,31.818181818181817,7.52725298266744,12.064510082140226,21.20155824790654,23.5378608479064,44,10
8,24,10.0,41.666666666666664,10,69.80176122462004,171.26087685034517,194.26187666033005,10,41.666666666666664,5.688538927384733,10.09455795336966,16.949542085688215,17.329198314380548,44,10
9,22,7.0,31.818181818181817,10,60.010214603862934,118.5082551076313,143.71108521705983,7,31.818181818181817,5.970292854042711,10.214603862933545,20.634889203452797,21.5297316111895,44,10
10,26,12.0,46.15384615384615,10,104.62573478797286,230.00817689257076,240.01113371043542,11,42.30769230769231,5.927124533109879,10.350172588250993,16.96930198307685,22.050271827831228,44,10
11,16,5.0,31.25,10,90.63585294649167,162.51489432415042,192.51227060890943,4,25.0,6.629748691552535,10.852946491660857,17.588754194936108,21.43167106082421,44,10
12,11,1.0,9.090909090909092,10,81.8296150725787,120.01880006508625,120.02279060293495,1,9.090909090909092,7.277462441579915,11.433254396865262,18.9114710657864,22.812884130858773,44,10
13,14,3.0,21.428571428571427,10,110.01220284273765,234.50841182186002,270.9081263183489,2,14.285714285714286,7.656369926297079,12.202842737635404,18.599757995234715,19.942309977616468,44,10
14,12,4.0,33.333333333333336,7,195.01006690343743,400.5114415696952,440.11144156969533,4,33.333333333333336,5.662726753396271,10.06690343745911,14.74026049303627,16.684733592562935,44,10
15,4,0.0,0.0,10,187.50965461858334,277.5117806772082,295.5116811844411,0,0.0,5.2779082875120915,9.654618583334683,12.361051683107148,12.460544450232474,44,10
1,45,27.0,60.0,10,3.431471245933681,7.816911221509978,9.566423731158102,27,60.0,5.314169704263828,9.249023711458136,18.482778092515236,23.062060538504625,45,10
2,56,37.0,66.07142857142857,10,7.725069618574311,16.512539259581665,18.91439302395535,37,66.07142857142857,6.331961057816067,10.783904288597634,19.08979673779985,22.31379881521753,45,10
3,48,32.0,66.66666666666667,10,14.344958164030103,28.01967523071955,34.12911665572521,32,66.66666666666667,7.194646679773849,11.62483069676837,21.066611219139368,25.123801515613046,45,10
4,44,26.0,59.09090909090909,10,25.783245754019728,56.01788112030575,67.00113056363747,26,59.09090909090909,6.338778723997518,10.518481292448227,19.37563386412509,25.29488777861614,45,10
5,36,20.0,55.55555555555556,10,35.84435267562311,92.51130017297726,106.51580368701393,20,55.55555555555556,6.551714195762121,11.019342289768666,16.899014729381285,18.560766240158397,45,10
6,38,20.0,52.63157894736842,10,43.03599264516854,90.00589922657676,99.46191195430018,20,52.63157894736842,5.49516503151356,9.676855694846932,17.339590857268114,21.960984097948256,45,10
7,30,13.0,43.333333333333336,10,60.010328158814254,125.00857966248635,142.76002825867036,12,40.0,6.155478667120675,10.32815881424901,20.475944343127225,23.52444032549744,45,10
8,31,17.0,54.83870967741935,10,70.97899661591171,150.0094478990237,167.51038109785915,17,54.83870967741935,6.891810261491909,11.254680427822038,22.2019661480555,24.32869563561933,45,10
9,23,10.0,43.47826086956522,10,61.317404405273635,120.01181227174501,120.0140796867909,8,34.78260869565217,8.453230512621843,13.056579186679118,21.542673398650305,22.42878674665035,45,10
10,18,5.0,27.77777777777778,10,75.56696283811908,126.02281555601375,153.2138545201937,5,27.77777777777778,7.121227708805888,11.407282563536977,20.524989303523704,23.938801934112064,45,10
11,19,7.0,36.8421052631579,10,105.27328436639532,200.00908476815815,200.00985077098446,7,36.8421052631579,5.718326543685041,10.1264716584796,19.54946150363764,21.27589464959504,45,10
12,7,0.0,0.0,10,77.15376403128906,120.01022467683504,120.01083720310525,0,0.0,6.446752006086103,10.906888431922399,17.66094380755952,17.68908255180181,45,10
13,10,3.0,30.0,10,84.01437089421705,140.0090819661161,140.01156541599633,0,0.0,9.67998596729355,14.370894217049553,23.949536094439292,24.65173836506076,45,10
14,3,0.0,0.0,7,120.0067959260379,171.00942048853847,178.20926580843482,0,0.0,3.8541683997705967,6.795926037885739,10.967289575168259,11.12196967883619,45,10
15,4,1.0,25.0,4,262.5135780947024,427.5149718185289,445.5154899108135,1,25.0,8.940002701037875,13.578094702395909,16.229405466825263,16.31551910194126,45,10
1,58,39.0,67.24137931034483,10,4.354935150594466,11.15509898177406,13.436719245608309,38,65.51724137931035,5.765049913135928,10.107564387570035,17.430256958656045,24.575389789387472,46,10
2,56,37.0,66.07142857142857,10,7.79627125122125,16.516080012295777,20.909901856920417,36,64.28571428571429,6.3201509369326,10.5569655069638,19.252322594582118,24.404407196928492,46,10
3,45,27.0,60.0,10,12.633446324600573,27.209675909213047,30.248446513300546,26,57.77777777777778,6.825800298824404,11.224102378350045,21.65467455460109,23.98124849217233,46,10
4,54,38.0,70.37037037037037,10,31.898091323284103,65.46309590391594,73.2998858971116,38,70.37037037037037,4.855848578480909,9.20243439521391,15.43165882699694,17.67410006333812,46,10
5,43,27.0,62.7906976744186,10,35.35943147076356,79.0088963970342,85.80657567469345,26,60.46511627906977,6.328604328387011,10.594261461237284,21.459562252412187,24.701612609741712,46,10
6,31,16.0,51.61290322580645,10,39.20490208711666,82.51163856339147,100.51172951242206,14,45.16129032258065,6.8637970372048756,11.353700019882606,20.71851905898816,23.757190426492265,46,10
7,32,16.0,50.0,10,71.8854694305008,150.00865436405618,167.25688355163933,16,50.0,6.038437491840426,10.46943050080188,19.028763310998286,20.411753061800425,46,10
8,25,14.0,56.0,10,77.01087581810476,170.00983757226226,175.01505219404459,14,56.0,6.4177515819569635,10.875818104763963,21.7578754120299,25.456624889700013,46,10
9,19,6.0,31.57894736842105,10,50.53773693643176,93.00599598501418,114.60517743186435,4,21.05263157894737,6.926750665074035,11.421146958072029,22.726229398144124,23.40305551975,46,10
10,30,12.0,40.0,10,92.01025042136968,182.0160017743798,200.01141827165185,12,40.0,5.958469409705867,10.25042136965644,21.252987944455327,23.469367817049175,46,10
11,14,2.0,14.285714285714286,10,71.44056221629526,117.51118906484871,143.5089997705745,1,7.142857142857143,7.458442002734649,11.990787723836641,20.86989402990705,23.89442370129999,46,10
12,9,2.0,22.22222222222222,10,106.67511071868927,216.01283624180434,235.2160343848392,2,22.22222222222222,4.562825173205253,8.444052022604977,16.08331962954629,16.683800404254505,46,10
13,7,0.0,0.0,10,80.0089780418836,119.0092732951826,135.80638547047795,0,0.0,4.646405080364024,8.978041883617497,15.733847064597677,17.30366320320944,46,10
14,8,1.0,12.5,8,135.00960330445798,238.5102926045114,263.7110643123468,1,12.5,5.230012705587487,9.6033044579545,14.27661544079362,15.577269775937056,46,10
15,0,,0.0,4,0.0,0.0,0.0,0,0.0,0.0,0.0,0.0,0.0,46,10
1,64,44.0,68.75,10,4.463264595188317,10.013876211537099,11.380405788084696,44,68.75,5.8472482935936245,10.139595188316974,16.570608420465582,19.850512553444617,47,10
2,51,36.0,70.58823529411765,10,7.6183369732252615,16.01066992448704,17.015296426641463,33,64.70588235294117,6.207629630673296,10.49383597036042,22.75676928027192,25.468446689461935,47,10
3,43,30.0,69.76744186046511,10,14.89590491577584,31.608937292822656,32.019119785359706,28,65.11627906976744,7.638768996917007,12.183985543282098,22.289244182323365,25.17824813849406,47,10
4,34,17.0,50.0,10,18.952793712308196,35.01639594490124,39.703391186980475,17,50.0,7.219591027560774,11.617241719959171,18.837998943089737,23.07638940233297,47,10
5,22,7.0,31.818181818181817,10,20.011535744369056,39.51220294895495,47.913655301613055,7,31.818181818181817,7.033713604527616,11.535744369056493,16.165397523352382,22.643240776986527,47,10
6,26,9.0,34.61538461538461,10,30.010984259855054,56.26431843517902,71.25882469879767,8,30.76923076923077,6.518968950400223,10.984259855051612,19.449595708982123,23.027053960897348,47,10
7,23,8.0,34.78260869565217,10,53.26992044665926,100.01208648026345,119.50816217404592,8,34.78260869565217,5.201372978262799,9.050881441872253,14.431831266324053,16.446569341333657,47,10
8,15,5.0,33.333333333333336,10,43.345244550682345,75.01149151449113,75.01158599263162,4,26.666666666666668,7.384172600730586,11.911217349008608,21.575281666374796,24.03550122859354,47,10
9,17,5.0,29.41176470588235,10,58.24555702010166,126.0115958194051,145.2102185809976,4,23.529411764705884,6.065287169601363,10.262902454589366,18.000388984848666,19.663802441888546,47,10
10,26,15.0,57.69230769230769,10,106.16666982095973,230.00791225524785,240.00930087610865,14,53.84615384615385,8.235835025597925,12.823667113582449,25.544446455456033,25.907968198551742,47,10
11,19,8.0,42.10526315789474,10,115.80104295487888,250.00774599871684,250.01230921644466,7,36.8421052631579,7.065006384103622,11.569270668354521,19.16341276249471,24.31029300197332,47,10
12,6,1.0,16.666666666666668,10,70.01353542701956,105.01930278375353,117.01801679806991,0,0.0,8.900177536266868,13.535427019569488,22.51774796261417,23.80373364624785,47,10
13,11,1.0,9.090909090909092,10,95.46771416036637,140.00972599078204,140.01139361110805,0,0.0,8.897298212770039,13.1687058209444,23.228608945331437,26.268011362771094,47,10
14,13,4.0,30.76923076923077,10,138.47370514470572,270.0127899037493,270.01876382627063,3,23.076923076923077,7.622619303980433,12.166683167261214,24.386807018474762,26.499650977399753,47,10
15,2,0.0,0.0,7,225.0122323865102,292.5071515024286,298.506699868288,0,0.0,7.683945494789073,12.232386510195791,17.31327059175611,17.76490473233925,47,10
1,53,33.0,62.264150943396224,10,3.7847062258224815,8.41396461529873,9.494911542346339,33,62.264150943396224,6.717342088197746,11.121320162103851,18.349159866759038,22.01331792465949,48,10
2,49,31.0,63.265306122448976,10,8.174525311710461,18.01236640696961,21.049069867614328,31,63.265306122448976,6.928733104663892,11.260005588011838,21.466123359921323,24.032948378783512,48,10
3,62,43.0,69.35483870967742,10,16.784155363836778,39.80741595846189,49.57392461842734,42,67.74193548387096,5.7452939270762835,9.961815449677934,18.181381086892628,21.741465791475754,48,10
4,44,27.0,61.36363636363637,10,29.125761002210833,70.01108422452438,80.99984849270776,26,59.09090909090909,7.668228452639488,12.12463857446926,22.1327923175489,23.168046449747962,48,10
5,44,28.0,63.63636363636363,10,37.05631867914741,98.50144594572038,115.70837519259877,27,61.36363636363637,6.491698318372005,10.864133692862422,21.801965542556847,25.10265131299917,48,10
6,39,22.0,56.41025641025641,10,46.93311234393297,106.5105604724577,129.30955942176658,21,53.84615384615385,6.111997985362682,10.035420856039535,19.00125021292275,23.38046755275651,48,10
7,29,15.0,51.724137931034484,10,63.80449314019149,140.00925110421596,168.00875805032396,13,44.827586206896555,7.026133233946053,11.389691915628188,20.85999474345337,23.47615175291578,48,10
8,21,8.0,38.095238095238095,10,57.15389191841039,125.00784967735764,145.00993420215806,7,33.333333333333336,6.921692656200608,11.034775553254073,19.510505616648167,21.804766463300602,48,10
9,17,4.0,23.529411764705884,10,60.00902317760448,126.00551758519484,145.20569328879955,4,23.529411764705884,4.688533862654512,9.023177604485685,17.798391871445194,19.168082867607573,48,10
10,22,7.0,31.818181818181817,10,81.82854459221123,160.007611821491,191.60543943597153,6,27.272727272727273,6.108591934350726,10.36277402940236,19.142817639028387,22.64592608514165,48,10
11,15,4.0,26.666666666666668,10,90.0133716636304,165.01623252219403,193.01666409511125,4,26.666666666666668,8.747324052675285,13.371663630408394,19.473686619391252,21.808657545715242,48,10
12,14,4.0,28.571428571428573,10,132.86732358334413,321.00973605547387,352.21263736128486,4,28.571428571428573,5.768966652600308,10.180726201252137,16.315034495308463,18.270560065162282,48,10
13,3,0.0,0.0,10,70.0135835094641,70.0148060215753,70.01495035291613,0,0.0,8.945056731695308,13.583509464100631,14.806021575297455,14.950352916136648,48,10
14,1,0.0,0.0,10,90.00502245318921,90.00502245318921,90.00502245318921,0,0.0,0.9543374290268766,5.02245318921428,5.02245318921428,5.02245318921428,48,10
15,7,0.0,0.0,10,192.86960024221156,300.0138933513068,300.014170880958,0,0.0,7.8939546650129175,12.457385068702049,15.965965078611289,16.3244313137605,48,10
1,53,37.0,69.81132075471699,10,4.409206515795871,10.410981108638536,12.489511798296569,36,67.9245283018868,8.381847018822349,12.980100701530555,24.133164885935404,26.174269720168333,49,10
2,50,32.0,64.0,10,7.331129147146465,15.11025085251333,17.029666013857607,32,64.0,6.654203860559785,11.129147146464609,19.667986478181465,23.28666943197776,49,10
3,44,30.0,68.18181818181819,10,16.557309817243357,43.411724195953866,50.291830750785536,29,65.9090909090909,7.33195412985708,11.855271788815132,23.47612722797049,26.32218237487162,49,10
4,41,23.0,56.09756097560975,10,25.450479235218392,63.0,74.21106491586335,23,56.09756097560975,7.140326662418385,11.454844974489145,18.027141475329458,21.528685831901946,49,10
5,36,23.0,63.888888888888886,10,49.457412233484774,142.51608006351867,156.51114313554552,22,61.111111111111114,8.370355559634636,12.96778904033208,21.938628606323558,25.53080425202866,49,10
6,27,14.0,51.851851851851855,10,42.78965975319757,100.51061960716137,116.11306565745079,13,48.148148148148145,7.4951572956425805,11.881975419788132,24.84920951948328,27.379748468578452,49,10
7,32,15.0,46.875,10,62.51140526591565,125.01276578092839,142.26013405128285,15,46.875,6.911927616593544,11.405265915652672,17.572348647486923,23.36318144449214,49,10
8,30,17.0,56.666666666666664,10,66.67840950838834,138.7648183144285,150.00863535066895,14,46.666666666666664,7.227014145941917,11.742841721664185,25.05546090357907,25.757986861695446,49,10
9,22,9.0,40.90909090909091,10,84.55530526138551,208.50701960020567,233.7128348167106,9,40.90909090909091,5.630647110739496,9.850715930970598,17.32918894021825,17.626753960455567,49,10
10,13,4.0,30.76923076923077,10,70.78089261499188,136.01147866974327,155.2135234977362,3,23.076923076923077,7.151414130650947,11.661845761128802,18.690449569902423,24.27734337245023,49,10
11,22,9.0,40.90909090909091,10,113.64721492005552,247.5111692166514,250.01538176454528,9,40.90909090909091,6.734262584384376,10.851283691873999,16.877584389266215,19.548962019269187,49,10
12,10,1.0,10.0,10,78.00955927672779,120.00847098711941,120.00917654598705,0,0.0,5.562270127625572,9.559276727793442,19.889668778769515,22.087382948286006,49,10
13,9,2.0,22.22222222222222,10,108.90249315369653,182.0160377607097,204.4101138287599,2,22.22222222222222,8.964429355674032,13.604264807617541,24.19585682924747,26.55527785833015,49,10
14,2,0.0,0.0,10,90.00892535761503,90.0114796928361,90.01170674485576,0,0.0,4.597230634083505,8.925357615036905,11.479692836101137,11.70674485575129,49,10
15,2,1.0,50.0,10,150.01439621440758,150.02202867580365,150.02270711681663,0,0.0,9.703619328502306,14.396214407586756,22.02867580364952,22.70711681663288,49,10
1,50,30.0,60.0,10,3.849778383725956,9.559648266643235,11.51993933458761,30,60.0,5.468098610537054,9.778383725956045,15.295496481837812,21.081033420035585,50,10
2,65,45.0,69.23076923076923,10,8.4415760673948,18.01809891902606,22.729671473869363,45,69.23076923076923,6.4108044176189205,10.806836625570131,20.32729544170978,23.73511036585004,50,10
3,52,34.0,65.38461538461539,10,15.702933500379563,36.004418662928856,41.9742565301526,34,65.38461538461539,6.327994133829156,10.625808071871809,18.532098007685875,26.010973234665443,50,10
4,51,32.0,62.745098039215684,10,25.539509614387832,56.00765393366403,59.508451789509984,32,62.745098039215684,5.69161136123892,10.097849681952562,16.2007933533486,18.431662618252503,50,10
5,37,20.0,54.054054054054056,10,28.65926490668065,60.008760802732404,66.4126121973043,19,51.351351351351354,6.47820124359828,10.616258032005367,19.476676208295878,20.028968112640435,50,10
6,23,10.0,43.47826086956522,10,36.53237363838283,73.50974108868218,75.00959223419937,10,43.47826086956522,6.192517491062003,10.634507948051198,15.023185162482376,17.73540675330684,50,10
7,35,18.0,51.42857142857143,10,70.01188218172088,157.50858996769406,191.50929271870638,17,48.57142857142857,7.4637433321037925,11.882181720893783,23.482824346873524,26.023934523449388,50,10
8,21,6.0,28.571428571428573,10,58.34328633234221,150.01757492936684,170.01776784455282,6,28.571428571428573,5.734197309846998,9.952999008872712,17.81607334931968,19.01095796766768,50,10
9,20,6.0,30.0,10,63.01110605081135,121.51363471477023,144.30883933622232,6,30.0,6.632646201682682,11.106050811352446,16.31708689717855,18.330739703380537,50,10
10,19,4.0,21.05263157894737,10,71.5883094706495,124.00644147509668,152.80541773246745,4,21.05263157894737,5.397881486409415,9.36210222844551,17.877556075740955,19.183915708466728,50,10
11,18,3.0,16.666666666666668,10,86.1219936674977,150.00805903631584,150.00807759507833,3,16.666666666666668,6.424040959921945,10.88255638659477,17.500530835658978,17.656347486322087,50,10
12,7,0.0,0.0,10,85.72194721682082,120.01097079287538,120.01143277113361,0,0.0,3.417573491473027,7.66150253510844,10.970792875383648,11.432771133605526,50,10
13,8,1.0,12.5,10,105.01191256039203,185.5183127660032,205.12007288315394,1,12.5,7.385426170323493,11.912560392034257,19.287800646496834,20.267890082599056,50,10
14,5,1.0,20.0,10,144.0121189732565,252.01883973449344,266.4211339492476,1,20.0,7.578087824144643,12.11897325649625,19.734298395133994,21.312862027894308,50,10
15,4,0.0,0.0,10,187.50986185202188,277.5102228890888,295.50982996883675,0,0.0,5.471335848832031,9.861852021883957,12.514923892809545,12.907844144910182,50,10
1,55,39.0,70.9090909090909,10,6.010521948494872,18.30926215524221,20.468667366268225,37,67.27272727272727,6.223221114583521,10.521948494872374,19.613541002041085,21.884964660765345,51,10
2,51,36.0,70.58823529411765,10,7.854580527070316,17.01156065852468,21.016335604362737,34,66.66666666666667,7.02060817536719,11.443272168354307,23.258815172226257,24.476259499936198,51,10
3,43,28.0,65.11627906976744,10,15.824762729556586,35.615628918882564,42.334638028014254,27,62.7906976744186,6.4424360644665954,10.809241184489645,19.983760897222044,22.884039620776132,51,10
4,40,23.0,57.5,10,22.58548895189332,49.00703993817807,53.2841944785978,23,57.5,6.056658370552673,10.488951893322994,17.995917007530146,23.908838708472366,51,10
5,39,22.0,56.41025641025641,10,35.13928572627736,91.00882912658443,106.20893537015498,21,53.84615384615385,6.70462041146695,11.080598072229408,23.362768706889927,24.219533447122533,51,10
6,39,22.0,56.41025641025641,10,53.08808015066319,136.5125216185518,159.31095350628473,22,56.41025641025641,6.8717325648844865,11.1570737401084,20.991968053441134,24.961085968446582,51,10
7,32,18.0,56.25,10,74.22939285588605,161.26273380679302,192.25520786469048,18,56.25,6.316981798733394,10.642855886056447,20.870998653072593,22.17142083789219,51,10
8,27,13.0,48.148148148148145,10,63.89933997534126,142.50884734644535,168.51094030833391,11,40.74074074074074,6.436151109187549,10.45108645238315,22.18085524993205,24.21280458910319,51,10
9,14,3.0,21.428571428571427,10,49.294448746788426,100.50756828089887,116.10842275521631,3,21.428571428571427,4.952411647265249,8.73446107413588,17.424282855484748,20.07797867152227,51,10
10,17,2.0,11.764705882352942,10,61.18683060145392,120.00865003871175,120.01422555485016,2,11.764705882352942,6.155928421310612,10.360013218629078,17.98173595271854,19.58545970694202,51,10
11,15,5.0,33.333333333333336,10,83.34528518968371,150.01046284427002,150.01186264903876,3,20.0,7.422104234670983,11.95185635038783,23.73550244327989,26.369390062360782,51,10
12,11,6.0,54.54545454545455,10,212.73768461193876,450.0095355674542,474.0097268306236,6,54.54545454545455,5.984725356566354,10.411884666026772,17.21252892355188,18.070475530844064,51,10
13,8,1.0,12.5,10,87.51146540441184,140.01158207582912,140.0141316100255,0,0.0,7.434749725209452,11.465404411835468,22.592538890887653,25.246203932735085,51,10
14,7,0.0,0.0,10,115.72557009955469,180.00710407338173,180.0075104229952,0,0.0,6.799100030136539,11.284385268938493,15.2607009899739,15.682770512255782,51,10
15,1,0.0,0.0,10,150.0097155446476,150.0097155446476,150.0097155446476,0,0.0,5.334775461629244,9.715544647606285,9.715544647606285,9.715544647606285,51,10
1,50,32.0,64.0,10,3.8508839072392176,8.559185512969963,10.519364658047706,31,62.0,6.425301818836714,10.883907239217063,19.419636868873926,27.063153623984395,52,10
2,51,34.0,66.66666666666667,10,10.87351489234076,29.009887757605384,33.008476081853246,34,66.66666666666667,6.318791077117099,10.769794301544854,19.124549179535805,21.487625060481882,52,10
3,38,21.0,55.26315789473684,10,12.43346115625845,28.014234312569723,30.532646890587756,21,55.26315789473684,7.848349351533264,12.408524679499939,21.548504886483087,22.13012504157836,52,10
4,42,26.0,61.904761904761905,10,29.343655603550662,69.65732343051316,74.1376481963122,26,61.904761904761905,6.078867696139353,10.32227021732954,19.009920379996505,27.256241654178407,52,10
5,28,17.0,60.714285714285715,10,31.796254911242418,66.5085727411509,70.00668542119601,17,60.714285714285715,6.371569531327266,10.54062552812805,21.332550227342356,24.303112783427935,52,10
6,49,32.0,65.3061224489796,10,67.35753836569219,159.01015844853816,187.81054797543604,31,63.265306122448976,6.236120235546178,10.599590181989427,18.159480496701605,19.70710786401169,52,10
7,33,17.0,51.515151515151516,10,80.3151970907622,210.0123168770753,242.01202137412236,16,48.484848484848484,7.62271690253458,12.166787731904614,19.670560650774746,24.004690407466654,52,10
8,31,16.0,51.61290322580645,10,70.97863554447484,162.50753462811025,175.01212877356588,15,48.38709677419355,6.4343572405666,10.893608990972563,19.783864204098343,22.753655870639072,52,10
9,16,3.0,18.75,10,54.38535297185785,127.50834838422352,145.5097046979943,3,18.75,5.929737315563234,10.352971857849882,16.946976825785793,17.366949190232337,52,10
10,13,4.0,30.76923076923077,10,70.78038022787203,136.0126242076031,155.21042425863718,4,30.76923076923077,6.673162204989818,11.14945864126208,19.84764921363268,23.56436675911413,52,10
11,13,4.0,30.76923076923077,10,115.3943944023458,270.00682187256496,294.00884672307615,4,30.76923076923077,5.394019972097553,9.77901773042724,13.304329020673531,13.962918023461238,52,10
12,9,2.0,22.22222222222222,10,86.67783847510965,156.01469320769803,175.2164277711628,1,11.11111111111111,7.1088586510174165,11.171808442983266,21.017507249875994,23.234091367676687,52,10
13,7,0.0,0.0,10,90.00852903639338,140.007058032871,140.0071013813557,0,0.0,4.227312304591118,8.529036393386844,13.923197206444877,15.37212250488961,52,10
14,4,0.0,0.0,10,112.51059637670599,166.5081603775856,177.30687028308094,0,0.0,6.156926549692325,10.5963767059939,16.1732835793771,17.07349431073168,52,10
15,2,0.0,0.0,1,225.018551898179,292.5179433200507,298.517889224217,0,0.0,13.582451736752574,18.5518981789832,19.16047630732451,19.21457214095485,52,10
1,56,38.0,67.85714285714286,10,4.207460721479437,9.013125393336885,10.470977372149484,37,66.07142857142857,6.897018729605398,11.03215005086596,20.81271997107277,21.719413777848775,53,10
2,46,29.0,63.04347826086956,10,8.314911344934124,19.51034414898877,23.103235632589367,28,60.869565217391305,6.3697481320981275,10.563518847166696,21.330440578923497,23.539963091224877,53,10
3,42,26.0,61.904761904761905,10,12.867029214522201,27.81159047031206,30.3715296137324,24,57.142857142857146,5.671995341030724,9.88635737934294,17.913649276716097,21.819886783064103,53,10
4,24,11.0,45.833333333333336,10,17.803605741426253,35.01968394093808,40.40004819938523,10,41.666666666666664,7.410174152558639,11.939074759587404,20.31014633646805,23.223340113236965,53,10
5,43,28.0,65.11627906976744,10,40.47658111083521,109.00990318169215,125.81099196331468,27,62.7906976744186,7.141177299617191,11.464831765443831,20.611448074721174,21.054089720715858,53,10
6,26,15.0,57.69230769230769,10,42.70431708518299,90.00908228530439,101.26462621144839,14,53.84615384615385,7.619404614103717,12.009392875297017,20.143302497958228,21.604555402206913,53,10
7,28,13.0,46.42857142857143,10,74.11911150385075,191.2629000976831,218.26451052044453,13,46.42857142857143,7.437776019728529,11.968646707891788,19.575271471368506,20.452676239914293,53,10
8,28,12.0,42.857142857142854,10,57.15210118137967,100.01302614292457,118.25884123323506,11,39.285714285714285,5.161361061649255,9.244038522525475,15.746300732223702,19.416176352637542,53,10
9,21,10.0,47.61904761904762,10,81.44004042773975,180.0097403969473,204.01692962963634,9,42.857142857142854,6.971414964412028,11.468999168320892,23.421836063815974,24.155565178848978,53,10
10,34,20.0,58.8235294117647,10,147.07007550082236,334.01089095310397,386.8116515728174,19,55.88235294117647,6.768845580770745,11.251971410589123,20.034087209202237,25.28151795078404,53,10
11,19,8.0,42.10526315789474,10,113.16869181762486,250.00720445154116,250.01200096263275,8,42.10526315789474,6.540760802178537,10.797080782775724,18.336113288343086,25.28951223137343,53,10
12,11,1.0,9.090909090909092,10,92.73902849697876,150.01248153339859,174.0126283476075,1,9.090909090909092,7.239080868874888,11.755769706013245,17.794989244058325,18.887908574609728,53,10
13,7,2.0,28.571428571428573,10,110.01104113909169,189.01843412981233,205.8170933911781,2,28.571428571428573,7.105418936090364,11.041139091685197,20.66869420280566,22.009432837053815,53,10
14,7,0.0,0.0,5,115.72615572824328,180.0119327420959,180.01329584073096,0,0.0,7.345714176344555,11.870013957556434,16.682535196301558,16.916093863483432,53,10
15,5,0.0,0.0,4,210.0119138280847,300.01181098064865,300.01222659246315,0,0.0,7.386609409379628,11.913828084686509,14.530031684618598,14.76639343953598,53,10
1,50,35.0,70.0,10,4.710523607908293,11.00789035589609,12.51905117968932,34,68.0,6.387687226529434,10.523607908293,19.03084215860105,24.723409574144306,54,10
2,60,43.0,71.66666666666667,10,11.51174860144652,30.11676565550434,34.838464561224534,43,71.66666666666667,7.356840834291901,11.74860144652089,19.228096099362435,21.117030703891654,54,10
3,55,37.0,67.27272727272727,10,18.264507867907398,45.21499359630683,53.84416744196551,36,65.45454545454545,5.836726546979424,9.962413361942852,16.981974522823002,21.85101730783264,54,10
4,47,28.0,59.57446808510638,10,25.03105868381678,56.0173199201675,63.008877207191475,28,59.57446808510638,5.6351955728542125,9.782088072098981,15.931805594986892,22.366221239042282,54,10
5,39,23.0,58.97435897435897,10,29.499091498452863,61.009467802243734,76.21164379236161,23,58.97435897435897,7.672107501519138,11.912011273379468,21.05258321678185,26.182949355219662,54,10
6,36,21.0,58.333333333333336,10,46.26098187030344,93.75951790565426,105.01307980537365,20,55.55555555555556,6.620447487186114,10.981870303441033,20.93557438871408,23.400138999636987,54,10
7,27,14.0,51.851851851851855,10,65.75139900553478,142.5144554098126,168.5108843791402,12,44.44444444444444,6.491248715323961,10.658264794044392,19.96561577411252,22.262135266532646,54,10
8,31,16.0,51.61290322580645,10,66.13893680313689,125.01976276596639,142.51721662867843,16,51.61290322580645,5.872493105345546,9.904545072361682,21.030915382281506,23.653859418907974,54,10
9,17,4.0,23.529411764705884,10,51.1874134017945,96.01437305587095,115.2085643859557,3,17.647058823529413,6.699902643823307,10.94281355920212,18.663793934193123,22.952453572956628,54,10
10,18,7.0,38.888888888888886,10,75.56819168498258,166.02019302913217,193.2105304010065,5,27.77777777777778,8.06079108664067,12.636129427020187,23.28331569820198,23.44768889574467,54,10
11,19,5.0,26.31578947368421,10,92.11491034456506,155.0137494599033,191.0027498919807,5,26.31578947368421,5.6639736226252735,9.647186670303952,15.622153684265758,18.105980983697755,54,10
12,20,7.0,35.0,10,123.0110043558831,243.0097371507383,288.60883062029546,6,30.0,6.537726182468836,11.004355883108417,16.465763635903734,24.02084888173829,54,10
13,14,4.0,28.571428571428573,10,125.01039544506143,234.51312165168423,270.91194937933625,3,21.428571428571427,6.236060977224463,10.395445061456524,19.359814142708743,24.349573278016116,54,10
14,6,1.0,16.666666666666668,10,120.01380092458567,180.02089977970067,180.02340995104666,1,16.666666666666668,9.1479876730299,13.800924585678104,22.112264997977807,23.65244810613613,54,10
15,5,1.0,20.0,10,180.01170116153867,270.01291784848655,294.01085200680296,0,0.0,7.188110693835499,11.701161538672503,20.664754800106202,22.73059648372235,54,10
1,61,42.0,68.85245901639344,10,5.043224042450506,12.007415810349212,14.41216553065738,42,68.85245901639344,6.191929991804603,10.437157204604329,20.339632308834247,23.379505352592872,55,10
2,43,24.0,55.81395348837209,10,6.6627880220762865,14.021864102183565,17.181755015972936,24,55.81395348837209,7.377717154735459,11.62523137861299,22.262200386768438,23.711791587841198,55,10
3,40,23.0,57.5,10,14.309448955519098,32.20980545052505,38.45032985404565,23,57.5,5.459298510163292,9.448955519098716,17.18274071692853,17.51007216804618,55,10
4,46,29.0,63.04347826086956,10,25.424149121899124,61.26614878842014,73.85924918640872,28,60.869565217391305,6.79459312307393,11.105643638254598,21.53931520762904,22.797188837511502,55,10
5,21,7.0,33.333333333333336,10,23.820001576523506,60.009158111227414,68.01054438472876,7,33.333333333333336,6.224005293708329,10.47776699969992,14.986435751346447,17.668168543851227,55,10
6,37,21.0,56.75675675675676,10,48.65866566055924,108.01106604855059,129.60972662661794,21,56.75675675675676,5.7170649500496715,10.017011910587968,17.101096129050557,21.55758085742656,55,10
7,27,12.0,44.44444444444444,10,57.41969451042068,117.51279572954513,125.01367360570616,11,40.74074074074074,7.735016788241487,12.287103013268466,26.05766858386842,27.11464261699867,55,10
8,33,16.0,48.484848484848484,10,63.64687369365688,125.00799203751882,142.0201831803032,16,48.484848484848484,6.189494708350596,10.510057293245431,18.64724789675568,24.50676738969359,55,10
9,21,8.0,38.095238095238095,10,61.4391463122192,120.01133854297977,144.00887406809454,7,33.333333333333336,6.4924387174066585,10.574883647777622,20.339632308834247,22.665571985467963,55,10
10,15,7.0,46.666666666666664,10,85.34532692147876,172.01030526731353,194.40668580506886,6,40.0,7.461055860431118,11.993588145424036,23.05565255710064,23.837489214446936,55,10
11,8,2.0,25.0,10,62.51431127344745,100.00467369151798,100.00668697401804,0,0.0,10.091027164052317,14.311273447436651,25.165736306264687,26.65543683495774,55,10
12,18,5.0,27.77777777777778,10,120.00883169786796,249.01442789296348,289.81947245617624,5,27.77777777777778,4.924646079379128,8.831697867973428,15.375815957753016,19.662040775189762,55,10
13,6,0.0,0.0,10,81.67638589655307,122.51060694071286,136.50917713328857,0,0.0,5.338215190065642,9.719229886393798,14.568803887392589,15.688735620631261,55,10
14,5,0.0,0.0,10,126.01105215181926,180.0092142710904,180.00961321330462,0,0.0,6.582337956678456,11.052151819251932,14.472962716649281,14.943771939646169,55,10
15,3,0.0,0.0,10,200.01206421046024,285.00866488838716,297.0079088027445,0,0.0,7.526973321541788,12.064210460223359,16.58396649863907,17.053474793683492,55,10
1,61,44.0,72.1311475409836,10,5.601220837104469,14.01636650322724,16.405567361845605,43,70.49180327868852,6.647977564245512,11.05690267824065,17.47672405115265,21.34278881311258,56,10
2,63,45.0,71.42857142857143,10,9.407956001014698,21.80948082817087,26.767915141481577,45,71.42857142857143,6.71482606195551,11.130604189304309,20.355133913876166,23.49282464688025,56,10
3,53,34.0,64.15094339622641,10,20.161505738511053,49.61186700132275,57.93376867091011,34,64.15094339622641,6.19560327795989,10.56234228463706,17.57793230015463,21.776253115588837,56,10
4,34,16.0,47.05882352941177,10,19.569363025705407,44.45828841184989,53.69949543064308,16,47.05882352941177,6.323454346378261,10.539496293641813,18.29251789343162,21.3100102468138,56,10
5,35,18.0,51.42857142857143,10,31.440695370680277,73.0175914545913,86.61229568567373,17,48.57142857142857,7.582725651898858,12.12394210884773,20.21176953534778,21.303763804998688,56,10
6,34,17.0,50.0,10,45.45117995591889,110.25833093713652,130.06414277453996,17,50.0,5.93296181633706,10.003485330646464,17.427322876037152,20.97813127703142,56,10
7,27,14.0,51.851851851851855,10,78.71341465446503,167.51666376995058,193.5111584486423,14,51.851851851851855,5.33048761972678,9.710950761319657,15.88271961615781,18.336002518242047,56,10
8,22,9.0,40.90909090909091,10,51.14985254843148,100.00968376598229,100.0101048557987,8,36.36363636363637,8.85676140737841,13.488912067839465,23.193403263421132,23.89463042449399,56,10
9,14,2.0,14.285714285714286,10,49.294902300417405,90.00818049217288,90.00845972696284,2,14.285714285714286,5.1090695451887,9.188014703121826,14.722705824049727,14.723572355662984,56,10
10,18,3.0,16.666666666666668,10,66.67723608350632,120.01452192226444,120.02054721749514,3,16.666666666666668,6.131762747758991,10.569416839643765,15.31646167845675,20.706125377943717,56,10
11,14,2.0,14.285714285714286,10,71.44120944965549,117.51327102912431,143.51149646949918,1,7.142857142857143,8.062556721617115,12.638021084056522,20.064216782330515,21.405933225310882,56,10
12,14,3.0,21.428571428571427,10,102.86857545402958,201.01430775667438,232.21408528324147,3,21.428571428571427,6.937437800290475,11.432596886737988,14.472819988224105,14.495583478691263,56,10
13,11,3.0,27.272727272727273,10,127.282968169664,245.01487731219424,273.0160191452484,3,27.272727272727273,5.825128817899972,10.240896936756428,14.877312194244418,16.019145248346042,56,10
14,9,2.0,22.22222222222222,10,130.01513078642722,234.01410207898297,262.813948960716,1,11.11111111111111,10.389254211401196,15.130786427224885,21.868780566633887,24.09420100864536,56,10
15,0,,0.0,10,0.0,0.0,0.0,0,0.0,0.0,0.0,0.0,0.0,56,10
1,45,28.0,62.22222222222222,10,3.543846389313734,7.8068923700222,8.571656530713634,27,60.0,6.162123762336869,10.5130559804001,19.99564070582008,22.927447511261114,57,10
2,58,41.0,70.6896551724138,10,8.59743732418068,20.314436747293783,24.874098201715768,39,67.24137931034483,6.941850162239862,11.23042762895612,23.27084252836276,25.187213163849965,57,10
3,38,21.0,55.26315789473684,10,12.117195756661426,28.009272188011582,30.53125547087753,20,52.63157894736842,7.502380123508486,11.932598766687756,22.332827402865952,25.07401509976384,57,10
4,30,16.0,53.333333333333336,10,20.542919730387336,45.861327516300896,53.98107429985076,15,50.0,5.587583699593058,9.58639705400233,19.12795107528488,20.19985809254498,57,10
5,28,12.0,42.857142857142854,10,25.366288131943737,50.00718040834228,57.307982777076916,12,42.857142857142854,4.935836962295924,9.145274800880198,14.47880926820562,15.909768339850697,57,10
6,39,26.0,66.66666666666667,10,73.85719577636999,211.5135098265591,234.31532585448215,24,61.53846153846154,6.668528605272274,11.041930216158962,18.898347383439,24.3481003691077,57,10
7,22,9.0,40.90909090909091,10,62.50978467329778,125.01336613015327,144.7606809866706,9,40.90909090909091,5.569004233160359,9.784673297771768,16.443477880506247,16.770527753187658,57,10
8,26,9.0,34.61538461538461,10,58.662611873707235,125.01683511417666,143.75994276467503,9,34.61538461538461,4.735421803773699,8.76571986108359,16.83511417665738,16.883142076038133,57,10
9,23,10.0,43.47826086956522,10,83.48811594343542,207.00901152304496,233.4110183753243,10,43.47826086956522,5.62733622579833,9.855073870212744,15.584978160696783,17.096404220518668,57,10
10,14,1.0,7.142857142857143,10,60.010564844483234,94.01298024719938,114.80874163809966,1,7.142857142857143,6.1274950014077785,10.564844483226807,15.257895527970836,15.718104841888783,57,10
11,17,5.0,29.41176470588235,10,100.01012839860064,200.01206930186308,200.01787442281534,5,29.41176470588235,5.720125113097783,10.128398600645072,19.325703053401153,19.325703053401153,57,10
12,6,0.0,0.0,10,70.01074486898113,105.01081253498197,117.00993286608292,0,0.0,6.2955262798212885,10.74486898114138,13.744399221616506,14.037914527056072,57,10
13,8,0.0,0.0,10,78.76170914357265,115.51612045008883,135.11573614236167,0,0.0,7.195560965254809,11.709143572638155,16.96728519414633,17.003531460408325,57,10
14,5,0.0,0.0,10,108.0091705287326,162.00797796646611,176.40583584171605,0,0.0,4.8260684688885505,9.17052873260262,16.678146932405248,18.2865015597485,57,10
15,0,,0.0,10,0.0,0.0,0.0,0,0.0,0.0,0.0,0.0,0.0,57,10
1,44,27.0,61.36363636363637,10,3.3508698582440384,7.010675527738942,7.581554734031778,27,61.36363636363637,5.648514164245422,9.960767334947743,16.718726791963412,22.377463219187042,58,10
2,74,55.0,74.32432432432432,10,11.227472941696098,26.708148320130018,32.54907788858267,55,74.32432432432432,6.823735911038506,11.256725479880421,19.755021407427712,22.754735303225306,58,10
3,47,29.0,61.702127659574465,10,17.457337791315645,46.816726953200764,54.16915408026381,29,61.702127659574465,6.173737055471997,10.52928067734473,19.285204215387004,23.25631617252639,58,10
4,41,24.0,58.53658536585366,10,25.6208636486189,63.009158111227414,67.21387834081116,24,58.53658536585366,6.816169442370853,11.107551057931357,17.466159515659765,18.480784589348733,58,10
5,34,18.0,52.94117647058823,10,28.53975244540777,60.00667253070042,66.70934312350337,18,52.94117647058823,6.247693255452042,10.340680701886644,17.59325161248766,18.60833129514731,58,10
6,28,13.0,46.42857142857143,10,37.51125540662027,84.76331970873252,100.9658318027862,12,42.857142857142854,6.905391946984262,11.25540662027336,19.49016569895305,24.710891739408382,58,10
7,28,15.0,53.57142857142857,10,56.26244978706837,100.01929813635773,118.26870225705898,13,46.42857142857143,8.020202852883484,12.449787068360576,25.726614448281342,27.097876199996833,58,10
8,33,16.0,48.484848484848484,10,61.37462210194502,125.0078218243033,142.00311453490434,15,45.45454545454545,6.8597598439714345,10.985738308658002,21.720997830606322,23.368380405817557,58,10
9,27,14.0,51.851851851851855,10,82.23270345023246,180.01093141094765,202.20722498401565,13,48.148148148148145,6.187727580878495,10.481228010250659,24.56176609260619,25.38674663629522,58,10
10,16,6.0,37.5,10,97.51191520471224,250.01687026979926,274.011211486679,5,31.25,7.387894326110674,11.915204712249857,20.08027494718811,22.12550418196972,58,10
11,18,7.0,38.888888888888886,10,119.45547353569047,257.5067892405188,291.5013578481037,7,38.888888888888886,6.768231470503794,11.029091246027145,16.946352312574867,17.916733783896035,58,10
12,12,4.0,33.333333333333336,10,130.01104830786394,267.01378756252984,293.40943657573655,4,33.333333333333336,6.88987677531166,11.048307863946397,18.595999293967793,18.946595114315414,58,10
13,8,1.0,12.5,10,105.01008882138734,185.51335048481246,205.1151951916167,1,12.5,6.1498745658412375,10.088821387340847,16.98220511582632,17.55333481345517,58,10
14,6,0.0,0.0,10,105.01057537939398,157.51120038728422,175.51053209859668,0,0.0,6.137328077147109,10.575379393986534,13.440781603481668,13.653332210751943,58,10
15,0,,0.0,1,0.0,0.0,0.0,0,0.0,0.0,0.0,0.0,0.0,58,10
1,57,39.0,68.42105263157895,10,4.4494632306036035,10.21368729581817,12.448084126661819,39,68.42105263157895,6.47477803280398,10.866739375533212,17.152038562498188,23.009110597137603,59,10
2,58,39.0,67.24137931034483,10,10.113634153486636,28.314243699448376,32.87066925572688,39,67.24137931034483,5.902516967035952,10.185877624568956,17.66258933456696,20.520946155599116,59,10
3,51,34.0,66.66666666666667,10,15.4610985363067,36.00937513845764,40.013721540554236,33,64.70588235294117,5.783760093065501,10.118144149837375,20.1321693093549,21.09797811477049,59,10
4,36,20.0,55.55555555555556,10,20.81575177741762,43.759776591752654,49.01540921625014,20,55.55555555555556,5.7834299935705,10.196221862065466,17.81492676327366,23.289353416539576,59,10
5,33,18.0,54.54545454545455,10,28.192959340760904,54.01191861400009,60.01245838972312,18,54.54545454545455,6.7785524099369905,11.141158942724255,19.316240723005805,21.741362336055975,59,10
6,38,20.0,52.63157894736842,10,48.95717008508809,122.26661318098175,144.45928957995574,20,52.63157894736842,5.415157581872088,9.801664035464627,15.899852195203547,17.340984676281114,59,10
7,22,9.0,40.90909090909091,10,54.55653348931644,100.0107922591809,119.76178965985385,8,36.36363636363637,6.60734511531839,11.078943861905712,17.60604691698779,22.775116373004547,59,10
8,28,12.0,42.857142857142854,10,58.04731099957538,116.26205869369193,143.2612657031606,11,39.285714285714285,7.223961323215525,11.596713861094665,22.399088706535526,24.483802029249755,59,10
9,14,3.0,21.428571428571427,10,53.58123617609033,100.50967020220413,116.11031218226498,3,21.428571428571427,5.6873824639787145,9.807604661763193,16.2674468328019,16.66005458222589,59,10
10,16,3.0,18.75,10,72.51010955962832,130.01404563746968,154.01210053648495,3,18.75,5.935886209215104,10.109559628310592,16.80292500501031,17.93883247094764,59,10
11,23,10.0,43.47826086956522,10,126.09759793096514,295.00992526054335,339.0109752801669,10,43.47826086956522,6.361285975018733,10.641409226019363,20.548942331798845,22.790908205476377,59,10
12,12,4.0,33.333333333333336,10,130.01023104547383,267.0088570410018,293.41073969463076,4,33.333333333333336,6.127060348668416,10.231045473848459,17.14816808043184,17.515988270489903,59,10
13,4,0.0,0.0,10,87.50991480341682,129.50951763348522,137.90907936475315,0,0.0,5.520759625529036,9.914803416820225,12.24528265590489,12.546686134481066,59,10
14,9,1.0,11.11111111111111,10,120.00927739573727,234.00911274065967,262.80914226189503,1,11.11111111111111,4.925816001176294,9.277395737292828,13.684922075917978,15.249036759093798,59,10
15,1,0.0,0.0,2,150.01029455721942,150.01029455721942,150.01029455721942,0,0.0,5.875214256276672,10.294557219423607,10.294557219423607,10.294557219423607,59,10
1,56,39.0,69.64285714285714,10,5.208171537446154,15.26349815144827,17.461785011722373,38,67.85714285714286,7.293800166254469,11.74296601758268,21.81940707774585,26.02265681860158,60,10
2,52,35.0,67.3076923076923,10,9.780353407074248,24.908622075327425,28.987678632139986,34,65.38461538461539,6.863523607588385,11.122637843479156,20.91005505644765,25.011289472550256,60,10
3,37,22.0,59.45945945945946,10,15.46984134445312,40.81410368669687,46.573842375903034,22,59.45945945945946,5.956724260283735,10.381884993662611,16.585037167944503,18.198967069290095,60,10
4,55,37.0,67.27272727272727,10,33.86547218485929,86.1109299616311,101.22909434681792,37,67.27272727272727,6.6010363969905645,10.926730313840613,18.15356951816743,19.052894964899913,60,10
5,33,17.0,51.515151515151516,10,32.43541703198149,84.01084254519999,96.81572425243021,17,51.515151515151516,6.696635871648135,11.174607739062658,17.27738309206418,19.929129329611715,60,10
6,37,22.0,59.45945945945946,10,63.659284687780165,153.01636083322367,174.61177405542202,22,59.45945945945946,6.294852620673354,10.636039131515753,17.186866788352418,18.435612848176376,60,10
7,25,10.0,40.0,10,63.01098034548221,145.0121515349953,150.01869564892598,10,40.0,6.515315352809699,10.980345482215634,20.84772812029215,23.54497555569901,60,10
8,25,8.0,32.0,10,52.01134154267879,100.0208613471591,119.0161768478484,8,32.0,7.151131239642699,11.34154267879672,20.929217018731432,22.877563952176306,60,10
9,16,4.0,25.0,10,54.384050095925964,97.50929238019705,115.51315732669057,4,25.0,5.1803489222900865,9.050095925965293,15.980697510338672,16.168531471816486,60,10
10,19,7.0,36.8421052631579,10,82.11779344645034,164.01223142905647,192.80920824341612,6,31.57894736842105,7.962001326680424,12.530288555583274,19.833225077786516,21.937755104459644,60,10
11,15,5.0,33.333333333333336,10,96.67971603040579,165.01537370644246,193.01713468478195,4,26.666666666666668,8.446495757669538,13.049363739112968,20.00512751576089,22.7255276867806,60,10
12,14,6.0,42.857142857142854,10,128.5819481347746,261.00790720520257,292.2062098191156,5,35.714285714285715,6.08523049041512,10.519563346030825,18.387870573141484,21.32040715688067,60,10
13,7,0.0,0.0,10,90.00935939433735,140.00809985633794,140.00910231983076,0,0.0,5.002351860212924,9.359394337348842,13.279766150140295,13.800154241110901,60,10
14,1,0.0,0.0,10,90.01036502642476,90.01036502642476,90.01036502642476,0,0.0,5.940988808064548,10.365026424758275,10.365026424758275,10.365026424758275,60,10
15,2,0.0,0.0,2,150.01306478391336,150.0131394462539,150.01314608290636,0,0.0,8.460888640987172,13.064783913364234,13.139446253869252,13.146082906358588,60,10
1,56,37.0,66.07142857142857,10,5.456998307117457,15.258829172774286,17.461634649402956,37,66.07142857142857,6.132060355286926,10.569735688885993,17.73968032475606,20.475149976984508,61,10
2,54,37.0,68.51851851851852,10,8.083837772368273,16.71306348575588,20.949243722227727,37,68.51851851851852,5.448860380066012,9.763698294198965,18.05568350015986,20.216116126069068,61,10
3,41,25.0,60.97560975609756,10,23.03475949392312,68.01161426123876,74.40704378825055,24,58.53658536585366,6.218115438966638,10.36925002067849,19.54092924074859,24.84522733329054,61,10
4,52,35.0,67.3076923076923,10,30.43347069375556,70.00625160155128,80.44132334155235,34,65.38461538461539,5.967818121751021,10.393770678634114,16.860764828480985,21.043093566851482,61,10
5,33,20.0,60.60606060606061,10,35.46515783585253,84.00407336423001,96.80631929724473,19,57.57575757575758,6.285001903512505,10.612381307075399,19.172944553659317,23.769099324532302,61,10
6,40,22.0,55.0,10,48.7600452703317,105.76075660923502,129.1574989406843,22,55.0,5.82921085758042,10.045270331703358,16.90245693209281,20.109036334693915,61,10
7,42,24.0,57.142857142857146,10,77.98703631812641,150.01642814764654,189.7654864767796,24,57.142857142857146,6.567559103341068,10.845841935924408,17.442502271078677,21.3413491264656,61,10
8,25,12.0,48.0,10,68.00974273056111,150.00849452945243,169.00870751922417,11,44.0,5.509491062627298,9.742730561112898,17.384912923177232,20.100664142111526,61,10
9,13,4.0,30.76923076923077,10,62.318696066725806,132.01072079210374,146.41193020399848,4,30.76923076923077,6.537169094932443,11.003759033492202,17.774373138953457,19.297288176651545,61,10
10,22,10.0,45.45454545454545,10,90.92095150012939,160.0086629891695,191.60999041817652,9,40.90909090909091,7.336919011483686,11.860591038483847,20.5816822130209,22.80503907569927,61,10
11,17,6.0,35.294117647058826,10,102.95207086485387,210.00990437926473,242.01045304386867,6,35.294117647058826,6.435090200265503,10.894394265613288,19.102133921085144,21.036783909930374,61,10
12,9,2.0,22.22222222222222,10,86.67872945862322,156.00992010721208,175.20931541813337,1,11.11111111111111,7.5256493184915065,12.062791956557765,19.01654280121466,20.21363851354262,61,10
13,7,2.0,28.571428571428573,10,100.01505589751639,189.0115511288992,205.8119075910922,1,14.285714285714286,10.319354394590194,15.055897516395119,19.46281661722937,20.30289327674556,61,10
14,8,1.0,12.5,10,112.51153623211637,180.01972177674455,180.02063235114366,1,12.5,7.0341688581527,11.536232116373856,19.721776744546233,20.632351143671944,61,10
15,2,0.0,0.0,3,150.0188445446501,150.0192009233789,150.0192326014881,0,0.0,13.855602120378535,18.84454465011475,19.200923378907593,19.23260148813362,61,10
1,56,37.0,66.07142857142857,10,3.9573639898042856,9.010648315913308,10.011481724096283,36,64.28571428571429,6.606721296970213,10.935418375714038,22.98376323866072,24.032948378783512,62,10
2,58,40.0,68.96551724137932,10,8.114820828738912,20.314709494838276,24.86975397183424,38,65.51724137931035,7.010135996730604,11.372552876843725,20.931588628038934,23.097835960935768,62,10
3,44,28.0,63.63636363636363,10,16.646596525949136,39.411512694212675,46.290896386071026,28,63.63636363636363,5.902507649437166,10.232889585500944,19.33543466253328,23.314284519549613,62,10
4,46,27.0,58.69565217391305,10,23.749128518445318,49.01223650753822,56.01089391682088,27,58.69565217391305,5.679655231565185,9.998083662708934,15.850357246425894,21.780545204991647,62,10
5,35,19.0,54.285714285714285,10,30.582232632954348,73.00948254479545,86.61246038171537,18,51.42857142857143,6.350775421262298,10.804061525779717,18.84628790686221,22.841261600010675,62,10
6,32,17.0,53.125,10,44.5434077176755,111.7660942911541,130.36191325658146,15,46.875,7.847596110082941,12.15771767549936,22.40619751173658,23.927931226828232,62,10
7,24,10.0,41.666666666666664,10,81.2612630160775,221.2617032992964,244.26614276355792,10,41.666666666666664,6.779154452736307,11.263016077493932,16.230820339320502,17.127493208329092,62,10
8,14,3.0,21.428571428571427,10,46.4364246501839,83.75731643571623,96.75146328714322,3,21.428571428571427,4.129880297115411,7.853221612484474,16.41480174033665,17.260360937801703,62,10
9,16,2.0,12.5,10,43.13519587067896,67.51516916105997,85.51623805403135,1,6.25,6.24979224112254,10.195870678967623,18.25115350443638,22.441256456991546,62,10
10,27,12.0,44.44444444444444,10,94.82539015408841,188.00869598927005,200.01003493864704,11,40.74074074074074,6.137290629564001,10.575339273585078,17.630299281849464,20.664542654546658,62,10
11,13,0.0,0.0,10,65.39513777574058,100.01470195361844,100.01655046514527,0,0.0,6.087869883134543,10.522391125201466,17.075896563162132,17.151860806588104,62,10
12,14,4.0,28.571428571428573,10,107.15381696262423,201.0114951048217,232.20713420599,3,21.428571428571427,6.496157059385467,10.959819767079969,18.846307574107758,20.55637352000017,62,10
13,8,0.0,0.0,10,87.51164561128007,140.01502348360958,140.01815623211135,0,0.0,7.136261189608566,11.645611280091462,18.546246091498308,18.860784607753214,62,10
14,4,0.0,0.0,10,90.00804838518192,90.01368912129445,90.01422542562428,0,0.0,4.712062113030006,8.048385181912035,13.689121294440504,14.225425624271518,62,10
15,5,0.0,0.0,4,180.01359959817785,270.01411574847936,294.01334134335144,0,0.0,8.960073616452826,13.5995981778463,17.120804860407134,17.81438026724425,62,10
1,61,42.0,68.85245901639344,10,4.22359705871712,9.010836576885158,11.409766724686243,42,68.85245901639344,6.172864437903082,10.482304618759441,17.582436700137137,22.55920658454394,63,10
2,62,42.0,67.74193548387096,10,8.913681382681593,21.917296060199305,26.79485503226444,42,67.74193548387096,6.26637846763048,10.455576229980739,17.80439151686055,21.593585147354748,63,10
3,43,26.0,60.46511627906977,10,13.40701950663472,31.609726172923303,38.33164624533562,25,58.13953488372093,7.24647601603957,11.670669425420908,19.334458072738165,21.792201626945943,63,10
4,46,29.0,63.04347826086956,10,37.597569074148296,103.26570626347949,115.86378235395098,29,63.04347826086956,6.577842050269537,10.61255240917514,17.764040841490864,22.383586500800835,63,10
5,32,17.0,53.125,10,32.50955249542186,74.5094051605269,86.9125511069408,17,53.125,5.299261072641668,9.552495421851436,14.348663181938463,16.22346750391536,63,10
6,42,28.0,66.66666666666667,10,54.29592637907334,105.01380034264419,128.86000304951477,27,64.28571428571429,6.064924152461212,10.212093359061685,21.495715326138548,24.20063447176913,63,10
7,31,16.0,51.61290322580645,10,67.75231579271178,162.51166124525048,192.50833520774597,14,45.16129032258065,5.955253110633332,10.38030884081969,21.338660899313147,22.469842871057608,63,10
8,31,18.0,58.064516129032256,10,101.62480990504794,287.51028608826243,317.5071755986325,17,54.83870967741935,7.379936821593609,11.906679241463328,22.918499697257765,24.46527379703881,63,10
9,18,7.0,38.888888888888886,10,61.67668898438587,120.01482416328243,120.01527919341461,6,33.333333333333336,6.035946919119398,10.022317719201068,17.935892997046864,22.806873385527364,63,10
10,21,5.0,23.80952380952381,10,70.48615943858965,120.01115093377005,120.01383120623505,5,23.80952380952381,5.57131054025996,9.96896239918041,14.85609621329186,15.34078381930116,63,10
11,19,6.0,31.57894736842105,10,100.01014525306555,200.00778653100116,200.00783704808634,6,31.57894736842105,5.735856734735224,10.145253065560187,17.95226528411426,19.79653121712785,63,10
12,14,3.0,21.428571428571427,10,107.15293347964291,201.00950139436398,232.20759005365423,3,21.428571428571427,5.938211672623345,10.076336785775458,17.005990068209144,17.37412562616964,63,10
13,10,2.0,20.0,10,119.01109044347827,248.5172195571107,273.7167505325291,2,20.0,6.618078628044285,11.090443478272277,17.349841716794394,17.818866298461806,63,10
14,4,1.0,25.0,10,90.01346805543548,90.02462631706027,90.02600564235631,0,0.0,8.837294242419187,13.468055435486884,24.62631706027458,26.005642356319203,63,10
15,2,0.0,0.0,4,225.00899921823182,292.51016640644247,298.51027015650567,0,0.0,4.666170661727664,8.99921823182228,10.166406442469523,10.270156505638166,63,10
1,57,43.0,75.43859649122807,10,4.659758551371834,9.214975457567016,10.448821184602659,41,71.9298245614035,6.193671528003253,10.635744354289876,20.741402625531656,24.310326559143125,64,10
2,53,33.0,62.264150943396224,10,8.878129538786096,20.810205597272024,24.981719473128795,33,62.264150943396224,6.143852012549411,10.205010484207568,19.282494532615104,25.518493379144132,64,10
3,42,25.0,59.523809523809526,10,13.63070334136432,28.016727546152104,34.37115444613359,24,57.142857142857146,7.3234853096090395,11.655722316700684,19.425270812120548,22.539146600657656,64,10
4,38,20.0,52.63157894736842,10,22.115821563441997,50.0610475037418,60.42226672600181,20,52.63157894736842,6.317986094215169,10.558405547261087,18.348088851608775,18.61812345901957,64,10
5,30,17.0,56.666666666666664,10,31.010588444984485,65.51122191583333,77.11411221779322,16,53.333333333333336,6.149523238918392,10.588444984486056,16.882564746695866,19.8114859728836,64,10
6,23,7.0,30.434782608695652,10,28.705656002733345,58.509403547526865,60.01264100218305,7,30.434782608695652,5.928508100126067,10.003828820299434,18.3271467379099,22.780222487580783,64,10
7,24,9.0,37.5,10,55.21868397129739,100.01011631916826,100.01024715838453,9,37.5,6.083122250555459,10.35063796404757,14.077195506009167,18.024460544020627,64,10
8,25,12.0,48.0,10,61.01051262343462,120.00852781919183,144.01074805130062,12,48.0,6.228093726582887,10.512623434630887,18.049051984981944,24.049550343243983,64,10
9,26,10.0,38.46153846153846,10,70.39499795228684,142.51137407938168,150.01223881823427,10,38.46153846153846,6.2445553257367274,10.382567671458869,17.000713932115378,17.277160005099383,64,10
10,24,10.0,41.666666666666664,10,86.6777395678988,160.0104208281748,190.80869481153152,8,33.333333333333336,6.601705045110303,11.072901232122732,20.947303393216277,21.88122488860596,64,10
11,12,4.0,33.333333333333336,10,100.01094469748955,222.50886319005178,244.5089659933413,3,25.0,6.482042226926061,10.944697489545431,19.964780773375832,23.44121740198967,64,10
12,12,1.0,8.333333333333334,10,80.01160991564105,120.01128762348374,120.0117762677286,0,0.0,7.102943591551209,11.609915641049575,18.245405928469555,23.097342433008418,64,10
13,8,1.0,12.5,10,87.51079981332599,140.0082525122845,140.00896998106737,0,0.0,6.813500271105159,10.79981332599252,21.203607088000297,22.83836694130117,64,10
14,6,1.0,16.666666666666668,10,150.00934545991615,247.50845084291205,265.5076424445497,1,16.666666666666668,4.989345749190796,9.345459916158413,14.415297403533362,15.197420238829341,64,10
15,2,0.0,0.0,1,225.01317368846753,292.5139276716568,298.51399469238476,0,0.0,8.56253798136002,13.173688467544537,13.927671656864351,13.99469238480389,64,10
1,54,34.0,62.96296296296296,10,3.824788763074403,8.360164398656908,10.47792868650202,34,62.96296296296296,5.9216605651110195,9.973948259588436,19.800527289875753,21.13472845008168,65,10
2,65,45.0,69.23076923076923,10,8.564409313589278,18.012479261758916,20.010145130201593,45,69.23076923076923,6.413116366176685,10.563159743123549,18.479688601667615,24.716187161934904,65,10
3,35,19.0,54.285714285714285,10,12.124083141335111,25.20867641229414,28.01897997457966,19,54.285714285714285,5.7312188874227195,9.797427049397303,20.82793136466296,24.76719977610304,65,10
4,51,35.0,68.62745098039215,10,27.59913333283429,59.50893903786682,66.514175576303,35,68.62745098039215,6.511698138196199,10.898038716639835,18.804675014424916,22.542443316548685,65,10
5,54,37.0,68.51851851851852,10,44.27097254369937,103.50844429362216,124.71209987541535,37,68.51851851851852,7.337704497273556,11.713284440113071,20.064640693250475,24.071905927366625,65,10
6,35,19.0,54.285714285714285,10,48.86831647380734,124.5090029878178,144.9102017159921,18,51.42857142857143,7.0157268462946805,11.17361666448865,21.33587499664312,25.616476102065214,65,10
7,33,18.0,54.54545454545455,10,71.97993024193406,135.01251791859843,150.0122129435381,18,54.54545454545455,5.931149053335972,10.233272237084842,16.58000381942411,17.982885684935315,65,10
8,23,9.0,39.130434782608695,10,63.055648559507425,147.5142130467894,150.01471214103591,9,39.130434782608695,7.788320880829751,12.170298637864366,18.62870918231124,18.666903293382813,65,10
9,18,6.0,33.333333333333336,10,60.010120684979675,124.50180698236407,144.90999863574808,5,27.77777777777778,5.920343166288723,10.120684979675236,16.87204404886693,24.102104964330927,65,10
10,22,8.0,36.36363636363637,10,89.09983332174747,160.01101853514012,191.6097735330946,8,36.36363636363637,5.105295324865408,8.924230838374603,15.792976453897603,16.37868005216381,65,10
11,16,5.0,31.25,10,112.50979754297948,262.50608096564474,292.5069059679104,5,31.25,5.411311070362547,9.797542979493588,15.640077085288077,16.171698226554774,65,10
12,16,6.0,37.5,10,123.76132041069359,255.01672973489025,291.0224783058872,5,31.25,6.83272544350218,11.320410693582486,22.953031486728825,23.722965206534063,65,10
13,7,0.0,0.0,10,80.0109186154583,119.01792404185089,135.81853568054342,0,0.0,6.457697778766102,10.918615458280874,17.924041850940014,18.535680543455456,65,10
14,8,2.0,25.0,10,123.7623857203733,238.51147954574645,263.7101619811949,1,12.5,7.827064266622681,12.385720373300078,20.576562076271678,22.224761607786434,65,10
15,1,0.0,0.0,2,150.01642017269023,150.01642017269023,150.01642017269023,0,0.0,11.592741651453538,16.420172690232068,16.420172690232068,16.420172690232068,65,10
1,58,41.0,70.6896551724138,10,4.665743112060528,11.166048177897052,13.44042889712979,40,68.96551724137932,6.326071924781132,10.570698267423666,18.36656761182227,25.38674663629522,66,10
2,48,31.0,64.58333333333333,10,6.7607645004493735,14.008525375765252,17.071612182717793,31,64.58333333333333,6.469413245959828,10.764500449372804,19.762215866364766,23.244911932444595,66,10
3,44,26.0,59.09090909090909,10,13.738282117389366,31.410177385470064,34.30165505618984,26,59.09090909090909,6.627277769320128,11.009390116636123,19.37425581060313,23.77990542176128,66,10
4,44,28.0,63.63636363636363,10,23.2368744383382,47.95857610184203,49.01127612928665,28,63.63636363636363,5.652789132852596,9.601711065472262,19.751531475101075,22.237208812195405,66,10
5,30,16.0,53.333333333333336,10,26.011223116749537,50.01148470198128,50.01193563450938,15,50.0,6.86636389118594,11.223116749534709,21.520691607576044,25.43431582062857,66,10
6,42,27.0,64.28571428571429,10,53.22674152743316,119.2619959124368,143.8596398683392,26,61.904761904761905,7.981380805011419,12.455813147443223,25.34952127647829,25.781451269341815,66,10
7,35,19.0,54.285714285714285,10,86.43940385471673,207.50956047847137,241.51333902552315,18,51.42857142857143,6.590594407747363,10.832426145305893,19.067536591540367,21.9358882581269,66,10
8,23,8.0,34.78260869565217,10,50.008106498517236,100.00591333894566,100.01262639049376,8,34.78260869565217,4.644558715526963,8.106498517241686,15.279129637395053,21.03763564157843,66,10
9,11,3.0,27.272727272727273,10,43.649286773008214,75.01860924796125,87.01453055927438,2,18.181818181818183,8.32867790337681,12.923136644582241,23.4773328622301,23.661553628313065,66,10
10,15,4.0,26.666666666666668,10,61.34616633381471,92.01809897445058,114.41083761229793,3,20.0,8.244546605079796,12.833000481376075,22.095678171378733,22.294829630768433,66,10
11,16,3.0,18.75,10,87.50936560748417,162.51102752428034,192.50797834502316,3,18.75,5.241496105055946,9.365607484171884,13.199120068055148,15.361770701389363,66,10
12,17,3.0,17.647058823529413,10,109.42342415626165,252.01537314383424,290.4169672815004,3,17.647058823529413,7.368797168924921,11.659450379299905,17.772413652751,19.073526407546026,66,10
13,10,3.0,30.0,10,126.01351369381618,248.51453169523054,273.71609158118315,2,20.0,8.879892197372058,13.513693816179948,21.581642364512785,24.919882891015895,66,10
14,5,1.0,20.0,10,144.01208821686987,252.01047900302422,266.4103642377105,1,20.0,7.549380425836309,12.088216869853916,16.208443921797052,17.219089374093787,66,10
15,0,,0.0,2,0.0,0.0,0.0,0,0.0,0.0,0.0,0.0,0.0,66,10
1,57,37.0,64.91228070175438,10,3.9395079051872,8.213714756374912,9.452182432873606,37,64.91228070175438,5.435720528562469,9.683343783691695,14.855298643446297,16.254489930870946,67,10
2,62,43.0,69.35483870967742,10,8.397355245345036,17.913927284050118,22.78981801646487,43,69.35483870967742,6.2630587227677665,10.258471151488429,21.50689287172954,24.615576687594196,67,10
3,42,23.0,54.76190476190476,10,12.58212383813618,27.812116722683243,34.368991591546916,22,52.38095238095238,6.42701518623735,10.695266707607217,17.2573984891026,23.183391526916346,67,10
4,41,26.0,63.41463414634146,10,24.93719345527103,56.017695301648985,63.011243284104445,25,60.97560975609756,6.3955126365961394,10.364186978349212,20.611448074721174,25.57292084860452,67,10
5,45,28.0,62.22222222222222,10,33.344581190840884,70.0155580254179,80.00410978552614,28,62.22222222222222,7.013907097593444,11.24785750755508,18.98696674537621,23.757833425238772,67,10
6,32,17.0,53.125,10,42.666553705646145,81.75822196677507,100.36212992462735,17,53.125,6.117098232874538,10.303705646143603,17.915525527863153,18.814069703399376,67,10
7,29,14.0,48.275862068965516,10,65.52721307878365,140.01267082322377,150.0158721088044,13,44.827586206896555,5.960091506443247,9.971699473308057,18.234708970290797,20.77357029310709,67,10
8,20,4.0,20.0,10,46.25923959576148,101.25057207848478,120.25926767145312,4,20.0,5.450562298941504,9.23959576147664,15.239926158956441,15.635468295391924,67,10
9,12,4.0,33.333333333333336,10,62.5114242272725,133.50967746562898,146.71340309070573,4,33.333333333333336,7.24075245908091,11.424227272507608,19.970005684458336,21.869695133384354,67,10
10,22,12.0,54.54545454545455,10,123.64869802966449,318.00849320878154,351.609621910578,11,50.0,7.948862067357559,12.334393300824264,24.291615850049208,26.1125937958159,67,10
11,13,2.0,15.384615384615385,10,88.47122860578655,170.00934297307515,194.0088750348742,2,15.384615384615385,5.598261102558993,9.690144248086849,15.443532346906718,17.244947788571633,67,10
12,17,5.0,29.41176470588235,10,127.07026033643714,252.0139452232437,290.40846955900685,5,29.41176470588235,6.941367459794654,11.436807025385356,18.31890117695125,21.02978258425776,67,10
13,8,2.0,25.0,10,131.25810534740577,255.50979032679118,275.1088271786488,2,25.0,3.831849447822341,8.10534740580168,11.388122897080745,11.898589705397006,67,10
14,4,0.0,0.0,10,112.5107095688167,166.50912299293182,177.30779243612955,0,0.0,6.262577809863114,10.709568816688208,17.225542975499938,18.28332482012883,67,10
15,1,0.0,0.0,3,150.0180097350495,150.0180097350495,150.0180097350495,0,0.0,13.076407477151486,18.00973504949104,18.00973504949104,18.00973504949104,67,10
1,65,49.0,75.38461538461539,10,6.424961575389646,17.81604118042162,20.370540018424506,48,73.84615384615384,5.492617185884567,9.576960005030388,17.6512439377235,23.913168598846593,68,10
2,55,35.0,63.63636363636363,10,8.301004837761093,20.010957420572165,22.930626070443104,35,63.63636363636363,5.893295182337841,10.09574685200218,17.5345748273673,19.243031430296522,68,10
3,60,42.0,70.0,10,17.810428659080095,40.20971415864144,49.653887647268874,41,68.33333333333333,6.187058274280861,10.428659080094524,17.470821715781874,24.398335508910513,68,10
4,37,22.0,59.45945945945946,10,21.198703701613955,43.41665809996093,53.491961667500256,22,59.45945945945946,5.449853851907184,9.514512424765712,18.556947960884067,22.73733578741323,68,10
5,32,16.0,50.0,10,26.885801492044216,54.50920375096692,60.00883090480448,16,50.0,6.581722135810381,10.801492044217026,20.951148444627904,24.81928201926773,68,10
6,44,29.0,65.9090909090909,10,58.988501643441005,132.76484294748752,143.56355355889704,29,65.9090909090909,7.001884477934723,11.228916168287457,17.66179774384128,22.552752219792996,68,10
7,30,16.0,53.333333333333336,10,74.17809022482199,175.01134382407463,192.76242072653616,15,50.0,7.053451904481146,11.423558155309289,21.636612648904805,26.329667929019887,68,10
8,31,15.0,48.38709677419355,10,94.36532041956328,225.01095323337944,242.51210787607832,15,48.38709677419355,6.170334963129989,10.481709885839141,16.965167524861535,17.65918996434139,68,10
9,28,15.0,53.57142857142857,10,93.22352151608072,199.51522158086868,231.91133334823246,15,53.57142857142857,5.287013074316567,9.235801795021725,16.440464487378346,16.94641146198682,68,10
10,19,4.0,21.05263157894737,10,71.58719013154553,160.00912689131727,160.01128031296807,4,21.05263157894737,4.746114810128332,8.242763124474191,15.221013978656503,17.297061475187046,68,10
11,16,4.0,25.0,10,87.51184885915086,162.51256388064536,192.51356229034937,3,18.75,7.325968701387808,11.848859150851785,20.06841371559497,21.889376739611677,68,10
12,11,1.0,9.090909090909092,10,92.73500450935852,150.00988315664773,174.00880025985782,1,9.090909090909092,4.16199289226522,7.731782085785326,11.595398709681804,11.882295569309486,68,10
13,11,2.0,18.181818181818183,10,114.5557962094776,210.0127742464719,210.016527123187,2,18.181818181818183,5.9191828079298725,10.341664023050486,15.663560876321522,17.104986067845548,68,10
14,8,0.0,0.0,10,112.51109014787778,180.01043204895066,180.0106221749369,0,0.0,6.617802720442202,11.090147877786436,15.195184698481407,15.791064296129829,68,10
15,1,0.0,0.0,3,150.0125129608447,150.0125129608447,150.0125129608447,0,0.0,7.945827986690887,12.51296084470285,12.51296084470285,12.51296084470285,68,10
1,72,56.0,77.77777777777777,10,6.136270358009889,17.461317201842302,20.30096153322967,53,73.61111111111111,6.941570611059335,11.270358009889174,22.05354130281547,24.27516278526838,69,10
2,72,52.0,72.22222222222223,10,10.566308252302337,26.91716320896456,30.59477457524533,52,72.22222222222223,6.354687008576793,10.752696746780705,18.266144231219435,24.964657639674623,69,10
3,43,27.0,62.7906976744186,10,12.568525051353001,24.00798295380389,26.33611031186465,27,62.7906976744186,5.9601138072486775,10.385516469280027,22.26294511681067,26.104270153881682,69,10
4,44,26.0,59.09090909090909,10,24.671001506488142,54.95930631970882,67.00695819879807,26,59.09090909090909,7.383593950096697,11.910597397230477,20.75500273302639,23.965316332222883,69,10
5,32,17.0,53.125,10,34.697700341317315,94.50895375369907,106.91840455419972,17,53.125,5.903947519710882,10.200341317313175,19.305248365975974,21.745133316963308,69,10
6,30,14.0,46.666666666666664,10,35.010057843227635,68.26322053306731,75.01225003594335,12,40.0,5.654270134119148,10.057843227635123,20.757171984542346,22.25406809445583,69,10
7,26,14.0,53.84615384615385,10,83.66435586893857,193.76604732237556,218.7601634381124,14,53.84615384615385,6.219635260567239,10.509715092411405,17.89583625985002,19.007796375757195,69,10
8,20,8.0,40.0,10,53.760327061601934,101.25591208754372,120.25857015475718,8,40.0,6.278905226979406,10.327061601938397,16.528863313039093,22.438131571796106,69,10
9,16,5.0,31.25,10,56.258632008663724,97.51005281216116,115.50201056243222,5,31.25,4.790114604314574,8.632008663725383,16.302831497502133,20.626568648367932,69,10
10,17,5.0,29.41176470588235,10,77.6572119107742,168.01212699779506,193.6116024233337,4,23.529411764705884,5.743169001475332,10.15308724477333,16.841550607395764,19.57438828178415,69,10
11,16,5.0,31.25,10,100.01077281067302,200.00959548011554,200.0105493949734,5,31.25,6.321606498124762,10.772810673009193,19.615657284334134,19.868021286780447,69,10
12,17,6.0,35.294117647058826,10,123.54030767433403,252.01370362755657,290.41297843169343,5,29.41176470588235,6.656123449387766,10.895909628149665,19.629442844277786,23.759692642262888,69,10
13,7,0.0,0.0,10,80.00939965550599,119.00823842978534,135.80578848954417,0,0.0,5.039930832594739,9.399655505978014,14.870270866187553,15.281325230934378,69,10
14,2,0.0,0.0,10,90.01000176212804,90.0135553563937,90.01387123143954,0,0.0,5.601925153462728,10.001762128032764,13.555356393697853,13.87123143953475,69,10
15,3,1.0,33.333333333333336,5,300.01403599278416,435.01326944215117,447.0131152123373,1,33.333333333333336,9.367395644562501,14.035992784209617,14.906754392630594,14.984972924274942,69,10
1,70,55.0,78.57142857142857,10,5.340654911377083,13.563140620052517,15.324296581711648,52,74.28571428571429,7.811641764582079,12.083482805654832,22.240642047563917,25.16281162346518,70,10
2,51,33.0,64.70588235294117,10,8.481978271202562,20.009326134226157,22.00670208100906,32,62.745098039215684,7.04412479135843,11.390035908444105,21.180627650316456,23.97419850763444,70,10
3,42,26.0,61.904761904761905,10,13.819815400071569,28.01421089659356,34.36801121949152,25,59.523809523809526,6.1391252439908515,10.291590547760467,17.631778087038477,22.807710813383956,70,10
4,34,16.0,47.05882352941177,10,17.51044286769057,35.00800527461138,39.70014515859915,16,47.05882352941177,6.343072554076934,10.442867690574158,19.88802670980356,25.336308290787336,70,10
5,44,27.0,61.36363636363637,10,39.78467204172079,98.51760794331801,115.71642721510153,26,59.09090909090909,7.500341770634966,11.944768993521183,20.783293964610134,23.1224347922103,70,10
6,36,18.0,50.0,10,41.6769328177656,90.01229976434217,99.76532356123323,18,50.0,5.84870054955263,10.266151098932733,17.00927801784046,20.79180074650633,70,10
7,25,10.0,40.0,10,72.0092652364612,170.00165158987457,175.00645929986922,10,40.0,5.362489208668048,9.265236461196576,16.855662538639546,17.959026542318917,70,10
8,32,17.0,53.125,10,68.76084583928696,136.26082723073395,150.01074515155614,16,50.0,6.623114968325336,10.845839286951374,20.635426146269314,23.51394764998611,70,10
9,16,4.0,25.0,10,54.38596432010762,97.5100757667103,115.51235616238598,3,18.75,6.967047622401529,10.964320107612167,19.185528126420024,20.43022772570933,70,10
10,31,16.0,51.61290322580645,10,103.2383313291921,220.0082687864741,268.0059469783124,14,45.16129032258065,7.956950829161575,12.524877579194632,21.34162238347188,24.54036099667448,70,10
11,11,3.0,27.272727272727273,10,81.83074430444948,150.01769892478194,150.02257037487408,2,18.181818181818183,7.992054029419943,12.56248626765652,24.58749201671104,25.226895712378386,70,10
12,13,4.0,30.76923076923077,10,92.32240708190096,144.01803903594518,172.81139414444982,2,15.384615384615385,10.000956697817239,14.714774208640183,24.509715392110163,25.62963923297959,70,10
13,4,1.0,25.0,10,122.50895928762957,199.50794291762924,207.90786410978018,1,25.0,4.628900233415688,8.959287629572065,10.18600658629604,10.336934077571344,70,10
14,11,1.0,9.090909090909092,10,139.10158503215237,225.01286957349905,261.0091876784732,1,9.090909090909092,6.570601437497794,10.6759412432861,17.847375809387973,18.147722631823175,70,10
15,2,0.0,0.0,5,225.01314822561807,292.5130758037479,298.5130693662483,0,0.0,8.53877146516861,13.148225618098092,13.220647488295448,13.227084987868547,70,10
1,58,41.0,70.6896551724138,10,5.286473789374241,13.157334233113806,14.43812232233172,40,68.96551724137932,6.1712480560151,10.611720408722825,17.63738098567266,22.87753437175936,71,10
2,73,55.0,75.34246575342466,10,11.982516680011198,30.01186563263562,34.56923281948502,55,75.34246575342466,5.673386335877142,9.913940285171295,17.719406597651233,19.994544261085494,71,10
3,46,28.0,60.869565217391305,10,16.097639597355904,43.014448690177815,50.21206440543365,28,60.869565217391305,6.481340038046922,10.683075616771958,19.082108073961976,22.080039016403504,71,10
4,43,23.0,53.48837209302326,10,22.311916995282605,49.00903111869215,60.06729535974852,23,53.48837209302326,5.3925663898756255,9.59141388725874,16.018461228462456,22.33920383204599,71,10
5,32,14.0,43.75,10,27.5102820665552,64.50243635780541,76.90743759783905,14,43.75,6.096900736659115,10.282066555197899,16.065869587161615,17.590967461879558,71,10
6,35,22.0,62.857142857142854,10,50.155624201294685,120.02018585807984,129.91296748783554,21,60.0,8.182997615604789,12.76705843753755,23.978383065686643,25.147462326070674,71,10
7,35,20.0,57.142857142857146,10,67.8685106167812,132.51357838850694,166.50625068039975,18,51.42857142857143,6.876920004866765,11.367759638346419,24.433256928741816,25.73184318385036,71,10
8,29,13.0,44.827586206896555,10,65.52782584795501,140.01492267317317,150.01497948642165,13,44.827586206896555,6.40329595974652,10.584468644670745,16.458244160026236,17.147374310309193,71,10
9,16,7.0,43.75,10,86.2613179932114,217.50993830992687,235.51148685171117,6,37.5,6.830469013822583,11.317993211409023,19.10861776275165,21.922606528046817,71,10
10,23,9.0,39.130434782608695,10,97.40165866543282,200.01354891335015,231.20957574779936,9,39.130434782608695,6.093320379386259,10.354317606723342,16.189733880440304,17.38440644509955,71,10
11,17,5.0,29.41176470588235,10,102.95185354587892,210.0074484558862,242.00582099394242,5,29.41176470588235,6.232249000294761,10.67707529068257,16.29742675670178,16.658441213744958,71,10
12,10,0.0,0.0,10,66.00865997444545,93.00786452582295,114.60157290516462,0,0.0,5.096231328521837,8.659974445447572,15.742387872894936,17.12985681550111,71,10
13,8,2.0,25.0,10,105.01098361011799,185.51222421823596,205.11028227636635,1,12.5,6.51836249876548,10.98361011797834,21.080497593169287,22.953568369686636,71,10
14,8,1.0,12.5,10,101.2614613565649,148.51666396714404,173.71348963676604,0,0.0,7.430971545543832,11.461356564888423,22.327814888745934,23.691921680775994,71,10
15,0,,0.0,5,0.0,0.0,0.0,0,0.0,0.0,0.0,0.0,0.0,71,10
1,53,34.0,64.15094339622641,10,4.446005618881736,11.406501946131094,13.492994503495574,34,64.15094339622641,7.648394557043565,12.043354730791824,21.49956617158504,24.419369341704424,72,10
2,46,27.0,58.69565217391305,10,6.532741967642761,13.512482448883963,17.111704656215746,26,56.52173913043478,6.6986356500158974,11.002837207978496,20.696708915141887,27.758708258953327,72,10
3,55,36.0,65.45454545454545,10,16.084045739763223,36.007131942615004,41.849338033223944,35,63.63636363636363,6.966675645978661,11.31846703594634,22.26558829377828,24.94604952513498,72,10
4,50,33.0,66.0,10,26.6113101007281,56.01248041331646,63.01115790643597,32,64.0,6.897772732777303,11.310100728098801,20.461865271414027,23.68240947710892,72,10
5,33,17.0,51.515151515151516,10,35.464672920014635,84.01281372913998,96.80980278163054,17,51.515151515151516,5.945528103078066,10.127465469178068,15.47430537545233,16.911338834102786,72,10
6,33,17.0,51.515151515151516,10,49.09997647775287,141.01235329941315,160.20972248209574,17,51.515151515151516,5.295482776239222,9.067386843774878,19.43908686384361,24.03394362681996,72,10
7,17,5.0,29.41176470588235,10,44.13005510745447,80.01505967250392,96.01145987335217,4,23.529411764705884,7.84790501729676,12.408048630941675,19.166381862258348,24.560972527009227,72,10
8,26,8.0,30.76923076923077,10,50.01147769225064,93.76107245932145,100.02107180368486,8,30.76923076923077,7.266722781781969,11.47769225062391,17.756921032275052,22.957370406232428,72,10
9,15,2.0,13.333333333333334,10,44.01094181014777,69.01258258716493,85.80735311740492,1,6.666666666666667,6.479347239667643,10.941810147779874,17.84054079053019,22.42591779822721,72,10
10,14,2.0,14.285714285714286,10,65.72459000137657,120.01051998731313,120.01270147941099,2,14.285714285714286,6.150975944272636,10.30428709085832,14.98642545914561,15.772259934981863,72,10
11,13,2.0,15.384615384615385,10,84.62341871368946,150.00873890471897,150.01005583193228,2,15.384615384615385,3.7653469569860456,8.03409830482531,12.956284421210329,13.880291566974835,72,10
12,11,4.0,36.36363636363637,10,120.00978642534837,270.0089690427859,294.0089690427859,3,27.272727272727273,5.740345029467341,9.786425348345317,18.088591427172297,21.588828374336803,72,10
13,6,1.0,16.666666666666668,10,105.01084414733549,192.50999515032944,206.50978536732674,1,16.666666666666668,6.3881907171233,10.844147335489062,15.42888019007943,16.492341253681396,72,10
14,3,0.0,0.0,10,90.01196865798867,90.0150467103274,90.01537890664213,0,0.0,7.437786548989979,11.968657988678459,15.0467103273971,15.378906642122208,72,10
15,3,0.0,0.0,2,200.01086751014762,285.0070454875169,297.0064651367771,0,0.0,6.409997100337921,10.8675101476191,13.487794807157634,13.55710563350897,72,10
1,57,38.0,66.66666666666667,10,4.309307835407813,10.009286325974156,11.448593421037124,38,66.66666666666667,6.722737388739687,11.06222137272492,20.380088143113777,23.19487829178039,73,10
2,74,58.0,78.37837837837837,10,11.714401515308193,32.709645657715704,38.55098088711069,57,77.02702702702703,7.387730153381649,11.698812605488778,21.11332956210178,23.63362933026911,73,10
3,42,27.0,64.28571428571429,10,15.726144125836854,39.810138615173166,46.37112365710072,25,59.523809523809526,7.779351421300695,11.858411551142915,24.443307947966787,24.909068082784515,73,10
4,55,37.0,67.27272727272727,10,25.97440339317153,51.11490592888733,66.23070318699847,36,65.45454545454545,6.45197487305607,10.767029535163863,19.069540321894877,25.51891392221953,73,10
5,34,17.0,50.0,10,27.657080289358394,53.513621182178845,66.70865879114011,16,47.05882352941177,6.0595538750930995,10.021465828981933,16.72684187198975,22.34285968283034,73,10
6,23,9.0,39.130434782608695,10,37.83674707087101,88.50994417974232,101.71451901414115,9,39.130434782608695,6.216417995616223,10.660114349269486,15.93420021722723,16.853216595674198,73,10
7,22,8.0,36.36363636363637,10,60.23906584005924,148.76634521127536,169.76174145177214,7,31.818181818181817,7.273936155951708,11.79311278650943,17.437439372520775,20.845788296226274,73,10
8,23,9.0,39.130434782608695,10,68.48852477470537,172.51509105668703,194.51428022244198,9,39.130434782608695,6.171258153676581,10.26390514014759,15.965164278081389,18.385290746612622,73,10
9,23,8.0,34.78260869565217,10,61.31637496006462,120.01916172879795,120.02126101601608,7,30.434782608695652,7.492366871668031,12.027133977666363,21.163212100120255,21.624063722848913,73,10
10,20,7.0,35.0,10,96.00989077578608,242.00903125948946,272.4070098666001,7,35.0,5.871684741753907,9.890775786074755,23.394153306515143,23.979014715028043,73,10
11,19,7.0,36.8421052631579,10,128.95684853325056,305.0070753831048,341.0081770342258,7,36.8421052631579,5.3115285726276475,9.480112197910664,14.109259282463247,15.891114530399927,73,10
12,9,0.0,0.0,10,86.67645012902247,120.01361058988172,120.01377163219665,0,0.0,5.398168496838226,9.783462355800427,13.610589881707467,13.771632196636697,73,10
13,14,6.0,42.857142857142854,10,145.01114547251484,304.5084119617471,340.91022701001583,5,35.714285714285715,6.669441634028266,11.145472514835902,21.871220012642077,23.111712853581192,73,10
14,3,0.0,0.0,10,90.01158079221177,90.01476670034694,90.01512446298938,0,0.0,7.075760363103934,11.580792211774257,14.766700346935735,15.124462989371484,73,10
15,4,1.0,25.0,4,262.5128989818395,427.51841585503166,445.51902860665126,1,25.0,9.23951235942794,12.898981839489194,19.055315634047645,19.15649877175168,73,10
1,74,56.0,75.67567567567568,10,5.389766516265769,12.367037366563602,14.010204451217108,55,74.32432432432432,7.047299586603352,11.388137887389968,22.0631850150559,24.994916579892873,74,10
2,58,43.0,74.13793103448276,10,10.941375637658249,28.31160305606663,32.87219837288122,42,72.41379310344827,6.176191759435987,10.341154899627508,20.51830884473963,21.887385400591775,74,10
3,66,47.0,71.21212121212122,10,19.64705161013354,44.01123659292478,53.40882290098177,47,71.21212121212122,6.355558401738422,10.687973769905284,19.49689140222305,21.352971646044,74,10
4,33,18.0,54.54545454545455,10,22.920949355401188,58.8109578963553,67.77106147470478,16,48.484848484848484,7.448054143064853,11.858446310274203,21.869227955203506,22.39240027729624,74,10
5,41,24.0,58.53658536585366,10,31.4750107098073,60.02482728893271,70.00876592045718,24,58.53658536585366,7.181087100186064,11.596075660959794,20.73359697954896,24.756595807288967,74,10
6,29,15.0,51.724137931034484,10,39.838225444030655,84.01236412092524,90.0135344854923,13,44.827586206896555,6.3256736976442856,10.639237134097105,20.326189294797633,23.072579318007467,74,10
7,31,16.0,51.61290322580645,10,75.8178743946245,187.50944985738823,217.51233169140886,15,48.38709677419355,7.048712658470836,11.422781721250352,21.539107237582407,23.203968683790784,74,10
8,26,10.0,38.46153846153846,10,72.12612129019689,193.75969102597924,218.76586200136683,10,38.46153846153846,6.431474939723557,10.736674812283617,18.97830790102053,19.35500917833511,74,10
9,19,7.0,36.8421052631579,10,66.32526934440477,123.01659582827024,144.6095179100312,7,36.8421052631579,5.114802115187392,9.4798707205751,16.852676753558377,17.433633326860612,74,10
10,20,5.0,25.0,10,72.0114227837389,122.01478547960997,152.40732723817666,4,20.0,6.928278403672363,11.422783738894656,18.163791078595253,25.2724334577348,74,10
11,21,8.0,38.095238095238095,10,123.82081891676916,300.007158202946,340.00993984546193,8,38.095238095238095,6.809107709232987,11.295107245356448,23.48878219513034,24.556232798916053,74,10
12,15,5.0,33.333333333333336,10,132.01128274906588,318.0098778598594,351.61204150840325,5,33.333333333333336,6.797572830814208,11.282749065882648,17.215087743769608,19.665375927323446,74,10
13,1,0.0,0.0,10,70.01144156969525,70.01144156969525,70.01144156969525,0,0.0,6.945812840925911,11.441569695251047,11.441569695251047,11.441569695251047,74,10
14,10,2.0,20.0,10,144.0134665327544,229.5132479026337,261.90952254631185,1,10.0,8.835873002221604,13.46653275438012,21.740860264898547,23.57453075600652,74,10
15,3,1.0,33.333333333333336,10,200.01696247256777,285.01578081831184,297.01499239717344,0,0.0,12.09891354892239,16.96247256773493,23.665029696113955,24.45345083454137,74,10
1,58,44.0,75.86206896551724,10,5.890672501124419,16.157673075112157,18.439497699051962,44,75.86206896551724,6.871689957573971,11.362156296832596,19.377711958805715,23.421836063815974,75,10
2,51,34.0,66.66666666666667,10,7.228149430862875,15.012435586218267,17.017938520173388,33,64.70588235294117,7.972547746798364,12.463156353072446,24.82309544986248,25.842843366937597,75,10
3,46,29.0,63.04347826086956,10,14.706486226331263,35.011169172870105,38.21216743458108,29,63.04347826086956,6.459931806858253,10.83405241821619,18.464531733352146,21.500031346535398,75,10
4,41,26.0,63.41463414634146,10,27.840854255443325,70.00810348305069,81.20775103173045,26,63.41463414634146,7.171647920354436,11.58596276039772,21.762039719966882,23.728180669735284,75,10
5,44,26.0,59.09090909090909,10,34.10153207933393,70.00872112686685,75.7083678093204,26,59.09090909090909,6.266618131290772,10.62298842483619,18.57093902067481,23.08560740079536,75,10
6,37,21.0,56.75675675675676,10,47.84832556440863,108.00977005975328,129.60946954072807,20,54.054054054054056,6.15642063240923,10.487726570795745,17.27095876366188,22.954145209360426,75,10
7,24,11.0,45.833333333333336,10,68.76172770122513,171.2601379314966,194.26531717854874,11,45.833333333333336,7.212882308223443,11.727701225121526,17.14141585816434,20.938746861552744,75,10
8,22,8.0,36.36363636363637,10,59.102093021836396,123.76398583362506,144.7632449124825,8,36.36363636363637,6.705337949738006,11.183930927303166,17.43820748473209,18.969094709150657,75,10
9,14,3.0,21.428571428571427,10,51.437777347199315,100.51171754413753,116.10758171639134,3,21.428571428571427,4.859100691814717,9.205918627885397,16.785984535059498,17.33857614793402,75,10
10,16,1.0,6.25,10,60.00846301325143,90.0131221424094,114.00992490995822,1,6.25,4.865722672030634,8.463013251427075,14.554766001370837,14.795830170907655,75,10
11,13,3.0,23.076923076923077,10,80.78089740283698,150.0084092237837,150.01064298097836,2,15.384615384615385,7.443076877435838,11.666633606215672,18.6641153312387,21.324014977897995,75,10
12,12,2.0,16.666666666666668,10,90.01017849512318,147.01053410082653,173.40824528025507,1,8.333333333333334,6.389137588616876,10.178495123195596,19.686003453852113,22.967790608471915,75,10
13,9,0.0,0.0,10,85.56674190346013,140.0104706984318,140.01066499384137,0,0.0,7.122429494693776,11.186347904577445,18.487690415850054,18.73331651746104,75,10
14,7,1.0,14.285714285714286,10,128.58468045764087,243.01511125141622,264.61465309797296,1,14.285714285714286,8.63552619781019,13.251886212298858,16.1284992512855,16.383725684141872,75,10
15,0,,0.0,10,0.0,0.0,0.0,0,0.0,0.0,0.0,0.0,0.0,75,10
1,42,26.0,61.904761904761905,10,3.3907805107145683,7.009800679021821,8.008355640989747,26,61.904761904761905,5.61764684367143,9.828129762187992,16.27349124333737,21.039681549746394,76,10
2,57,39.0,68.42105263157895,10,9.308352612470328,22.41041232089996,26.89112436007572,39,68.42105263157895,5.765650980989338,10.10699843523988,16.895652484149046,22.007883242983784,76,10
3,39,22.0,56.41025641025641,10,14.677501939025792,36.409311664110575,42.487749203025686,21,53.84615384615385,6.571369569467608,10.83527235912401,18.71804536075488,23.105757119427935,76,10
4,37,19.0,51.351351351351354,10,20.820763952983356,42.012235195587905,46.495414285280276,19,51.351351351351354,5.859262116467142,9.953142172544602,16.845215745587286,20.119681711345333,76,10
5,33,20.0,60.60606060606061,10,31.527157530920395,64.0149061823502,70.0100600421236,18,54.54545454545455,7.472655556481323,12.006015768882694,22.576693068542202,24.965897661645602,76,10
6,29,12.0,41.37931034482759,10,36.21657757310726,69.01245362435549,85.81099976826894,12,41.37931034482759,5.560036291777505,9.681021383118965,16.537128901879175,18.057255300415257,76,10
7,24,12.0,50.0,10,64.59442832661516,146.25966172783583,169.26505074910835,12,50.0,6.777888668939532,11.094993281809892,23.41780945783725,25.43865936118123,76,10
8,34,20.0,58.8235294117647,10,81.63040342448929,183.75862493270924,216.76468411488113,19,55.88235294117647,8.173017195532264,12.756365665754243,24.827288932716126,26.86429928478801,76,10
9,16,6.0,37.5,10,58.138595159606496,127.51134616767573,145.51256918557308,4,25.0,8.955930742422401,13.595159606502365,22.441187062052446,24.20202896437579,76,10
10,18,8.0,44.44444444444444,10,95.56926154346567,200.01306893707584,200.02220862433157,7,38.888888888888886,9.059375672177437,13.705987910118136,24.542978541141196,24.76707206811822,76,10
11,14,2.0,14.285714285714286,10,75.01201795663341,117.51623948792367,143.51546882029544,1,7.142857142857143,7.48380092146145,12.017956633426284,18.730174334781907,21.65995508879337,76,10
12,17,8.0,47.05882352941177,10,141.18941983572745,312.0157078416725,350.411550726337,7,41.1764705882353,8.57266808806993,12.949247492190336,24.42868268518441,25.695032465667285,76,10
13,8,0.0,0.0,10,87.51103775663624,140.00975723440047,140.01113060614324,0,0.0,6.568901779759551,11.037756636244605,13.934661545661383,14.009177142494375,76,10
14,5,0.0,0.0,10,108.00938823071806,162.0074495105477,176.40649055966833,0,0.0,5.029267163255561,9.388230718064491,12.005977874299992,12.196607530570788,76,10
15,2,0.0,0.0,10,150.0111090988412,150.01542309990785,150.01580656666934,0,0.0,6.635491171997272,11.109098841203206,15.423099907870945,15.806566669352522,76,10
1,66,48.0,72.72727272727273,10,4.9200520246308015,10.762555459899872,11.364158894421056,46,69.6969696969697,6.667071975123913,10.96111553989234,19.963909905326712,25.724051101707513,77,10
2,73,55.0,75.34246575342466,10,12.751588762923015,34.80774960802327,40.58273769117214,55,75.34246575342466,7.390064746572123,11.862735525755934,23.128424593539247,25.38674663629522,77,10
3,50,32.0,64.0,10,18.16997673493129,46.20963778804473,54.0493548955957,32,64.0,5.578565266821957,9.976734931289686,16.202514130188444,17.29798543767904,77,10
4,52,35.0,67.3076923076923,10,25.1848937762855,49.011844779030305,59.4481429238656,34,65.38461538461539,7.367893459658253,11.816853208578207,21.090312286452495,24.085075137025115,77,10
5,46,28.0,60.869565217391305,10,38.0543842471099,90.01472127838504,100.0170777798521,28,60.869565217391305,6.445909918438069,10.905986240333617,18.762768105493542,23.454897561657013,77,10
6,39,22.0,56.41025641025641,10,44.62540148527563,91.51659859992832,105.01019533426754,20,51.282051282051285,6.094682884330834,10.016869891010705,21.0302122884876,22.689258827025863,77,10
7,33,14.0,42.42424242424242,10,71.22252013133776,185.0096665053726,217.00982791873625,14,42.42424242424242,6.085760642571771,10.398919216544536,18.470005186797593,20.07225499997579,77,10
8,25,13.0,52.0,10,77.01147511018445,195.00968468043405,219.0065629834815,13,52.0,6.977118865080332,11.475110184458252,18.21929065088006,24.506416787462932,77,10
9,18,7.0,38.888888888888886,10,68.3431394488071,124.50635522749982,144.90127104549993,7,38.888888888888886,5.6267302589140575,9.80611547374501,16.04215644545421,16.67556776743609,77,10
10,25,12.0,48.0,10,89.61360563843965,160.02380913829776,190.4115233027559,11,44.0,9.115052287604147,13.605638439664842,24.02453417674691,24.758247338332538,77,10
11,20,6.0,30.0,10,130.01052097264267,352.5077043674478,390.5155182740792,6,30.0,6.086545899837716,10.520972642699228,17.836907194184775,18.145628908782534,77,10
12,8,3.0,37.5,10,105.01207484793775,219.01074395072348,235.81101859031074,2,25.0,7.536902131063013,12.07484793775626,20.45557891758843,23.317474486544494,77,10
13,7,2.0,28.571428571428573,10,130.0095871191287,210.01116723120793,210.01206618809303,2,28.571428571428573,5.214905641826938,9.587119128686437,11.757083370936138,12.184158525616313,77,10
14,9,3.0,33.333333333333336,10,150.01455830062733,270.0112135800117,270.01129031743176,2,22.22222222222222,9.854907375595495,14.558300627340458,23.62665590449765,25.805710125163817,77,10
15,3,0.0,0.0,2,200.01391417579657,285.01437763743064,297.0140085610271,0,0.0,9.253694096143326,13.914175796565809,18.068401466557848,18.43747787014267,77,10
1,64,47.0,73.4375,10,5.058815216373878,12.861497968745589,15.378115579611661,46,71.875,7.411239712584976,11.940216373878208,21.18883131440862,23.056093180140422,78,10
2,59,41.0,69.49152542372882,10,8.3856344931318,18.215685924817947,22.852201158696047,41,69.49152542372882,8.170003809564244,12.753137199595816,23.423402861922135,25.281868062118072,78,10
3,32,17.0,53.125,10,11.260080406673037,25.809583253960977,30.771555133676255,15,46.875,6.025347930504495,10.080406673037958,23.30659985008614,24.585477334132268,78,10
4,43,25.0,58.13953488372093,10,21.336779955935803,42.01516534153127,46.07253783228213,25,58.13953488372093,6.718992982492302,11.198560586964208,19.12899411947226,21.477552535698,78,10
5,27,13.0,48.148148148148145,10,25.19731210378336,50.01571485665294,57.416226116979665,12,44.44444444444444,7.723782376558429,12.126918598172265,20.543185344021254,23.507032539859296,78,10
6,36,20.0,55.55555555555556,10,55.42577611101108,135.00796895883414,144.76329155154176,20,55.55555555555556,4.87276241502159,9.109444344418439,15.063060363533072,19.031678617269566,78,10
7,36,19.0,52.77777777777778,10,72.9286926250209,156.26383517910335,191.26023997521153,19,52.77777777777778,7.4912695681749675,12.025958354221348,20.73359697954896,22.578729275440587,78,10
8,29,13.0,44.827586206896555,10,53.45977050111778,100.01132567758948,100.01353170209248,12,41.37931034482759,6.995346717851164,11.49463904881084,21.26238880862997,24.52322052611766,78,10
9,22,8.0,36.36363636363637,10,75.00875019846661,178.50660576924196,203.70833991479105,8,36.36363636363637,4.60344604315013,8.750198466626774,14.874482094553334,20.84448619813983,78,10
10,29,13.0,44.827586206896555,10,104.83819515048768,224.0196082820027,268.81106459684526,13,44.827586206896555,6.297398308405889,10.60894359113866,19.191274716091538,19.751422866209893,78,10
11,15,6.0,40.0,10,106.67635279912706,215.00998811152695,243.00753552310917,5,33.333333333333336,5.556224064203713,9.68613246039579,16.074917670103947,20.624615309994294,78,10
12,9,2.0,22.22222222222222,10,106.67914395552258,180.01318200021097,180.01629831887004,2,22.22222222222222,7.912532463318929,12.477288855925327,17.375917034025456,17.535126900271454,78,10
13,12,5.0,41.666666666666664,10,145.8477259674455,311.5080042173912,342.3083192882563,4,33.333333333333336,9.700277552122659,14.392634112176468,21.484351568825716,22.210790535602136,78,10
14,7,0.0,0.0,10,115.72210497249705,180.00944660146183,180.01006550526319,0,0.0,3.5648194955351094,7.819258211322305,9.745304340098492,10.125245838833722,78,10
15,2,0.0,0.0,3,225.01021663192944,292.51131907591866,298.51141707093996,0,0.0,5.80248034367172,10.21663192943179,11.319075918669121,11.417070939934662,78,10
1,60,42.0,70.0,10,4.5601633853541275,9.062555521736043,10.418813052324886,42,70.0,6.0016824034263125,10.16338535412822,16.83350116598658,18.91665538827159,79,10
2,65,47.0,72.3076923076923,10,10.257343579189016,24.0090983915846,26.72973173877376,47,72.3076923076923,6.825631068625792,11.18973303517106,21.218006189804576,24.011459545130236,79,10
3,50,34.0,68.0,10,15.131754599150085,38.21026000465713,46.04819836599046,32,64.0,7.387329106458409,11.754599150088627,22.684918208323946,24.992330399757588,79,10
4,46,29.0,63.04347826086956,10,34.70596027990469,103.26001747334857,115.86365406353352,28,60.869565217391305,6.131350863200591,10.308105991639476,18.951712658562265,21.156664132309587,79,10
5,43,26.0,60.46511627906977,10,31.87013559508388,60.02378382464406,70.0079222287325,26,60.46511627906977,5.46636400813826,9.670478804817288,17.337634651102103,21.729349241680865,79,10
6,36,19.0,52.77777777777778,10,45.84373794314471,93.75667978394229,114.75578914608329,19,52.77777777777778,6.392770738764283,10.404609811376003,19.945914726635884,22.184717349172715,79,10
7,22,8.0,36.36363636363637,10,54.556125395546836,100.01419638597622,119.76198159588735,8,36.36363636363637,6.396143991416463,10.670850092301604,16.270722382967257,20.875432033387153,79,10
8,29,13.0,44.827586206896555,10,66.3894567810058,165.01111418489864,193.01554707409116,12,41.37931034482759,5.994445185674998,10.146436178220785,18.527684488600038,19.962672636729813,79,10
9,15,3.0,20.0,10,52.01104170867267,99.01436041840027,115.80855259803815,3,20.0,6.572590531792081,11.041708672668166,18.050949330090834,19.13212003688019,79,10
10,18,4.0,22.22222222222222,10,68.90091572919644,120.00851303502452,120.01046599618303,3,16.666666666666668,7.699510559117123,12.026840307564216,20.142900425181974,23.49977805112217,79,10
11,13,5.0,38.46153846153846,10,107.7020859343087,200.00859355216895,200.0124088606239,5,38.46153846153846,5.680489789306154,9.778242000990943,17.72518418501068,20.627941062326848,79,10
12,16,5.0,31.25,10,127.51105602909152,315.00701517236445,351.0062382194986,4,25.0,6.8193019427673,11.056029091520841,19.29093931274996,21.074544988263337,79,10
13,9,3.0,33.333333333333336,10,108.90218657060367,182.01716172891577,204.4143975216732,2,22.22222222222222,8.678270807120951,13.297681714793264,21.703331547582177,22.216360306009122,79,10
14,7,2.0,28.571428571428573,10,102.87009996312088,153.0121355652709,174.6092633319553,0,0.0,8.360384202193677,12.957105978024966,20.376800977660306,20.48569014883175,79,10
15,3,0.0,0.0,4,200.01061694057975,285.0134441846809,297.01383996161576,0,0.0,6.1761204596080335,10.616940579745366,13.444184680884279,13.839961615752879,79,10
1,54,37.0,68.51851851851852,10,4.344302093362337,10.359761808523787,11.483236761976773,36,66.66666666666667,6.57364098610613,10.968760029003565,19.67016273755752,25.381701946497472,80,10
2,58,42.0,72.41379310344827,10,9.080655473909738,20.01291546803194,22.86505181395672,40,68.96551724137932,7.242023330492565,11.689956668359931,19.14596409834364,22.87250465406617,80,10
3,64,46.0,71.875,10,22.44924216022492,55.40942683052831,61.49431661611364,45,70.3125,7.284714304822204,11.742160224921966,19.36477788664643,20.845744440916796,80,10
4,32,21.0,65.625,10,26.479497198566968,59.160489478227724,67.83945496216178,20,62.5,6.41437317751517,10.747198566966425,18.749672946383,22.890392794219185,80,10
5,40,25.0,62.5,10,38.0116159045927,90.50796995356801,106.11030044830542,24,60.0,7.108533559655813,11.615904592695316,23.847120410352794,25.810489033043304,80,10
6,35,19.0,54.285714285714285,10,43.72580267265836,94.50776712908586,114.90865262867955,18,51.42857142857143,7.1228511378521215,11.516958372642335,19.097373421138975,23.39519344395245,80,10
7,29,12.0,41.37931034482759,10,60.355860419626076,140.00911355401504,168.00763469556148,11,37.93103448275862,6.69304862565964,11.032833419186417,19.458872771968775,21.238336896796902,80,10
8,27,11.0,40.74074074074074,10,64.82458584981808,142.50778968740207,168.51229352479214,11,40.74074074074074,5.3865690536636635,9.771035003266393,13.346472078719136,14.152739451797437,80,10
9,22,9.0,40.90909090909091,10,65.46518496328504,120.01022879968279,143.71838185637807,9,40.90909090909091,6.366890597445016,10.63950873959793,20.184776829593073,20.641364372436616,80,10
10,31,14.0,45.16129032258065,10,103.23639787169473,220.0109245334084,268.0114121374714,13,41.935483870967744,6.513608549576616,10.591420081840246,19.50241724741823,21.5333584234645,80,10
11,22,7.0,31.818181818181817,10,100.00954486292889,197.50825111040888,200.01346499791157,7,31.818181818181817,5.514875481546257,9.544862928879398,14.69197574979416,14.888458240520153,80,10
12,15,3.0,20.0,10,112.00851285207402,198.00902239026775,231.60923894540025,3,20.0,4.461107535382342,8.512852074027174,12.607538764799616,15.46919554406055,80,10
13,8,0.0,0.0,10,78.75950208058674,115.5101627532479,135.10657237676415,0,0.0,5.602222396478511,9.502080586745809,17.865271937201452,18.371099027097102,80,10
14,7,1.0,14.285714285714286,10,128.58281590393284,243.0096942011689,264.60955852620725,1,14.285714285714286,6.895188927839103,11.38733250428297,15.508406242271768,15.8537086048879,80,10
15,0,,0.0,1,0.0,0.0,0.0,0,0.0,0.0,0.0,0.0,0.0,80,10
1,56,37.0,66.07142857142857,10,4.242456447519446,9.269557507606208,10.463918954421649,37,66.07142857142857,6.026319435797627,10.313590376589106,19.21966749011921,24.173533308661604,81,10
2,67,48.0,71.64179104477611,10,9.831278850419249,23.412530540716798,28.688606253765233,48,71.64179104477611,6.180967895817363,10.383328031189977,17.27929070225855,21.425320752337775,81,10
3,43,25.0,58.13953488372093,10,12.568152807621248,27.601973056926365,28.00624943303195,24,55.81395348837209,5.87314708594183,10.013272737524133,19.52704250224372,23.337628945524514,81,10
4,43,24.0,55.81395348837209,10,21.987262363100516,48.30768001649768,53.07096669454767,24,55.81395348837209,6.257588659061856,10.518177054006467,15.740303504623506,22.554533285176767,81,10
5,35,18.0,51.42857142857143,10,29.153964932175295,63.01075391654965,70.01874836379658,17,48.57142857142857,6.634268889280458,11.107789318152014,19.51205111289029,23.443909033823193,81,10
6,34,18.0,52.94117647058823,10,42.363586644752694,90.01066963376961,100.06205216291889,17,50.0,6.422366488355626,10.645468282102849,15.98768926371903,22.09979211809682,81,10
7,27,13.0,48.148148148148145,10,56.49315757397385,100.01206946610277,118.51311016604885,12,44.44444444444444,7.302990274505553,11.676092492379833,23.416272962999454,24.262201471226543,81,10
8,20,9.0,45.0,10,55.01279885535818,101.26803498124471,120.26024058788835,8,40.0,8.212676227606028,12.798855358175006,23.457005763982988,23.991585206521613,81,10
9,26,13.0,50.0,10,75.01178245569284,150.01547487389328,172.51683491680416,12,46.15384615384615,7.263989037121334,11.782455692841861,23.007102179434888,24.7175778551905,81,10
10,10,1.0,10.0,10,52.01169068616066,80.01897452794745,80.0192867278988,0,0.0,7.551685212659092,11.690686160657922,21.58724530023543,23.041951243675513,81,10
11,24,8.0,33.333333333333336,10,97.9285229742028,192.51008480919648,200.00930617819893,8,33.333333333333336,7.4884842207279085,11.856307536149009,19.5637757577006,20.987466331328037,81,10
12,16,4.0,25.0,10,105.01222980790905,195.00967185015645,231.01239129187897,3,18.75,7.681538679868581,12.229807909046496,17.980832933318084,21.705615779195714,81,10
13,8,0.0,0.0,10,87.51066339015244,140.00956663878608,140.0100940772288,0,0.0,6.219475565012358,10.663390152444798,15.65734813799942,17.19456760374882,81,10
14,11,2.0,18.181818181818183,10,130.92241819490863,225.02471724726587,261.0247772535266,2,18.181818181818183,8.705902686787725,13.327285817734177,24.717247265857893,24.77725352657891,81,10
15,1,1.0,100.0,10,150.02134203954088,150.02134203954088,150.02134203954088,0,0.0,16.18671407561852,21.34203954086951,21.34203954086951,21.34203954086951,81,10
1,58,40.0,68.96551724137932,10,4.2008913395137615,9.157404749182083,11.440569201156217,39,67.24137931034483,7.011578309383887,11.236167099968325,23.378782879005872,25.527117192988488,82,10
2,60,46.0,76.66666666666667,10,8.84481716329325,18.110736898270414,22.828765096765835,45,75.0,7.109708405666079,11.483829959915367,22.096660041906386,24.242130971195312,82,10
3,33,16.0,48.484848484848484,10,12.37466743832575,29.616301381971585,34.73994206191541,16,48.484848484848484,6.788938940028405,11.03107468938552,19.830918583091826,22.765691204608913,82,10
4,31,16.0,51.61290322580645,10,22.3649354732599,52.50858310363759,56.015239392867194,15,48.38709677419355,5.931469893694316,10.096763582482037,16.77521358941024,20.40913448979508,82,10
5,36,18.0,50.0,10,25.287637072351952,50.013748421492,56.51457662130558,17,47.22222222222222,5.780075468014706,9.859294574174235,21.58274810415825,24.792255091759163,82,10
6,40,24.0,60.0,10,46.88754594873683,105.76615122926812,129.16388218521126,23,57.5,7.976618227744598,12.54594873683042,22.405999723342635,24.31645780553216,82,10
7,29,12.0,41.37931034482759,10,59.49545346372275,140.0123682072462,168.01540569933672,11,37.93103448275862,8.244335274946664,12.694843033088278,22.374878630431578,24.359599599361985,82,10
8,19,5.0,26.31578947368421,10,50.0100793593424,102.51742749114072,120.51462969923925,5,26.31578947368421,6.067354981428316,10.07935934239365,16.09379735868259,17.471618151192263,82,10
9,22,8.0,36.36363636363637,10,58.64797711395125,118.50715037147765,120.00895345638865,7,31.818181818181817,7.106268241490952,11.613477587621638,24.48898922759899,26.558384523302916,82,10
10,24,9.0,37.5,10,86.6765887685421,194.01057169018435,230.8096652960848,7,29.166666666666668,5.994261896191837,9.922101875430457,21.254666028159367,23.314016372949656,82,10
11,19,7.0,36.8421052631579,10,100.01132591547206,205.012598981069,241.00923824099186,6,31.57894736842105,6.837863494021174,11.325915472059894,20.885450615324935,23.207680040766476,82,10
12,11,1.0,9.090909090909092,10,92.73573092689179,150.01382406713452,174.01409741530452,1,9.090909090909092,4.840016540105043,8.458199619050704,13.824067134539657,14.097415304504322,82,10
13,6,0.0,0.0,5,81.67628813781063,122.51251051345456,136.5119787689017,0,0.0,5.869222508050597,9.621471143964637,14.201241504984123,14.443892723259582,82,10
14,7,1.0,14.285714285714286,10,141.43897953894268,243.01464954136412,264.61634749894523,1,14.285714285714286,5.981202505040647,10.408110371245877,16.13898091628217,16.64538685573622,82,10
15,0,,0.0,10,0.0,0.0,0.0,0,0.0,0.0,0.0,0.0,0.0,82,10
1,60,41.0,68.33333333333333,10,4.511427814009786,12.059217737454164,14.423676419497818,41,68.33333333333333,7.057424234228484,11.427814009785122,18.96949473701352,25.73595987695193,83,10
2,57,37.0,64.91228070175438,10,10.011802480949449,28.409121804218966,32.89061528606103,37,64.91228070175438,7.413680924066492,11.80248094944743,18.869488990551524,20.82594515083078,83,10
3,31,15.0,48.38709677419355,10,11.106699915653259,26.013158723260972,30.81191662630731,14,45.16129032258065,5.771823187398631,9.925722104871733,19.304291570371795,23.958774532088515,83,10
4,29,16.0,55.172413793103445,10,23.18375014185778,60.21096656820046,68.0525458901021,16,55.172413793103445,7.105085868916933,11.336348754331079,22.478107414925955,24.409106876982243,83,10
5,26,9.0,34.61538461538461,10,22.7034648237464,47.51223488495586,57.51567424046968,9,34.61538461538461,6.823920775010235,11.157131438711737,16.515247593347294,16.604600046033898,83,10
6,24,10.0,41.666666666666664,10,35.011014519966565,72.75978471577675,86.57017299827692,10,41.666666666666664,6.547213135391473,11.014519966562178,20.738069972851136,22.88240965268857,83,10
7,22,13.0,59.09090909090909,10,68.1934879297512,125.00939449154438,144.76142278223168,11,50.0,7.158789860399603,11.669747933017822,22.053062348398658,23.429737444665722,83,10
8,20,9.0,45.0,10,58.761817435308615,126.26772498108387,145.26451563241133,9,45.0,7.483314327285351,11.8174353086285,18.124691468488948,20.990940642565292,83,10
9,17,6.0,35.294117647058826,10,60.01243061934064,120.01254277360727,120.01282718432472,6,35.294117647058826,7.868972067885227,12.430619340636545,20.082724360340176,20.092543733753484,83,10
10,17,5.0,29.41176470588235,10,63.54137923383076,120.01166915394121,120.01430959888991,3,17.647058823529413,7.656295727154909,11.967469124888138,21.08579377267526,21.808350666185312,83,10
11,16,3.0,18.75,10,78.13619363247693,150.00823390741525,150.00946781001062,2,12.5,6.947738200232542,11.193632476929277,19.157172350108308,20.28176947056589,83,10
12,12,2.0,16.666666666666668,10,100.00928814510512,180.00790388823683,180.0088809155122,2,16.666666666666668,5.246975936766006,9.2881451051131,16.563579059123853,18.945459204423646,83,10
13,8,1.0,12.5,7,105.00885371745824,185.51372054796786,205.11368119943543,1,12.5,4.9970531743999205,8.85371745824574,14.300192682294925,14.51053725758609,83,10
14,3,0.0,0.0,10,90.00893101964272,90.01366115261588,90.01371407724625,0,0.0,5.847022217485455,8.931019642710735,13.661152615887998,13.714077246252376,83,10
15,1,0.0,0.0,10,150.0079873417869,150.0079873417869,150.0079873417869,0,0.0,3.721705355039526,7.9873417869151435,7.9873417869151435,7.9873417869151435,83,10
1,46,26.0,56.52173913043478,10,3.0975562530778706,6.013052418682495,6.566362144368521,26,56.52173913043478,6.322384665684925,10.599731338740517,19.2821444323354,23.56662844335364,84,10
2,50,31.0,62.0,10,6.731786098701969,13.1133232782296,15.032061392475477,31,62.0,7.2673893492339685,11.786098701968548,19.30009488734199,25.339261906077876,84,10
3,43,25.0,58.13953488372093,10,14.336490257131912,32.01925794171498,38.33452213063161,24,55.81395348837209,6.6222459987151945,10.908861783074606,19.359268010207252,20.625905462667326,84,10
4,45,29.0,64.44444444444444,10,25.988311873125497,54.613064737623134,66.92886375064388,29,64.44444444444444,6.181761488469027,10.534095347716141,15.849959773755883,17.355701926037856,84,10
5,28,16.0,57.142857142857146,10,28.94092523233028,60.017067378136225,67.3163410072571,15,53.57142857142857,7.797273934804802,12.353803758852708,23.421836063815974,23.689309037132922,84,10
6,24,11.0,45.833333333333336,10,40.01134732838951,87.75818704376434,101.56222898365131,11,45.833333333333336,6.857849884407472,11.347328389514246,18.609612126775456,23.267912126244646,84,10
7,23,10.0,43.47826086956522,10,59.79319327037628,125.01309798149785,125.01444624476149,9,39.130434782608695,6.1459108150137665,10.584574724104627,21.708345702227366,24.9415879710435,84,10
8,26,12.0,46.15384615384615,10,59.628374525360044,118.7612095168347,125.01541779630028,11,42.30769230769231,8.534599733395144,12.989909975445787,19.190309238330524,22.407571519523586,84,10
9,21,8.0,38.095238095238095,10,65.7232887130532,150.00942431715322,150.01401794229452,8,38.095238095238095,5.380846058131493,9.002998767465975,16.732297576254023,20.712461864118318,84,10
10,20,7.0,35.0,10,82.01135663142045,160.00693485790714,160.00838089916274,7,35.0,6.866533148081603,11.356631420461543,17.05939838501448,18.42921426589729,84,10
11,10,2.0,20.0,10,70.01447295444275,100.01433927666284,100.01454128044378,0,0.0,9.775246947867174,14.472954442744044,23.54470617550165,23.739531152801817,84,10
12,6,0.0,0.0,10,70.01023467902355,105.00802875367455,117.0061127136811,0,0.0,5.8193251416516105,10.234679023564702,15.024008386834607,15.175924597351258,84,10
13,6,0.0,0.0,8,81.67763956751882,122.51487576586416,136.51453861125077,0,0.0,6.508366683486519,10.972900852156931,15.718652397676777,16.055807011084678,84,10
14,4,0.0,0.0,10,112.5147274837698,166.51736581591686,177.31736581591687,0,0.0,10.012819548894223,14.7274837697953,17.365815916877555,17.365815916877555,84,10
15,1,0.0,0.0,2,150.0106049348506,150.0106049348506,150.0106049348506,0,0.0,6.164914551302519,10.604934850601222,10.604934850601222,10.604934850601222,84,10
1,50,32.0,64.0,10,3.291222315155714,6.557433356964875,7.524279228630263,30,60.0,7.039846645836754,11.222315155714732,21.62332749806017,23.037174022972057,85,10
2,53,35.0,66.0377358490566,10,8.652824249983873,22.809718333093645,26.971324216987252,35,66.0377358490566,6.827503488185157,11.314816021608582,15.743858208395629,22.873350911365137,85,10
3,34,19.0,55.88235294117647,10,12.481259773134976,24.007919159056907,26.689363003977718,19,55.88235294117647,6.227080454991409,10.671537840857933,17.759180715461873,18.87407956232317,85,10
4,32,16.0,50.0,10,17.730345884499027,35.013695226266485,39.8386753884263,16,50.0,7.206519711945873,11.595884499026734,20.5472426773959,24.032948378783512,85,10
5,27,12.0,44.44444444444444,10,24.085809231850796,47.02018840029253,50.02558902790004,12,44.44444444444444,7.358120633724555,11.735157776724257,22.936500549390786,25.589027900036616,85,10
6,26,11.0,42.30769230769231,10,35.20303152172963,75.00632751327089,75.01843070088026,10,38.46153846153846,6.706679175985283,10.723829421931647,23.928427019352892,24.779960617183917,85,10
7,19,5.0,26.31578947368421,10,46.0629662991447,77.51459178138896,95.51459178138902,5,26.31578947368421,5.912701579398793,10.334720197334265,15.18389449428031,19.447108852155754,85,10
8,17,5.0,29.41176470588235,10,47.070499615897745,100.00336678411959,100.01414049330226,4,23.529411764705884,7.384324979340825,11.676086485983307,24.570278789791086,25.994434702222506,85,10
9,15,3.0,20.0,10,50.01146719341054,99.01142730913779,115.81240651458839,2,13.333333333333334,6.969729506085613,11.467193410536781,17.598271415934384,23.353458356594203,85,10
10,19,6.0,31.57894736842105,10,80.01109740677387,164.00948409535224,192.80737935161633,5,26.31578947368421,6.624578029368079,11.097406773862886,19.279939062696823,21.731681809032054,85,10
11,14,3.0,21.428571428571427,10,78.58283337393809,150.00902396892488,150.012702908709,2,14.285714285714286,6.911495082538723,11.404802509513143,19.949801144177517,20.818978555366563,85,10
12,11,1.0,9.090909090909092,10,98.19097326655374,150.0110608938362,174.01068317311717,1,9.090909090909092,5.151064284304848,9.155084735572396,13.334872038023219,14.776333880441465,85,10
13,11,3.0,27.272727272727273,10,120.92039745776422,245.007146548241,273.00614085564126,2,18.181818181818183,6.81978691004239,11.30654867329768,20.442612146894056,21.30487955509216,85,10
14,5,1.0,20.0,10,108.01353539423351,162.0102028266538,176.4072787728946,0,0.0,8.900146934417723,13.535394233515726,22.77683263769395,24.41384288742877,85,10
15,0,,0.0,2,0.0,0.0,0.0,0,0.0,0.0,0.0,0.0,0.0,85,10
1,49,33.0,67.34693877551021,10,4.072810707959877,9.609107867832108,11.529504200107526,32,65.3061224489796,7.309407712947314,11.58621816395852,21.450779834569435,23.452958814875615,86,10
2,45,29.0,64.44444444444444,10,7.478363976111834,17.613191258451273,21.130517511381388,28,62.22222222222222,7.350449461148249,11.697309445168983,24.520381227722,24.747178144348208,86,10
3,47,29.0,61.702127659574465,10,13.628300731314901,28.014223530094693,32.01379427828541,29,61.702127659574465,6.794497953238787,11.279454719158098,18.736958202909022,22.136291406253182,86,10
4,35,20.0,57.142857142857146,10,20.21286276311744,42.01295396785013,46.632894630140434,19,54.285714285714285,8.272326456404791,12.862763117440872,24.827288932716126,25.832590866141516,86,10
5,39,23.0,58.97435897435897,10,40.78157640035461,111.0088183323746,126.21186133494331,22,56.41025641025641,7.789645760176909,12.345631123850724,19.396101791589395,20.93629825608122,86,10
6,30,13.0,43.333333333333336,10,53.5111540736414,158.26114011165558,175.6619448626128,13,43.333333333333336,6.801920430110074,11.154073641408674,18.95435700646906,23.2693705949661,86,10
7,22,10.0,45.45454545454545,10,59.10536827853398,123.76164604870577,125.01714781404009,9,40.90909090909091,9.762397274456506,14.459187624887493,24.61967573212999,24.790175041866867,86,10
8,20,7.0,35.0,10,52.51198202296193,101.26725882970328,120.26061205917728,6,30.0,7.636937162599674,11.982022961932042,19.958859885968085,21.208129102906963,86,10
9,19,6.0,31.57894736842105,10,56.85272680400214,93.01874418522557,114.61113931723722,5,26.31578947368421,6.180414254805325,10.621540844242778,20.284599145615918,23.77071138108849,86,10
10,24,10.0,41.666666666666664,10,95.01092879643865,194.01124121049625,230.80675624573922,10,41.666666666666664,6.467200502927457,10.928796438644298,21.584680786823313,24.626446706210015,86,10
11,19,6.0,31.57894736842105,10,97.3796270808139,205.01668356824433,241.0131751261589,6,31.57894736842105,6.922464154471395,11.206028182317175,19.349150484338118,23.34102806295341,86,10
12,11,1.0,9.090909090909092,10,81.83131524411317,120.01652800076242,120.01818733901355,0,0.0,8.524957732523282,13.13342593135357,22.178308299494788,25.03921607801229,86,10
13,4,0.0,0.0,10,70.0104827236389,70.01818034463365,70.01867184736102,0,0.0,6.984225111719843,10.482723638902051,18.180344633657533,18.671847361022536,86,10
14,10,2.0,20.0,10,153.01053701035795,270.01396601213463,270.0164032768485,2,20.0,6.848219239380929,10.537010357943773,18.695395639221456,18.756413716738688,86,10
15,0,,0.0,2,0.0,0.0,0.0,0,0.0,0.0,0.0,0.0,0.0,86,10
1,39,26.0,66.66666666666667,10,3.5507570317218446,7.109143776646919,8.635666661263373,25,64.1025641025641,7.8385793668074095,12.295493260305799,20.812281922308234,21.85096524245943,87,10
2,46,27.0,58.69565217391305,10,7.052749967599462,17.506901157289235,19.106834163663876,27,58.69565217391305,5.163996448026311,9.271706729898266,16.503527813704952,21.309131848948862,87,10
3,33,14.0,42.42424242424242,10,10.193005215043083,20.010121779050703,22.729097006565574,14,42.42424242424242,6.821370550631337,11.187033224899066,17.08026305627521,21.87616111434235,87,10
4,25,12.0,48.0,10,17.09107244252873,28.015192866148663,33.33536634001008,11,44.0,6.750617711662069,11.072442528732578,19.028862557609212,23.238813947193236,87,10
5,33,19.0,57.57575757575758,10,30.011168147602177,64.01093180676158,70.01357223019136,18,54.54545454545455,6.690606108632874,11.16814760217853,22.0427788764313,23.755471825197503,87,10
6,32,16.0,50.0,10,43.13706789377917,96.75964847132137,115.35879860042795,15,46.875,7.64708376674702,12.067893779165658,20.434240888880723,23.53373056992634,87,10
7,22,10.0,45.45454545454545,10,61.37499235162616,125.01369174637507,144.7668175432029,9,40.90909090909091,6.865932582725909,11.355987989800038,17.49534496690712,23.300980572426273,87,10
8,13,2.0,15.384615384615385,10,38.47307138668256,60.016073305817976,72.00931226927631,2,15.384615384615385,7.031082196145927,11.532925144105075,18.351570436681097,21.036316436203723,87,10
9,17,5.0,29.41176470588235,10,54.71715502389302,90.01543173094933,90.02294482254976,4,23.529411764705884,6.788166120035982,11.272670951850149,22.629494903060134,24.38437534050201,87,10
10,20,8.0,40.0,10,78.0124796667109,160.00877742293136,160.01395664919804,7,35.0,8.101427919717548,12.479666710915037,22.459914426792476,24.212427780677075,87,10
11,14,2.0,14.285714285714286,10,85.72485122117989,167.5072789707279,193.5089381427087,2,14.285714285714286,6.128113282593239,10.56550689418406,15.227839216462137,17.017184355500607,87,10
12,7,1.0,14.285714285714286,10,68.58355953043525,102.00984645450926,116.40584394300144,0,0.0,7.589275084489925,12.130959006683444,20.873745850993107,21.391106295911968,87,10
13,7,1.0,14.285714285714286,10,90.01253791840269,140.01830597002157,140.02102719635317,1,14.285714285714286,7.969122873906055,12.537918402691348,20.21902785820897,21.4098079205093,87,10
14,3,0.0,0.0,10,90.00845946153864,90.01757361689587,90.01855050181346,0,0.0,5.4068792814374875,8.459461538643428,17.573616895884058,18.55050181346784,87,10
15,2,0.0,0.0,1,225.0159179138347,292.51416050990525,298.51400429622265,0,0.0,11.123943245860161,15.917913834696789,17.67531776413282,17.831531446749356,87,10
1,45,31.0,68.88888888888889,10,3.6783388225279747,7.808133822689902,9.573957412672504,30,66.66666666666667,7.161037372674646,11.672155861307674,21.34133657320666,25.128060563051655,88,10
2,37,21.0,56.75675675675676,10,6.928901802203383,16.411600551453834,19.288748185890913,21,56.75675675675676,5.68520997061786,9.982883284462906,16.133052609903842,17.348620182803682,88,10
3,31,17.0,54.83870967741935,10,13.690210228035395,32.01305242837704,34.810359460554686,16,51.61290322580645,8.325661975186634,12.79087319668623,20.584414451189225,24.56932542056877,88,10
4,36,18.0,50.0,10,19.261147603878744,43.76588832986281,53.561606933769,17,47.22222222222222,7.189975489795738,11.147603878744622,22.406279154376968,25.2067925451692,88,10
5,26,10.0,38.46153846153846,10,23.471706733306767,50.0145417656473,57.512905112026154,10,38.46153846153846,5.900938866911894,10.1682717683072,18.783911579065823,25.72812194883794,88,10
6,25,10.0,40.0,10,36.01068342922226,87.00658679509046,101.40772271487053,9,36.0,6.536861255706343,10.683429222265147,18.990387133986758,20.65817121934106,88,10
7,20,8.0,40.0,10,65.01052723033213,151.26270240890273,170.2600799355031,8,40.0,6.092386702437454,10.527230332132785,16.499142433572704,22.03729733776731,88,10
8,23,9.0,39.130434782608695,10,53.273367604404456,100.01221913741095,100.01624272509778,8,34.78260869565217,8.094227377491132,12.498039187065844,20.771042551693178,24.74297814378712,88,10
9,14,4.0,28.571428571428573,10,57.86825530695497,100.52201398938068,116.1185596916664,4,28.571428571428573,6.638618901460811,11.112449812115303,20.021125314773077,23.475423029040392,88,10
10,12,4.0,33.333333333333336,10,63.343843093478114,120.00482110546218,120.00953507524744,3,25.0,6.6983337575555,10.509760144778681,22.1236282114109,22.53050625839683,88,10
11,14,3.0,21.428571428571427,10,89.29676008248202,167.51107969756828,193.5141818740552,3,21.428571428571427,6.843086298164208,11.04579676773041,16.045345284266638,17.186622881928503,88,10
12,10,4.0,40.0,10,90.01242708414574,153.01531511423153,174.6106827088199,3,30.0,8.23902441530991,12.427084145738455,22.25231279737473,22.36438278131194,88,10
13,4,0.0,0.0,10,87.50974004576611,129.51267568086973,137.91220617853367,0,0.0,5.35764431732549,9.740045766109152,15.414444496915817,15.883946833000035,88,10
14,9,0.0,0.0,10,110.01201985754466,180.01078698283433,180.01172061239424,0,0.0,7.485575194100962,12.01985754463822,16.619072078328383,17.318073714344155,88,10
15,2,0.0,0.0,2,150.01271184498378,150.0143928920639,150.01454231847103,0,0.0,8.131462478282007,12.711844983774132,14.392892063899762,14.54231847102204,88,10
1,52,34.0,65.38461538461539,10,4.262050596561736,10.010811562240978,11.50300995630593,34,65.38461538461539,7.657863313824806,12.050596561736265,20.983396649330192,23.421836063815974,89,10
2,46,29.0,63.04347826086956,10,9.271985905362264,25.51184846882573,29.107718965744894,29,63.04347826086956,6.885740513488452,11.1163401448714,20.480205949730205,22.505324192892953,89,10
3,44,26.0,59.09090909090909,10,14.011633093275908,32.01968930368571,38.287277841690056,26,59.09090909090909,7.209429867602908,11.633093275909625,20.91118705701094,23.385043250430776,89,10
4,27,10.0,37.03703703703704,10,16.083704390412315,32.910129691184395,35.010340853503976,10,37.03703703703704,5.393503585136286,9.630316338238403,16.40162970284809,17.471342575713223,89,10
5,25,11.0,44.0,10,29.209054630489458,68.00633497018283,70.00778509596167,11,44.0,4.867232169780018,9.054630489461575,14.264729183052117,15.187057121150154,89,10
6,26,10.0,38.46153846153846,10,35.77898702108831,75.01094459885465,86.26117958078765,10,38.46153846153846,5.516367693881708,9.756251857545093,16.162450114260007,16.643584092970784,89,10
7,21,9.0,42.857142857142854,10,59.5348268818445,125.01133031627882,145.00952056704082,8,38.095238095238095,6.549862131896816,11.017358034988213,21.34203954086951,24.126884268063886,89,10
8,20,6.0,30.0,10,50.00985495816063,100.00888477060319,100.01524409059898,6,30.0,5.838253284022878,9.854958160633798,16.969271030072413,19.02659759861335,89,10
9,11,2.0,18.181818181818183,10,54.55675563037826,105.00866253582788,117.00840986138881,2,18.181818181818183,6.814687155082658,11.301084923722119,16.864979427594264,18.211212110547695,89,10
10,16,3.0,18.75,10,67.50852338428538,130.01482001009595,154.01202825504222,3,18.75,4.688726774490744,8.523384285389309,15.27074180676582,15.840741456006205,89,10
11,15,4.0,26.666666666666668,10,93.34298783061563,150.01032768064564,150.01074074804492,4,26.666666666666668,5.2777950675336776,9.654497282289068,15.373839062987658,16.68031998452134,89,10
12,5,0.0,0.0,10,72.01087675689149,108.00823994376971,117.6061674978084,0,0.0,6.41862782677715,10.876756891490421,17.687870816136904,18.419313024305705,89,10
13,4,0.0,0.0,10,70.0094589096301,70.01315592547813,70.01368274077107,0,0.0,5.0952374510882255,9.458909630089003,13.155925478136593,13.682740771067968,89,10
14,6,1.0,16.666666666666668,10,105.01359961031027,157.51385661023633,175.51181292059078,0,0.0,8.96008494059611,13.599610310249432,20.764723755249015,21.36930187676315,89,10
15,0,,0.0,2,0.0,0.0,0.0,0,0.0,0.0,0.0,0.0,0.0,89,10
1,41,24.0,58.53658536585366,10,2.84024998130063,5.018794723042864,6.608521308294239,22,53.65853658536585,6.789753419352693,10.981688617703561,20.741402625531656,25.32134213055598,90,10
2,43,25.0,58.13953488372093,10,5.872705448617109,10.01849570740069,12.010557835150117,25,58.13953488372093,7.865014078127848,12.240332338038444,20.185669134885284,24.251075692333337,90,10
3,27,11.0,40.74074074074074,10,10.234262765785555,26.811313875187402,30.96858098690981,11,40.74074074074074,7.504883111671209,12.04054356333175,20.833668968118204,24.01304139628017,90,10
4,37,23.0,62.16216216216216,10,21.20077122117559,43.408124619816746,53.4902556507303,21,56.75675675675676,7.278729450997216,11.58203198640188,21.541067083470487,24.44335245940615,90,10
5,27,11.0,40.74074074074074,10,25.56617593605615,57.0109253683257,60.01428502224007,11,40.74074074074074,6.179331213166967,10.620380500591246,16.614561400467974,17.27949291533034,90,10
6,17,6.0,35.294117647058826,10,27.36607232029766,60.01334098016067,60.018731920677055,4,23.529411764705884,8.522827661873823,13.13114382707625,24.590600578454374,25.39573056516525,90,10
7,19,6.0,31.57894736842105,10,55.274126179940964,127.51611156652741,145.5082272610889,6,31.57894736842105,6.700559596915707,10.968285204128264,16.779728713578546,17.121232902315125,90,10
8,18,6.0,33.333333333333336,10,47.233678493593146,78.76465120961208,95.76313151778083,5,27.77777777777778,7.166952885258667,11.456271370922643,15.994595829057127,20.564921514678925,90,10
9,13,3.0,23.076923076923077,10,50.77859163506225,102.01321318064403,116.41905296608209,3,23.076923076923077,5.578113058709857,9.360865831473944,17.500862891105196,19.910502531520724,90,10
10,14,4.0,28.571428571428573,10,80.01166061809919,174.0153727690855,194.8119221492769,4,28.571428571428573,7.1502682554674175,11.660618099192671,17.08618981487398,17.57347928216509,90,10
11,9,0.0,0.0,10,61.12109025444862,100.00721599084937,100.00788715214684,0,0.0,5.5808132251891,9.979143337511424,13.98427693091102,14.189333099350756,90,10
12,11,2.0,18.181818181818183,10,98.1904528989313,180.0068373282365,180.00769417569148,2,18.181818181818183,4.325952582133386,8.634717113109756,14.427576974318816,14.427576974318816,90,10
13,10,2.0,20.0,10,126.0112482290125,248.50923978727099,273.7110372671768,2,20.0,6.765352500966917,11.248229012484458,16.173151427924,16.298334467613937,90,10
14,4,0.0,0.0,10,112.51364149989725,166.51629154242102,177.31605936641782,0,0.0,8.999183846222744,13.641499897241221,17.645902439850023,17.878078443072933,90,10
15,2,0.0,0.0,2,150.01385206597752,150.0162296031231,150.01644093975824,0,0.0,9.195722028900143,13.852065977506761,16.229603123078313,16.44093975824023,90,10
1,44,26.0,59.09090909090909,10,3.3972189728282047,7.008620821183983,7.012410170567776,26,59.09090909090909,6.483487160813113,10.855336464567827,17.4928241233481,21.697715213736203,91,10
2,49,32.0,65.3061224489796,10,8.54355776313119,20.013854233061362,23.050859751076118,32,65.3061224489796,8.349568432149296,12.945518233230171,23.61175019261511,26.323420440527965,91,10
3,47,31.0,65.95744680851064,10,15.839885893959105,34.80899147373995,38.1721706671435,31,65.95744680851064,5.851240821423133,10.098659916554078,16.255675557348788,22.456359333520727,91,10
4,42,23.0,54.76190476190476,10,26.010053710077777,69.66079740552308,81.14329285553193,23,54.76190476190476,5.739305674391211,10.05371007777928,16.745238254820734,17.15363267947839,91,10
5,29,14.0,48.275862068965516,10,29.321417605772794,76.01017286351174,87.21144286730835,13,44.827586206896555,6.73033227543965,11.072778186585921,23.20423448039413,24.774784437262486,91,10
6,28,11.0,39.285714285714285,10,37.509386052380535,84.76172518120006,90.01242841914122,11,39.285714285714285,5.427253976300221,9.386052380538093,16.183147888201006,17.12545138345889,91,10
7,32,16.0,50.0,10,85.1669679077043,236.26001183420118,267.25715509272806,16,50.0,6.3870336700943255,10.717907704317883,20.02581420699447,22.780692271346354,91,10
8,26,11.0,42.30769230769231,10,56.74173937021135,100.01076448076196,100.01733024543225,11,42.30769230769231,6.505789238387392,10.970139442113197,18.18489370287037,19.306187916937855,91,10
9,9,1.0,11.11111111111111,10,36.6807369030334,60.01842960722318,60.02159984166647,1,11.11111111111111,9.399357922005155,14.070236366732749,21.23964241303701,22.161848704444395,91,10
10,23,12.0,52.17391304347826,10,106.09829151009319,236.0070273705351,271.21904793703783,11,47.82608695652174,7.008658909908698,11.33498835406864,21.707502936084385,22.241722862229633,91,10
11,9,1.0,11.11111111111111,10,55.5666089233216,80.00870481588797,96.0017409631776,0,0.0,6.998308483720435,11.053367766045522,18.28741599432175,21.067114974837857,91,10
12,8,3.0,37.5,10,135.01077708798155,279.01403595010487,295.81520145390687,3,37.5,6.325598852688962,10.777087981571642,15.417351591986156,15.47773420433771,91,10
13,11,1.0,9.090909090909092,10,108.19093973812586,175.00831474374434,203.00629132682403,1,9.090909090909092,4.7803585834718065,9.121556307649502,12.0088185112341,12.46770013365869,91,10
14,4,0.0,0.0,10,135.01409056071222,180.01672332743394,180.01718544130085,0,0.0,9.418328261006437,14.090560712213062,17.209478874208536,17.282671588894665,91,10
15,1,0.0,0.0,2,150.01598753883414,150.01598753883414,150.01598753883414,0,0.0,11.18892983270299,15.9875388341494,15.9875388341494,15.9875388341494,91,10
1,111,93.0,83.78378378378379,10,6.794362658708841,15.513978060025337,17.909469312577468,92,82.88288288288288,6.241496689664407,10.578874925057645,18.07355163533993,21.75997198157579,92,10
2,137,120.0,87.5912408759124,10,16.011236452546765,32.41750930562774,38.00886305110911,118,86.13138686131387,6.808864528247889,11.236452546763404,19.24706613185175,24.461438740431117,92,10
3,98,80.0,81.63265306122449,10,26.460504968423216,68.60812896933263,84.13729356398468,79,80.61224489795919,7.138327960009047,11.525376586477597,19.203581547505447,23.330069631203802,92,10
4,85,66.0,77.6470588235294,10,38.63500498639533,84.0151829072953,106.13500580617269,66,77.6470588235294,7.065399905841685,11.47557463061738,22.60121001706386,24.67117640154156,92,10
5,64,45.0,70.3125,10,42.5111504099803,98.51319694775785,113.71472288752041,45,70.3125,6.907395183317968,11.150409980302594,21.456441749968647,24.06375982252454,92,10
6,67,51.0,76.11940298507463,10,69.86197822722175,175.51286519909743,215.114409036432,49,73.13432835820896,6.80589017286025,11.23195856503664,20.09963391077652,22.10306034149404,92,10
7,64,46.0,71.875,10,109.38566537638161,225.01084625262715,250.0109393579241,46,71.875,6.396338234799289,10.66537638160904,17.35572557838147,22.625921461394096,92,10
8,49,31.0,63.265306122448976,10,90.82797081984616,200.0101322356071,213.01053368002584,31,63.265306122448976,7.2874158008552445,11.64428923390298,20.094614409552285,20.621466107974175,92,10
9,39,23.0,58.97435897435897,10,90.01180157211522,183.01546204344993,228.6143489843218,22,56.41025641025641,7.281831924770223,11.8015721152167,21.632082915494028,23.707219586415498,92,10
10,31,16.0,51.61290322580645,10,105.81736724759259,220.01517149437052,240.01206812882947,15,48.38709677419355,6.575351726480113,10.915634689348986,19.70308555879248,24.101343565706426,92,10
11,32,12.0,37.5,10,120.32341285896081,272.51202766989877,334.50953643279837,12,37.5,6.568997287478381,10.91285896081948,18.6640177667278,19.2327683161005,92,10
12,20,5.0,25.0,10,117.00885510485739,243.00834313035827,288.609524026834,5,25.0,4.7183341241945165,8.855104857388328,14.871221173023198,17.3959574148682,92,10
13,12,1.0,8.333333333333334,10,93.34267958950915,140.0159741308759,140.0224248212817,1,8.333333333333334,5.301215651976364,9.346256175801644,16.78108043953917,22.58621119444841,92,10
14,13,2.0,15.384615384615385,10,145.39444610595064,270.00790921409487,270.0092522051284,2,15.384615384615385,5.729472953964207,9.830721335238056,16.263965645127737,16.263965645127737,92,10
15,4,0.0,0.0,3,187.5109424684687,277.51599862978276,295.51639474509017,0,0.0,6.479961703317814,10.942468468725552,15.998629782831392,16.394745090190845,92,10
1,46,27.0,58.69565217391305,10,3.532672825812739,7.014520366569693,8.003911720162279,27,58.69565217391305,6.634100043889072,10.933695377955615,18.252655487282812,23.297201760529944,93,10
2,43,24.0,55.81395348837209,10,6.24278229746769,13.808895410700291,15.17127372182784,24,55.81395348837209,5.983157071218695,10.224157932805808,16.68891846382619,24.197672610169587,93,10
3,31,12.0,38.70967741935484,10,9.042672650184846,16.013540960917645,18.815143953319925,12,38.70967741935484,6.228118694701644,10.414585668718159,16.51619288374461,18.055391145678747,93,10
4,29,12.0,41.37931034482759,10,16.426374835963745,32.210252481138475,35.013603566314956,12,41.37931034482759,8.01001809354645,12.581732515470701,21.223154422479816,25.68112381426043,93,10
5,31,16.0,51.61290322580645,10,26.139370589318073,50.011612773879946,57.01452964112787,15,48.38709677419355,5.916072067312051,10.338331253561654,16.336578342384094,20.57565369682259,93,10
6,26,11.0,42.30769230769231,10,32.32113970247454,60.013734717208045,71.26321008543704,10,38.46153846153846,8.818010000442284,13.447394782230344,24.38098260189904,25.202699007008473,93,10
7,24,9.0,37.5,10,54.17776502256974,121.25738121354925,125.00841454331783,8,33.333333333333336,6.936590617559236,11.098355903071498,21.306774433255207,21.762039719966882,93,10
8,18,6.0,33.333333333333336,10,52.78775573084049,103.7650525028482,120.76224911312814,6,33.333333333333336,5.7871200396828675,9.97795306271149,15.670897639430303,15.670897639430303,93,10
9,5,0.0,0.0,10,30.011848627508687,30.014930663699662,30.015196837116576,0,0.0,7.3257524912079415,11.848627508687052,14.930663699661677,15.19683711657671,93,10
10,16,5.0,31.25,10,80.00966914965583,130.01095226073954,154.00952184883886,5,31.25,5.758161335831108,9.669149655834229,15.748983571651802,15.936389808983401,93,10
11,15,4.0,26.666666666666668,10,90.01066611110485,165.01263892052427,193.00964974721091,3,20.0,6.222015247739893,10.666111104830588,19.126618734512103,19.872689796297298,93,10
12,11,4.0,36.36363636363637,10,76.3762208653513,150.00912646034095,174.00967778498875,1,9.090909090909092,8.012602809134222,12.584501714933646,23.71928805415952,23.970216313858714,93,10
13,3,1.0,33.333333333333336,10,93.34497357006659,133.0203148079354,138.62142896393593,1,33.333333333333336,7.131244694705487,11.640236733252657,20.31480793540275,21.428963935948058,93,10
14,3,1.0,33.333333333333336,10,120.01827410130068,171.0226778424136,178.22327303733377,1,33.333333333333336,13.323161667095398,18.274101300657993,22.67784241360748,23.273037333774276,93,10
15,2,0.0,0.0,3,150.00760956765652,150.00791032282217,150.00793705661465,0,0.0,3.3690985108794633,7.6095676565241135,7.910322822155654,7.9370566146562345,93,10
1,36,18.0,50.0,10,3.0391659156833537,7.00684596642112,7.66312513805845,18,50.0,6.895940673353802,11.388137905575638,18.03420256613584,20.292975580269506,94,10
2,38,21.0,55.26315789473684,10,5.7474514660371865,12.308115955744075,14.010151997725359,20,52.63157894736842,6.46379722098066,10.609360774027552,20.205767363706627,24.884854838849147,94,10
3,30,16.0,53.333333333333336,10,11.210265522543287,22.210434332776632,24.017952455551313,15,50.0,5.848113868238878,10.265522543285588,20.063403479166617,21.81307114764582,94,10
4,32,18.0,56.25,10,24.073437375386952,66.15736700637099,74.83897418298459,17,53.125,6.591880431007988,10.937375386948712,19.82510552170488,23.143209714203696,94,10
5,28,13.0,46.42857142857143,10,25.724884529833123,56.50891722254765,60.0145626261528,12,42.857142857142854,6.292542925616269,10.598815547403566,20.90060635699906,23.565874100784256,94,10
6,17,6.0,35.294117647058826,10,31.77632837804945,63.01019147127129,72.61279831095555,6,35.294117647058826,7.114685564592603,11.622495696508665,22.296113572697152,24.17966760985801,94,10
7,12,1.0,8.333333333333334,10,35.427591368828644,61.26596764416419,72.27060316060883,1,8.333333333333334,6.463378986686069,10.924702161976741,18.254166726151688,21.060465121203848,94,10
8,12,2.0,16.666666666666668,10,41.676441302013906,75.01187053944912,75.01436325649091,2,16.666666666666668,5.389929542970006,9.774635347237073,15.772073572554854,16.54025277551419,94,10
9,9,1.0,11.11111111111111,10,43.343054694915104,78.01119979356974,87.60767111102066,1,11.11111111111111,5.340204872042761,9.72136158176815,16.805347925653585,17.613928264586463,94,10
10,11,3.0,27.272727272727273,10,58.19307082584283,100.00981159022263,116.0088685946625,1,9.090909090909092,6.769473385327791,11.252644024647877,23.174871188020504,24.348765789569402,94,10
11,17,7.0,41.1764705882353,10,120.59736219823981,260.0097998533584,292.01100156921524,7,41.1764705882353,5.004968966877842,9.1269041221525,13.853160352946265,14.73656661216396,94,10
12,9,3.0,33.333333333333336,10,126.67474635277274,276.0089501823158,295.2082728229037,3,33.333333333333336,4.222733288633626,8.079686106075089,12.895697682262783,13.877990187618716,94,10
13,5,0.0,0.0,10,84.01156448337325,126.01236635608886,137.2116591406347,0,0.0,7.060538018267506,11.56448337325244,15.777177365467791,15.87738216087189,94,10
14,4,0.0,0.0,10,112.51300812142438,166.51038237996985,177.30932420115136,0,0.0,8.408001003051936,13.008121424361756,17.218191659962393,17.745888945980507,94,10
15,1,0.0,0.0,3,150.00898306749656,150.00898306749656,150.00898306749656,0,0.0,4.651095887317423,8.983067496554403,8.983067496554403,8.983067496554403,94,10
1,20,6.0,30.0,10,2.110893371144896,4.062379026138939,4.818239353951615,6,30.0,6.434135239778745,10.893371144895646,16.313962663737897,18.28012712164197,95,10
2,24,8.0,33.333333333333336,10,4.3446877491508715,8.023239866957697,9.554053710909654,8,33.333333333333336,6.86446514847066,11.35441581753831,17.742595064728462,22.76767329931968,95,10
3,27,13.0,48.148148148148145,10,11.420104367195282,24.00749949738563,26.97762934119606,12,44.44444444444444,8.255847461940837,12.696959787873409,19.75991921748965,21.750410912809066,95,10
4,24,14.0,58.333333333333336,10,18.387900505077663,35.01869542069389,40.4038830946718,12,50.0,8.307554049869202,12.900505077664269,23.58425678142522,24.55468342682332,95,10
5,13,2.0,15.384615384615385,10,16.16390069466772,30.01142230767306,30.012272795648226,2,15.384615384615385,5.651187734114256,10.054540821568278,14.920516114605483,17.782147862577904,95,10
6,24,13.0,54.166666666666664,10,38.13638226208785,75.00846638443558,86.55763287017795,12,50.0,7.046019647147009,11.382262087849417,21.455032052155637,23.88029006634921,95,10
7,20,6.0,30.0,10,47.50961661253383,101.25908023034964,120.26304057389012,6,30.0,5.4291102123205155,9.616612533832205,18.496655420645187,22.43679993518181,95,10
8,8,1.0,12.5,10,37.510993248842226,66.26256226384916,73.26456163216614,1,12.5,6.527359091878644,10.99324884222915,15.06147424539539,15.06147424539539,95,10
9,10,2.0,20.0,10,39.01406537404249,60.01815294525154,60.02021746663395,1,10.0,9.394819525458919,14.065374042484029,21.28786792562782,21.650663453970342,95,10
10,13,3.0,23.076923076923077,10,76.93337853675763,176.00973754630937,195.21057780821212,3,23.076923076923077,5.881800616594268,10.301613680699477,15.04822227193862,15.521696798297926,95,10
11,5,0.0,0.0,10,60.011855653456884,90.01480518424445,98.01496008913828,0,0.0,7.332310371221254,11.855653456879123,14.805184244460989,14.960089138294606,95,10
12,10,2.0,20.0,10,84.01210891140691,153.01281908296326,174.61452975113423,1,10.0,7.5686962942910965,12.108911406925756,21.238434316789032,24.187905637866507,95,10
13,2,0.0,0.0,10,70.01169815948259,70.01472514276912,70.01499420795014,0,0.0,7.185308634526929,11.698159482597497,14.7251427691156,14.994207950139431,95,10
14,4,0.0,0.0,10,112.51090963083759,166.50971822797283,177.30907982297546,0,0.0,6.449311712884696,10.90963083759577,13.822588839219641,14.156728464473638,95,10
15,3,1.0,33.333333333333336,10,150.01730836298478,150.0232965706313,150.02413051209234,0,0.0,12.421760770482772,17.308362984764866,23.296570631280975,24.130512092341977,95,10
